2025-10-31 14:35:57,589:WARNING:
'cuml' is a soft dependency and not included in the pycaret installation. Please run: `pip install cuml` to install.
2025-10-31 14:35:57,589:WARNING:
'cuml' is a soft dependency and not included in the pycaret installation. Please run: `pip install cuml` to install.
2025-10-31 14:35:57,589:WARNING:
'cuml' is a soft dependency and not included in the pycaret installation. Please run: `pip install cuml` to install.
2025-10-31 14:35:57,590:WARNING:
'cuml' is a soft dependency and not included in the pycaret installation. Please run: `pip install cuml` to install.
2025-11-03 08:45:12,491:WARNING:
'cuml' is a soft dependency and not included in the pycaret installation. Please run: `pip install cuml` to install.
2025-11-03 08:45:12,492:WARNING:
'cuml' is a soft dependency and not included in the pycaret installation. Please run: `pip install cuml` to install.
2025-11-03 08:45:12,492:WARNING:
'cuml' is a soft dependency and not included in the pycaret installation. Please run: `pip install cuml` to install.
2025-11-03 08:45:12,492:WARNING:
'cuml' is a soft dependency and not included in the pycaret installation. Please run: `pip install cuml` to install.
2025-11-04 08:50:32,865:WARNING:
'cuml' is a soft dependency and not included in the pycaret installation. Please run: `pip install cuml` to install.
2025-11-04 08:50:32,866:WARNING:
'cuml' is a soft dependency and not included in the pycaret installation. Please run: `pip install cuml` to install.
2025-11-04 08:50:32,866:WARNING:
'cuml' is a soft dependency and not included in the pycaret installation. Please run: `pip install cuml` to install.
2025-11-04 08:50:32,866:WARNING:
'cuml' is a soft dependency and not included in the pycaret installation. Please run: `pip install cuml` to install.
2025-11-04 08:51:39,942:INFO:PyCaret RegressionExperiment
2025-11-04 08:51:39,942:INFO:Logging name: reg-default-name
2025-11-04 08:51:39,942:INFO:ML Usecase: MLUsecase.REGRESSION
2025-11-04 08:51:39,942:INFO:version 3.3.2
2025-11-04 08:51:39,942:INFO:Initializing setup()
2025-11-04 08:51:39,942:INFO:self.USI: 3f13
2025-11-04 08:51:39,943:INFO:self._variable_keys: {'X_test', 'data', 'X_train', 'transform_target_param', 'y', 'target_param', 'fold_generator', 'logging_param', 'fold_shuffle_param', 'exp_name_log', 'idx', 'exp_id', 'y_test', 'log_plots_param', '_ml_usecase', 'n_jobs_param', 'fold_groups_param', 'X', 'html_param', 'gpu_param', 'pipeline', 'USI', 'gpu_n_jobs_param', '_available_plots', 'y_train', 'seed', 'memory'}
2025-11-04 08:51:39,943:INFO:Checking environment
2025-11-04 08:51:39,943:INFO:python_version: 3.11.7
2025-11-04 08:51:39,943:INFO:python_build: ('tags/v3.11.7:fa7a6f2', 'Dec  4 2023 19:24:49')
2025-11-04 08:51:39,943:INFO:machine: AMD64
2025-11-04 08:51:39,943:INFO:platform: Windows-10-10.0.22631-SP0
2025-11-04 08:51:39,947:INFO:Memory: svmem(total=16841400320, available=6112628736, percent=63.7, used=10728771584, free=6112628736)
2025-11-04 08:51:39,948:INFO:Physical Core: 8
2025-11-04 08:51:39,948:INFO:Logical Core: 16
2025-11-04 08:51:39,948:INFO:Checking libraries
2025-11-04 08:51:39,948:INFO:System:
2025-11-04 08:51:39,948:INFO:    python: 3.11.7 (tags/v3.11.7:fa7a6f2, Dec  4 2023, 19:24:49) [MSC v.1937 64 bit (AMD64)]
2025-11-04 08:51:39,948:INFO:executable: c:\Users\Asus\Desktop\train\venv\Scripts\python.exe
2025-11-04 08:51:39,948:INFO:   machine: Windows-10-10.0.22631-SP0
2025-11-04 08:51:39,948:INFO:PyCaret required dependencies:
2025-11-04 08:51:42,510:INFO:                 pip: 23.2.1
2025-11-04 08:51:42,510:INFO:          setuptools: 80.9.0
2025-11-04 08:51:42,510:INFO:             pycaret: 3.3.2
2025-11-04 08:51:42,510:INFO:             IPython: 9.4.0
2025-11-04 08:51:42,510:INFO:          ipywidgets: 8.1.7
2025-11-04 08:51:42,510:INFO:                tqdm: 4.67.1
2025-11-04 08:51:42,510:INFO:               numpy: 1.26.4
2025-11-04 08:51:42,510:INFO:              pandas: 2.1.4
2025-11-04 08:51:42,510:INFO:              jinja2: 3.1.6
2025-11-04 08:51:42,510:INFO:               scipy: 1.11.4
2025-11-04 08:51:42,511:INFO:              joblib: 1.3.2
2025-11-04 08:51:42,511:INFO:             sklearn: 1.4.2
2025-11-04 08:51:42,511:INFO:                pyod: 2.0.5
2025-11-04 08:51:42,511:INFO:            imblearn: 0.14.0
2025-11-04 08:51:42,511:INFO:   category_encoders: 2.7.0
2025-11-04 08:51:42,511:INFO:            lightgbm: 4.6.0
2025-11-04 08:51:42,511:INFO:               numba: 0.61.0
2025-11-04 08:51:42,511:INFO:            requests: 2.32.5
2025-11-04 08:51:42,511:INFO:          matplotlib: 3.7.5
2025-11-04 08:51:42,511:INFO:          scikitplot: 0.3.7
2025-11-04 08:51:42,511:INFO:         yellowbrick: 1.5
2025-11-04 08:51:42,511:INFO:              plotly: 5.24.1
2025-11-04 08:51:42,511:INFO:    plotly-resampler: Not installed
2025-11-04 08:51:42,511:INFO:             kaleido: 1.1.0
2025-11-04 08:51:42,511:INFO:           schemdraw: 0.15
2025-11-04 08:51:42,511:INFO:         statsmodels: 0.14.5
2025-11-04 08:51:42,511:INFO:              sktime: 0.26.0
2025-11-04 08:51:42,511:INFO:               tbats: 1.1.3
2025-11-04 08:51:42,511:INFO:            pmdarima: 2.0.4
2025-11-04 08:51:42,511:INFO:              psutil: 7.0.0
2025-11-04 08:51:42,511:INFO:          markupsafe: 2.1.5
2025-11-04 08:51:42,511:INFO:             pickle5: Not installed
2025-11-04 08:51:42,511:INFO:         cloudpickle: 3.1.1
2025-11-04 08:51:42,511:INFO:         deprecation: 2.1.0
2025-11-04 08:51:42,511:INFO:              xxhash: 3.5.0
2025-11-04 08:51:42,511:INFO:           wurlitzer: Not installed
2025-11-04 08:51:42,512:INFO:PyCaret optional dependencies:
2025-11-04 08:51:58,864:INFO:                shap: 0.44.1
2025-11-04 08:51:58,864:INFO:           interpret: 0.7.2
2025-11-04 08:51:58,864:INFO:                umap: 0.5.7
2025-11-04 08:51:58,864:INFO:     ydata_profiling: 4.17.0
2025-11-04 08:51:58,864:INFO:  explainerdashboard: 0.5.1
2025-11-04 08:51:58,864:INFO:             autoviz: Not installed
2025-11-04 08:51:58,864:INFO:           fairlearn: 0.7.0
2025-11-04 08:51:58,865:INFO:          deepchecks: Not installed
2025-11-04 08:51:58,865:INFO:             xgboost: 3.0.5
2025-11-04 08:51:58,865:INFO:            catboost: 1.2.8
2025-11-04 08:51:58,865:INFO:              kmodes: 0.12.2
2025-11-04 08:51:58,865:INFO:             mlxtend: 0.23.4
2025-11-04 08:51:58,865:INFO:       statsforecast: 1.5.0
2025-11-04 08:51:58,865:INFO:        tune_sklearn: Not installed
2025-11-04 08:51:58,865:INFO:                 ray: Not installed
2025-11-04 08:51:58,865:INFO:            hyperopt: 0.2.7
2025-11-04 08:51:58,865:INFO:              optuna: 4.5.0
2025-11-04 08:51:58,865:INFO:               skopt: 0.10.2
2025-11-04 08:51:58,865:INFO:              mlflow: 3.4.0
2025-11-04 08:51:58,865:INFO:              gradio: 5.48.0
2025-11-04 08:51:58,865:INFO:             fastapi: 0.118.0
2025-11-04 08:51:58,865:INFO:             uvicorn: 0.37.0
2025-11-04 08:51:58,865:INFO:              m2cgen: 0.10.0
2025-11-04 08:51:58,865:INFO:           evidently: 0.4.40
2025-11-04 08:51:58,865:INFO:               fugue: 0.8.7
2025-11-04 08:51:58,865:INFO:           streamlit: 1.50.0
2025-11-04 08:51:58,865:INFO:             prophet: Not installed
2025-11-04 08:51:58,865:INFO:None
2025-11-04 08:51:58,865:INFO:Set up data.
2025-11-04 08:51:58,898:INFO:Set up folding strategy.
2025-11-04 08:51:58,898:INFO:Set up train/test split.
2025-11-04 08:51:58,908:INFO:Set up index.
2025-11-04 08:51:58,910:INFO:Assigning column types.
2025-11-04 08:51:58,915:INFO:Engine successfully changes for model 'lr' to 'sklearn'.
2025-11-04 08:51:58,916:INFO:Engine for model 'lasso' has not been set explicitly, hence returning None.
2025-11-04 08:51:58,920:INFO:Engine for model 'ridge' has not been set explicitly, hence returning None.
2025-11-04 08:51:58,927:INFO:Engine for model 'en' has not been set explicitly, hence returning None.
2025-11-04 08:51:59,004:INFO:Engine for model 'svm' has not been set explicitly, hence returning None.
2025-11-04 08:51:59,048:INFO:Engine for model 'knn' has not been set explicitly, hence returning None.
2025-11-04 08:51:59,049:INFO:Soft dependency imported: xgboost: 3.0.5
2025-11-04 08:51:59,053:INFO:Soft dependency imported: catboost: 1.2.8
2025-11-04 08:52:04,623:INFO:Engine for model 'lasso' has not been set explicitly, hence returning None.
2025-11-04 08:52:04,628:INFO:Engine for model 'ridge' has not been set explicitly, hence returning None.
2025-11-04 08:52:04,636:INFO:Engine for model 'en' has not been set explicitly, hence returning None.
2025-11-04 08:52:04,717:INFO:Engine for model 'svm' has not been set explicitly, hence returning None.
2025-11-04 08:52:04,759:INFO:Engine for model 'knn' has not been set explicitly, hence returning None.
2025-11-04 08:52:04,760:INFO:Soft dependency imported: xgboost: 3.0.5
2025-11-04 08:52:04,762:INFO:Soft dependency imported: catboost: 1.2.8
2025-11-04 08:52:04,763:INFO:Engine successfully changes for model 'lasso' to 'sklearn'.
2025-11-04 08:52:04,767:INFO:Engine for model 'ridge' has not been set explicitly, hence returning None.
2025-11-04 08:52:04,771:INFO:Engine for model 'en' has not been set explicitly, hence returning None.
2025-11-04 08:52:04,849:INFO:Engine for model 'svm' has not been set explicitly, hence returning None.
2025-11-04 08:52:04,893:INFO:Engine for model 'knn' has not been set explicitly, hence returning None.
2025-11-04 08:52:04,894:INFO:Soft dependency imported: xgboost: 3.0.5
2025-11-04 08:52:04,896:INFO:Soft dependency imported: catboost: 1.2.8
2025-11-04 08:52:04,901:INFO:Engine for model 'ridge' has not been set explicitly, hence returning None.
2025-11-04 08:52:04,905:INFO:Engine for model 'en' has not been set explicitly, hence returning None.
2025-11-04 08:52:05,009:INFO:Engine for model 'svm' has not been set explicitly, hence returning None.
2025-11-04 08:52:05,062:INFO:Engine for model 'knn' has not been set explicitly, hence returning None.
2025-11-04 08:52:05,062:INFO:Soft dependency imported: xgboost: 3.0.5
2025-11-04 08:52:05,065:INFO:Soft dependency imported: catboost: 1.2.8
2025-11-04 08:52:05,065:INFO:Engine successfully changes for model 'ridge' to 'sklearn'.
2025-11-04 08:52:05,077:INFO:Engine for model 'en' has not been set explicitly, hence returning None.
2025-11-04 08:52:05,137:INFO:Engine for model 'svm' has not been set explicitly, hence returning None.
2025-11-04 08:52:05,178:INFO:Engine for model 'knn' has not been set explicitly, hence returning None.
2025-11-04 08:52:05,178:INFO:Soft dependency imported: xgboost: 3.0.5
2025-11-04 08:52:05,181:INFO:Soft dependency imported: catboost: 1.2.8
2025-11-04 08:52:05,190:INFO:Engine for model 'en' has not been set explicitly, hence returning None.
2025-11-04 08:52:05,263:INFO:Engine for model 'svm' has not been set explicitly, hence returning None.
2025-11-04 08:52:05,309:INFO:Engine for model 'knn' has not been set explicitly, hence returning None.
2025-11-04 08:52:05,309:INFO:Soft dependency imported: xgboost: 3.0.5
2025-11-04 08:52:05,313:INFO:Soft dependency imported: catboost: 1.2.8
2025-11-04 08:52:05,313:INFO:Engine successfully changes for model 'en' to 'sklearn'.
2025-11-04 08:52:05,400:INFO:Engine for model 'svm' has not been set explicitly, hence returning None.
2025-11-04 08:52:05,443:INFO:Engine for model 'knn' has not been set explicitly, hence returning None.
2025-11-04 08:52:05,444:INFO:Soft dependency imported: xgboost: 3.0.5
2025-11-04 08:52:05,446:INFO:Soft dependency imported: catboost: 1.2.8
2025-11-04 08:52:05,530:INFO:Engine for model 'svm' has not been set explicitly, hence returning None.
2025-11-04 08:52:05,607:INFO:Engine for model 'knn' has not been set explicitly, hence returning None.
2025-11-04 08:52:05,608:INFO:Soft dependency imported: xgboost: 3.0.5
2025-11-04 08:52:05,612:INFO:Soft dependency imported: catboost: 1.2.8
2025-11-04 08:52:05,612:INFO:Engine successfully changes for model 'knn' to 'sklearn'.
2025-11-04 08:52:05,699:INFO:Engine for model 'svm' has not been set explicitly, hence returning None.
2025-11-04 08:52:05,774:INFO:Soft dependency imported: xgboost: 3.0.5
2025-11-04 08:52:05,780:INFO:Soft dependency imported: catboost: 1.2.8
2025-11-04 08:52:05,897:INFO:Engine for model 'svm' has not been set explicitly, hence returning None.
2025-11-04 08:52:05,942:INFO:Soft dependency imported: xgboost: 3.0.5
2025-11-04 08:52:05,944:INFO:Soft dependency imported: catboost: 1.2.8
2025-11-04 08:52:05,945:INFO:Engine successfully changes for model 'svm' to 'sklearn'.
2025-11-04 08:52:06,086:INFO:Soft dependency imported: xgboost: 3.0.5
2025-11-04 08:52:06,089:INFO:Soft dependency imported: catboost: 1.2.8
2025-11-04 08:52:06,211:INFO:Soft dependency imported: xgboost: 3.0.5
2025-11-04 08:52:06,213:INFO:Soft dependency imported: catboost: 1.2.8
2025-11-04 08:52:06,215:INFO:Preparing preprocessing pipeline...
2025-11-04 08:52:06,216:INFO:Set up simple imputation.
2025-11-04 08:52:06,223:INFO:Set up encoding of categorical features.
2025-11-04 08:52:06,223:INFO:Set up removing outliers.
2025-11-04 08:52:06,596:INFO:Finished creating preprocessing pipeline.
2025-11-04 08:52:06,615:INFO:Pipeline: Pipeline(memory=FastMemory(location=C:\TEMP\joblib),
         steps=[('numerical_imputer',
                 TransformerWrapper(include=['YearsCodePro'],
                                    transformer=SimpleImputer())),
                ('categorical_imputer',
                 TransformerWrapper(include=['Country', 'EdLevel'],
                                    transformer=SimpleImputer(strategy='most_frequent'))),
                ('onehot_encoding',
                 TransformerWrapper(include=['EdLevel'],
                                    transformer=OneHotEncoder(cols=['EdLevel'],
                                                              handle_missing='return_nan',
                                                              use_cat_names=True))),
                ('rest_encoding',
                 TransformerWrapper(include=['Country'],
                                    transformer=TargetEncoder(cols=['Country'],
                                                              handle_missing='return_nan'))),
                ('remove_outliers',
                 TransformerWrapper(transformer=RemoveOutliers(random_state=23)))])
2025-11-04 08:52:06,615:INFO:Creating final display dataframe.
2025-11-04 08:52:09,628:INFO:Setup _display_container:                     Description             Value
0                    Session id                23
1                        Target            Salary
2                   Target type        Regression
3           Original data shape        (71571, 4)
4        Transformed data shape        (69070, 7)
5   Transformed train set shape        (47598, 7)
6    Transformed test set shape        (21472, 7)
7              Numeric features                 1
8          Categorical features                 2
9                    Preprocess              True
10              Imputation type            simple
11           Numeric imputation              mean
12       Categorical imputation              mode
13     Maximum one-hot encoding                25
14              Encoding method              None
15              Remove outliers              True
16           Outliers threshold              0.05
17               Fold Generator             KFold
18                  Fold Number                10
19                     CPU Jobs                -1
20                      Use GPU             False
21               Log Experiment             False
22              Experiment Name  reg-default-name
23                          USI              3f13
2025-11-04 08:52:09,767:INFO:Soft dependency imported: xgboost: 3.0.5
2025-11-04 08:52:09,770:INFO:Soft dependency imported: catboost: 1.2.8
2025-11-04 08:52:09,936:INFO:Soft dependency imported: xgboost: 3.0.5
2025-11-04 08:52:09,941:INFO:Soft dependency imported: catboost: 1.2.8
2025-11-04 08:52:09,942:INFO:setup() successfully completed in 30.02s...............
2025-11-04 08:52:40,613:INFO:gpu_param set to False
2025-11-04 08:52:40,767:INFO:Soft dependency imported: xgboost: 3.0.5
2025-11-04 08:52:40,770:INFO:Soft dependency imported: catboost: 1.2.8
2025-11-04 08:52:40,880:INFO:Soft dependency imported: xgboost: 3.0.5
2025-11-04 08:52:40,883:INFO:Soft dependency imported: catboost: 1.2.8
2025-11-04 08:52:46,621:INFO:Initializing compare_models()
2025-11-04 08:52:46,621:INFO:compare_models(self=<pycaret.regression.oop.RegressionExperiment object at 0x00000259B75B8F10>, include=None, exclude=None, fold=None, round=4, cross_validation=True, sort=R2, n_select=1, budget_time=None, turbo=True, errors=ignore, fit_kwargs=None, groups=None, experiment_custom_tags=None, probability_threshold=None, verbose=True, parallel=None, caller_params={'self': <pycaret.regression.oop.RegressionExperiment object at 0x00000259B75B8F10>, 'include': None, 'exclude': None, 'fold': None, 'round': 4, 'cross_validation': True, 'sort': 'R2', 'n_select': 1, 'budget_time': None, 'turbo': True, 'errors': 'ignore', 'fit_kwargs': None, 'groups': None, 'experiment_custom_tags': None, 'engine': None, 'verbose': True, 'parallel': None, '__class__': <class 'pycaret.regression.oop.RegressionExperiment'>})
2025-11-04 08:52:46,621:INFO:Checking exceptions
2025-11-04 08:52:46,628:INFO:Preparing display monitor
2025-11-04 08:52:46,656:INFO:Initializing Linear Regression
2025-11-04 08:52:46,657:INFO:Total runtime is 1.6585985819498697e-05 minutes
2025-11-04 08:52:46,660:INFO:SubProcess create_model() called ==================================
2025-11-04 08:52:46,660:INFO:Initializing create_model()
2025-11-04 08:52:46,662:INFO:create_model(self=<pycaret.regression.oop.RegressionExperiment object at 0x00000259B75B8F10>, estimator=lr, fold=KFold(n_splits=10, random_state=None, shuffle=False), round=4, cross_validation=True, predict=True, fit_kwargs={}, groups=None, refit=False, probability_threshold=None, experiment_custom_tags=None, verbose=False, system=False, add_to_model_list=True, metrics=None, display=<pycaret.internal.display.display.CommonDisplay object at 0x00000259B747D910>, model_only=True, return_train_score=False, error_score=0.0, kwargs={})
2025-11-04 08:52:46,662:INFO:Checking exceptions
2025-11-04 08:52:46,662:INFO:Importing libraries
2025-11-04 08:52:46,662:INFO:Copying training dataset
2025-11-04 08:52:46,678:INFO:Defining folds
2025-11-04 08:52:46,678:INFO:Declaring metric variables
2025-11-04 08:52:46,681:INFO:Importing untrained model
2025-11-04 08:52:46,685:INFO:Linear Regression Imported successfully
2025-11-04 08:52:46,695:INFO:Starting cross validation
2025-11-04 08:52:46,716:INFO:Cross validating with KFold(n_splits=10, random_state=None, shuffle=False), n_jobs=-1
2025-11-04 08:52:52,722:INFO:Calculating mean and std
2025-11-04 08:52:52,729:INFO:Creating metrics dataframe
2025-11-04 08:52:52,733:INFO:Uploading results into container
2025-11-04 08:52:52,737:INFO:Uploading model into container now
2025-11-04 08:52:52,739:INFO:_master_model_container: 1
2025-11-04 08:52:52,739:INFO:_display_container: 2
2025-11-04 08:52:52,740:INFO:LinearRegression(n_jobs=-1)
2025-11-04 08:52:52,740:INFO:create_model() successfully completed......................................
2025-11-04 08:52:53,131:INFO:SubProcess create_model() end ==================================
2025-11-04 08:52:53,131:INFO:Creating metrics dataframe
2025-11-04 08:52:53,137:INFO:Initializing Lasso Regression
2025-11-04 08:52:53,138:INFO:Total runtime is 0.10801374514897664 minutes
2025-11-04 08:52:53,142:INFO:SubProcess create_model() called ==================================
2025-11-04 08:52:53,142:INFO:Initializing create_model()
2025-11-04 08:52:53,142:INFO:create_model(self=<pycaret.regression.oop.RegressionExperiment object at 0x00000259B75B8F10>, estimator=lasso, fold=KFold(n_splits=10, random_state=None, shuffle=False), round=4, cross_validation=True, predict=True, fit_kwargs={}, groups=None, refit=False, probability_threshold=None, experiment_custom_tags=None, verbose=False, system=False, add_to_model_list=True, metrics=None, display=<pycaret.internal.display.display.CommonDisplay object at 0x00000259B747D910>, model_only=True, return_train_score=False, error_score=0.0, kwargs={})
2025-11-04 08:52:53,142:INFO:Checking exceptions
2025-11-04 08:52:53,142:INFO:Importing libraries
2025-11-04 08:52:53,143:INFO:Copying training dataset
2025-11-04 08:52:53,153:INFO:Defining folds
2025-11-04 08:52:53,153:INFO:Declaring metric variables
2025-11-04 08:52:53,159:INFO:Importing untrained model
2025-11-04 08:52:53,162:INFO:Lasso Regression Imported successfully
2025-11-04 08:52:53,169:INFO:Starting cross validation
2025-11-04 08:52:53,179:INFO:Cross validating with KFold(n_splits=10, random_state=None, shuffle=False), n_jobs=-1
2025-11-04 08:52:58,223:INFO:Calculating mean and std
2025-11-04 08:52:58,226:INFO:Creating metrics dataframe
2025-11-04 08:52:58,230:INFO:Uploading results into container
2025-11-04 08:52:58,231:INFO:Uploading model into container now
2025-11-04 08:52:58,232:INFO:_master_model_container: 2
2025-11-04 08:52:58,232:INFO:_display_container: 2
2025-11-04 08:52:58,232:INFO:Lasso(random_state=23)
2025-11-04 08:52:58,232:INFO:create_model() successfully completed......................................
2025-11-04 08:52:58,544:INFO:SubProcess create_model() end ==================================
2025-11-04 08:52:58,544:INFO:Creating metrics dataframe
2025-11-04 08:52:58,564:INFO:Initializing Ridge Regression
2025-11-04 08:52:58,565:INFO:Total runtime is 0.19847898483276366 minutes
2025-11-04 08:52:58,575:INFO:SubProcess create_model() called ==================================
2025-11-04 08:52:58,575:INFO:Initializing create_model()
2025-11-04 08:52:58,576:INFO:create_model(self=<pycaret.regression.oop.RegressionExperiment object at 0x00000259B75B8F10>, estimator=ridge, fold=KFold(n_splits=10, random_state=None, shuffle=False), round=4, cross_validation=True, predict=True, fit_kwargs={}, groups=None, refit=False, probability_threshold=None, experiment_custom_tags=None, verbose=False, system=False, add_to_model_list=True, metrics=None, display=<pycaret.internal.display.display.CommonDisplay object at 0x00000259B747D910>, model_only=True, return_train_score=False, error_score=0.0, kwargs={})
2025-11-04 08:52:58,576:INFO:Checking exceptions
2025-11-04 08:52:58,576:INFO:Importing libraries
2025-11-04 08:52:58,576:INFO:Copying training dataset
2025-11-04 08:52:58,601:INFO:Defining folds
2025-11-04 08:52:58,602:INFO:Declaring metric variables
2025-11-04 08:52:58,608:INFO:Importing untrained model
2025-11-04 08:52:58,612:INFO:Ridge Regression Imported successfully
2025-11-04 08:52:58,621:INFO:Starting cross validation
2025-11-04 08:52:58,633:INFO:Cross validating with KFold(n_splits=10, random_state=None, shuffle=False), n_jobs=-1
2025-11-04 08:52:59,774:INFO:Calculating mean and std
2025-11-04 08:52:59,775:INFO:Creating metrics dataframe
2025-11-04 08:52:59,777:INFO:Uploading results into container
2025-11-04 08:52:59,779:INFO:Uploading model into container now
2025-11-04 08:52:59,779:INFO:_master_model_container: 3
2025-11-04 08:52:59,779:INFO:_display_container: 2
2025-11-04 08:52:59,780:INFO:Ridge(random_state=23)
2025-11-04 08:52:59,780:INFO:create_model() successfully completed......................................
2025-11-04 08:53:00,069:INFO:SubProcess create_model() end ==================================
2025-11-04 08:53:00,069:INFO:Creating metrics dataframe
2025-11-04 08:53:00,075:INFO:Initializing Elastic Net
2025-11-04 08:53:00,075:INFO:Total runtime is 0.22365446885426837 minutes
2025-11-04 08:53:00,079:INFO:SubProcess create_model() called ==================================
2025-11-04 08:53:00,079:INFO:Initializing create_model()
2025-11-04 08:53:00,080:INFO:create_model(self=<pycaret.regression.oop.RegressionExperiment object at 0x00000259B75B8F10>, estimator=en, fold=KFold(n_splits=10, random_state=None, shuffle=False), round=4, cross_validation=True, predict=True, fit_kwargs={}, groups=None, refit=False, probability_threshold=None, experiment_custom_tags=None, verbose=False, system=False, add_to_model_list=True, metrics=None, display=<pycaret.internal.display.display.CommonDisplay object at 0x00000259B747D910>, model_only=True, return_train_score=False, error_score=0.0, kwargs={})
2025-11-04 08:53:00,080:INFO:Checking exceptions
2025-11-04 08:53:00,080:INFO:Importing libraries
2025-11-04 08:53:00,080:INFO:Copying training dataset
2025-11-04 08:53:00,090:INFO:Defining folds
2025-11-04 08:53:00,090:INFO:Declaring metric variables
2025-11-04 08:53:00,093:INFO:Importing untrained model
2025-11-04 08:53:00,098:INFO:Elastic Net Imported successfully
2025-11-04 08:53:00,107:INFO:Starting cross validation
2025-11-04 08:53:00,115:INFO:Cross validating with KFold(n_splits=10, random_state=None, shuffle=False), n_jobs=-1
2025-11-04 08:53:01,316:INFO:Calculating mean and std
2025-11-04 08:53:01,318:INFO:Creating metrics dataframe
2025-11-04 08:53:01,320:INFO:Uploading results into container
2025-11-04 08:53:01,321:INFO:Uploading model into container now
2025-11-04 08:53:01,322:INFO:_master_model_container: 4
2025-11-04 08:53:01,322:INFO:_display_container: 2
2025-11-04 08:53:01,323:INFO:ElasticNet(random_state=23)
2025-11-04 08:53:01,323:INFO:create_model() successfully completed......................................
2025-11-04 08:53:01,626:INFO:SubProcess create_model() end ==================================
2025-11-04 08:53:01,626:INFO:Creating metrics dataframe
2025-11-04 08:53:01,645:INFO:Initializing Least Angle Regression
2025-11-04 08:53:01,645:INFO:Total runtime is 0.24981456597646076 minutes
2025-11-04 08:53:01,653:INFO:SubProcess create_model() called ==================================
2025-11-04 08:53:01,654:INFO:Initializing create_model()
2025-11-04 08:53:01,656:INFO:create_model(self=<pycaret.regression.oop.RegressionExperiment object at 0x00000259B75B8F10>, estimator=lar, fold=KFold(n_splits=10, random_state=None, shuffle=False), round=4, cross_validation=True, predict=True, fit_kwargs={}, groups=None, refit=False, probability_threshold=None, experiment_custom_tags=None, verbose=False, system=False, add_to_model_list=True, metrics=None, display=<pycaret.internal.display.display.CommonDisplay object at 0x00000259B747D910>, model_only=True, return_train_score=False, error_score=0.0, kwargs={})
2025-11-04 08:53:01,656:INFO:Checking exceptions
2025-11-04 08:53:01,656:INFO:Importing libraries
2025-11-04 08:53:01,656:INFO:Copying training dataset
2025-11-04 08:53:01,681:INFO:Defining folds
2025-11-04 08:53:01,681:INFO:Declaring metric variables
2025-11-04 08:53:01,688:INFO:Importing untrained model
2025-11-04 08:53:01,696:INFO:Least Angle Regression Imported successfully
2025-11-04 08:53:01,709:INFO:Starting cross validation
2025-11-04 08:53:01,722:INFO:Cross validating with KFold(n_splits=10, random_state=None, shuffle=False), n_jobs=-1
2025-11-04 08:53:02,901:INFO:Calculating mean and std
2025-11-04 08:53:02,903:INFO:Creating metrics dataframe
2025-11-04 08:53:02,904:INFO:Uploading results into container
2025-11-04 08:53:02,905:INFO:Uploading model into container now
2025-11-04 08:53:02,906:INFO:_master_model_container: 5
2025-11-04 08:53:02,906:INFO:_display_container: 2
2025-11-04 08:53:02,906:INFO:Lars(random_state=23)
2025-11-04 08:53:02,906:INFO:create_model() successfully completed......................................
2025-11-04 08:53:03,217:INFO:SubProcess create_model() end ==================================
2025-11-04 08:53:03,217:INFO:Creating metrics dataframe
2025-11-04 08:53:03,229:INFO:Initializing Lasso Least Angle Regression
2025-11-04 08:53:03,229:INFO:Total runtime is 0.27621640761693317 minutes
2025-11-04 08:53:03,237:INFO:SubProcess create_model() called ==================================
2025-11-04 08:53:03,238:INFO:Initializing create_model()
2025-11-04 08:53:03,238:INFO:create_model(self=<pycaret.regression.oop.RegressionExperiment object at 0x00000259B75B8F10>, estimator=llar, fold=KFold(n_splits=10, random_state=None, shuffle=False), round=4, cross_validation=True, predict=True, fit_kwargs={}, groups=None, refit=False, probability_threshold=None, experiment_custom_tags=None, verbose=False, system=False, add_to_model_list=True, metrics=None, display=<pycaret.internal.display.display.CommonDisplay object at 0x00000259B747D910>, model_only=True, return_train_score=False, error_score=0.0, kwargs={})
2025-11-04 08:53:03,238:INFO:Checking exceptions
2025-11-04 08:53:03,238:INFO:Importing libraries
2025-11-04 08:53:03,239:INFO:Copying training dataset
2025-11-04 08:53:03,255:INFO:Defining folds
2025-11-04 08:53:03,255:INFO:Declaring metric variables
2025-11-04 08:53:03,259:INFO:Importing untrained model
2025-11-04 08:53:03,263:INFO:Lasso Least Angle Regression Imported successfully
2025-11-04 08:53:03,271:INFO:Starting cross validation
2025-11-04 08:53:03,279:INFO:Cross validating with KFold(n_splits=10, random_state=None, shuffle=False), n_jobs=-1
2025-11-04 08:53:04,447:INFO:Calculating mean and std
2025-11-04 08:53:04,449:INFO:Creating metrics dataframe
2025-11-04 08:53:04,453:INFO:Uploading results into container
2025-11-04 08:53:04,454:INFO:Uploading model into container now
2025-11-04 08:53:04,457:INFO:_master_model_container: 6
2025-11-04 08:53:04,457:INFO:_display_container: 2
2025-11-04 08:53:04,458:INFO:LassoLars(random_state=23)
2025-11-04 08:53:04,458:INFO:create_model() successfully completed......................................
2025-11-04 08:53:04,781:INFO:SubProcess create_model() end ==================================
2025-11-04 08:53:04,782:INFO:Creating metrics dataframe
2025-11-04 08:53:04,791:INFO:Initializing Orthogonal Matching Pursuit
2025-11-04 08:53:04,791:INFO:Total runtime is 0.3022481958071391 minutes
2025-11-04 08:53:04,797:INFO:SubProcess create_model() called ==================================
2025-11-04 08:53:04,799:INFO:Initializing create_model()
2025-11-04 08:53:04,799:INFO:create_model(self=<pycaret.regression.oop.RegressionExperiment object at 0x00000259B75B8F10>, estimator=omp, fold=KFold(n_splits=10, random_state=None, shuffle=False), round=4, cross_validation=True, predict=True, fit_kwargs={}, groups=None, refit=False, probability_threshold=None, experiment_custom_tags=None, verbose=False, system=False, add_to_model_list=True, metrics=None, display=<pycaret.internal.display.display.CommonDisplay object at 0x00000259B747D910>, model_only=True, return_train_score=False, error_score=0.0, kwargs={})
2025-11-04 08:53:04,799:INFO:Checking exceptions
2025-11-04 08:53:04,800:INFO:Importing libraries
2025-11-04 08:53:04,801:INFO:Copying training dataset
2025-11-04 08:53:04,826:INFO:Defining folds
2025-11-04 08:53:04,826:INFO:Declaring metric variables
2025-11-04 08:53:04,833:INFO:Importing untrained model
2025-11-04 08:53:04,843:INFO:Orthogonal Matching Pursuit Imported successfully
2025-11-04 08:53:04,859:INFO:Starting cross validation
2025-11-04 08:53:04,874:INFO:Cross validating with KFold(n_splits=10, random_state=None, shuffle=False), n_jobs=-1
2025-11-04 08:53:06,059:INFO:Calculating mean and std
2025-11-04 08:53:06,060:INFO:Creating metrics dataframe
2025-11-04 08:53:06,062:INFO:Uploading results into container
2025-11-04 08:53:06,062:INFO:Uploading model into container now
2025-11-04 08:53:06,063:INFO:_master_model_container: 7
2025-11-04 08:53:06,063:INFO:_display_container: 2
2025-11-04 08:53:06,063:INFO:OrthogonalMatchingPursuit()
2025-11-04 08:53:06,063:INFO:create_model() successfully completed......................................
2025-11-04 08:53:06,334:INFO:SubProcess create_model() end ==================================
2025-11-04 08:53:06,334:INFO:Creating metrics dataframe
2025-11-04 08:53:06,341:INFO:Initializing Bayesian Ridge
2025-11-04 08:53:06,341:INFO:Total runtime is 0.32808401187260944 minutes
2025-11-04 08:53:06,344:INFO:SubProcess create_model() called ==================================
2025-11-04 08:53:06,344:INFO:Initializing create_model()
2025-11-04 08:53:06,344:INFO:create_model(self=<pycaret.regression.oop.RegressionExperiment object at 0x00000259B75B8F10>, estimator=br, fold=KFold(n_splits=10, random_state=None, shuffle=False), round=4, cross_validation=True, predict=True, fit_kwargs={}, groups=None, refit=False, probability_threshold=None, experiment_custom_tags=None, verbose=False, system=False, add_to_model_list=True, metrics=None, display=<pycaret.internal.display.display.CommonDisplay object at 0x00000259B747D910>, model_only=True, return_train_score=False, error_score=0.0, kwargs={})
2025-11-04 08:53:06,345:INFO:Checking exceptions
2025-11-04 08:53:06,345:INFO:Importing libraries
2025-11-04 08:53:06,345:INFO:Copying training dataset
2025-11-04 08:53:06,373:INFO:Defining folds
2025-11-04 08:53:06,373:INFO:Declaring metric variables
2025-11-04 08:53:06,380:INFO:Importing untrained model
2025-11-04 08:53:06,389:INFO:Bayesian Ridge Imported successfully
2025-11-04 08:53:06,400:INFO:Starting cross validation
2025-11-04 08:53:06,423:INFO:Cross validating with KFold(n_splits=10, random_state=None, shuffle=False), n_jobs=-1
2025-11-04 08:53:07,739:INFO:Calculating mean and std
2025-11-04 08:53:07,740:INFO:Creating metrics dataframe
2025-11-04 08:53:07,742:INFO:Uploading results into container
2025-11-04 08:53:07,742:INFO:Uploading model into container now
2025-11-04 08:53:07,742:INFO:_master_model_container: 8
2025-11-04 08:53:07,742:INFO:_display_container: 2
2025-11-04 08:53:07,743:INFO:BayesianRidge()
2025-11-04 08:53:07,743:INFO:create_model() successfully completed......................................
2025-11-04 08:53:08,027:INFO:SubProcess create_model() end ==================================
2025-11-04 08:53:08,027:INFO:Creating metrics dataframe
2025-11-04 08:53:08,037:INFO:Initializing Passive Aggressive Regressor
2025-11-04 08:53:08,038:INFO:Total runtime is 0.35637213389078776 minutes
2025-11-04 08:53:08,042:INFO:SubProcess create_model() called ==================================
2025-11-04 08:53:08,043:INFO:Initializing create_model()
2025-11-04 08:53:08,043:INFO:create_model(self=<pycaret.regression.oop.RegressionExperiment object at 0x00000259B75B8F10>, estimator=par, fold=KFold(n_splits=10, random_state=None, shuffle=False), round=4, cross_validation=True, predict=True, fit_kwargs={}, groups=None, refit=False, probability_threshold=None, experiment_custom_tags=None, verbose=False, system=False, add_to_model_list=True, metrics=None, display=<pycaret.internal.display.display.CommonDisplay object at 0x00000259B747D910>, model_only=True, return_train_score=False, error_score=0.0, kwargs={})
2025-11-04 08:53:08,043:INFO:Checking exceptions
2025-11-04 08:53:08,043:INFO:Importing libraries
2025-11-04 08:53:08,043:INFO:Copying training dataset
2025-11-04 08:53:08,061:INFO:Defining folds
2025-11-04 08:53:08,061:INFO:Declaring metric variables
2025-11-04 08:53:08,067:INFO:Importing untrained model
2025-11-04 08:53:08,073:INFO:Passive Aggressive Regressor Imported successfully
2025-11-04 08:53:08,082:INFO:Starting cross validation
2025-11-04 08:53:08,093:INFO:Cross validating with KFold(n_splits=10, random_state=None, shuffle=False), n_jobs=-1
2025-11-04 08:53:09,334:INFO:Calculating mean and std
2025-11-04 08:53:09,335:INFO:Creating metrics dataframe
2025-11-04 08:53:09,337:INFO:Uploading results into container
2025-11-04 08:53:09,337:INFO:Uploading model into container now
2025-11-04 08:53:09,338:INFO:_master_model_container: 9
2025-11-04 08:53:09,338:INFO:_display_container: 2
2025-11-04 08:53:09,338:INFO:PassiveAggressiveRegressor(random_state=23)
2025-11-04 08:53:09,338:INFO:create_model() successfully completed......................................
2025-11-04 08:53:09,642:INFO:SubProcess create_model() end ==================================
2025-11-04 08:53:09,643:INFO:Creating metrics dataframe
2025-11-04 08:53:09,666:INFO:Initializing Huber Regressor
2025-11-04 08:53:09,666:INFO:Total runtime is 0.38350226879119875 minutes
2025-11-04 08:53:09,675:INFO:SubProcess create_model() called ==================================
2025-11-04 08:53:09,675:INFO:Initializing create_model()
2025-11-04 08:53:09,676:INFO:create_model(self=<pycaret.regression.oop.RegressionExperiment object at 0x00000259B75B8F10>, estimator=huber, fold=KFold(n_splits=10, random_state=None, shuffle=False), round=4, cross_validation=True, predict=True, fit_kwargs={}, groups=None, refit=False, probability_threshold=None, experiment_custom_tags=None, verbose=False, system=False, add_to_model_list=True, metrics=None, display=<pycaret.internal.display.display.CommonDisplay object at 0x00000259B747D910>, model_only=True, return_train_score=False, error_score=0.0, kwargs={})
2025-11-04 08:53:09,676:INFO:Checking exceptions
2025-11-04 08:53:09,676:INFO:Importing libraries
2025-11-04 08:53:09,676:INFO:Copying training dataset
2025-11-04 08:53:09,693:INFO:Defining folds
2025-11-04 08:53:09,693:INFO:Declaring metric variables
2025-11-04 08:53:09,697:INFO:Importing untrained model
2025-11-04 08:53:09,702:INFO:Huber Regressor Imported successfully
2025-11-04 08:53:09,708:INFO:Starting cross validation
2025-11-04 08:53:09,719:INFO:Cross validating with KFold(n_splits=10, random_state=None, shuffle=False), n_jobs=-1
2025-11-04 08:53:11,246:INFO:Calculating mean and std
2025-11-04 08:53:11,247:INFO:Creating metrics dataframe
2025-11-04 08:53:11,249:INFO:Uploading results into container
2025-11-04 08:53:11,250:INFO:Uploading model into container now
2025-11-04 08:53:11,250:INFO:_master_model_container: 10
2025-11-04 08:53:11,250:INFO:_display_container: 2
2025-11-04 08:53:11,250:INFO:HuberRegressor()
2025-11-04 08:53:11,250:INFO:create_model() successfully completed......................................
2025-11-04 08:53:11,524:INFO:SubProcess create_model() end ==================================
2025-11-04 08:53:11,524:INFO:Creating metrics dataframe
2025-11-04 08:53:11,533:INFO:Initializing K Neighbors Regressor
2025-11-04 08:53:11,533:INFO:Total runtime is 0.4146190404891968 minutes
2025-11-04 08:53:11,537:INFO:SubProcess create_model() called ==================================
2025-11-04 08:53:11,538:INFO:Initializing create_model()
2025-11-04 08:53:11,538:INFO:create_model(self=<pycaret.regression.oop.RegressionExperiment object at 0x00000259B75B8F10>, estimator=knn, fold=KFold(n_splits=10, random_state=None, shuffle=False), round=4, cross_validation=True, predict=True, fit_kwargs={}, groups=None, refit=False, probability_threshold=None, experiment_custom_tags=None, verbose=False, system=False, add_to_model_list=True, metrics=None, display=<pycaret.internal.display.display.CommonDisplay object at 0x00000259B747D910>, model_only=True, return_train_score=False, error_score=0.0, kwargs={})
2025-11-04 08:53:11,538:INFO:Checking exceptions
2025-11-04 08:53:11,538:INFO:Importing libraries
2025-11-04 08:53:11,538:INFO:Copying training dataset
2025-11-04 08:53:11,555:INFO:Defining folds
2025-11-04 08:53:11,555:INFO:Declaring metric variables
2025-11-04 08:53:11,559:INFO:Importing untrained model
2025-11-04 08:53:11,563:INFO:K Neighbors Regressor Imported successfully
2025-11-04 08:53:11,572:INFO:Starting cross validation
2025-11-04 08:53:11,585:INFO:Cross validating with KFold(n_splits=10, random_state=None, shuffle=False), n_jobs=-1
2025-11-04 08:53:13,102:INFO:Calculating mean and std
2025-11-04 08:53:13,103:INFO:Creating metrics dataframe
2025-11-04 08:53:13,105:INFO:Uploading results into container
2025-11-04 08:53:13,105:INFO:Uploading model into container now
2025-11-04 08:53:13,106:INFO:_master_model_container: 11
2025-11-04 08:53:13,106:INFO:_display_container: 2
2025-11-04 08:53:13,106:INFO:KNeighborsRegressor(n_jobs=-1)
2025-11-04 08:53:13,106:INFO:create_model() successfully completed......................................
2025-11-04 08:53:13,434:INFO:SubProcess create_model() end ==================================
2025-11-04 08:53:13,435:INFO:Creating metrics dataframe
2025-11-04 08:53:13,451:INFO:Initializing Decision Tree Regressor
2025-11-04 08:53:13,451:INFO:Total runtime is 0.4465874830881755 minutes
2025-11-04 08:53:13,456:INFO:SubProcess create_model() called ==================================
2025-11-04 08:53:13,456:INFO:Initializing create_model()
2025-11-04 08:53:13,457:INFO:create_model(self=<pycaret.regression.oop.RegressionExperiment object at 0x00000259B75B8F10>, estimator=dt, fold=KFold(n_splits=10, random_state=None, shuffle=False), round=4, cross_validation=True, predict=True, fit_kwargs={}, groups=None, refit=False, probability_threshold=None, experiment_custom_tags=None, verbose=False, system=False, add_to_model_list=True, metrics=None, display=<pycaret.internal.display.display.CommonDisplay object at 0x00000259B747D910>, model_only=True, return_train_score=False, error_score=0.0, kwargs={})
2025-11-04 08:53:13,457:INFO:Checking exceptions
2025-11-04 08:53:13,457:INFO:Importing libraries
2025-11-04 08:53:13,457:INFO:Copying training dataset
2025-11-04 08:53:13,473:INFO:Defining folds
2025-11-04 08:53:13,473:INFO:Declaring metric variables
2025-11-04 08:53:13,478:INFO:Importing untrained model
2025-11-04 08:53:13,485:INFO:Decision Tree Regressor Imported successfully
2025-11-04 08:53:13,494:INFO:Starting cross validation
2025-11-04 08:53:13,505:INFO:Cross validating with KFold(n_splits=10, random_state=None, shuffle=False), n_jobs=-1
2025-11-04 08:53:14,761:INFO:Calculating mean and std
2025-11-04 08:53:14,762:INFO:Creating metrics dataframe
2025-11-04 08:53:14,764:INFO:Uploading results into container
2025-11-04 08:53:14,765:INFO:Uploading model into container now
2025-11-04 08:53:14,765:INFO:_master_model_container: 12
2025-11-04 08:53:14,765:INFO:_display_container: 2
2025-11-04 08:53:14,765:INFO:DecisionTreeRegressor(random_state=23)
2025-11-04 08:53:14,766:INFO:create_model() successfully completed......................................
2025-11-04 08:53:15,055:INFO:SubProcess create_model() end ==================================
2025-11-04 08:53:15,056:INFO:Creating metrics dataframe
2025-11-04 08:53:15,065:INFO:Initializing Random Forest Regressor
2025-11-04 08:53:15,065:INFO:Total runtime is 0.47347788016001385 minutes
2025-11-04 08:53:15,068:INFO:SubProcess create_model() called ==================================
2025-11-04 08:53:15,069:INFO:Initializing create_model()
2025-11-04 08:53:15,069:INFO:create_model(self=<pycaret.regression.oop.RegressionExperiment object at 0x00000259B75B8F10>, estimator=rf, fold=KFold(n_splits=10, random_state=None, shuffle=False), round=4, cross_validation=True, predict=True, fit_kwargs={}, groups=None, refit=False, probability_threshold=None, experiment_custom_tags=None, verbose=False, system=False, add_to_model_list=True, metrics=None, display=<pycaret.internal.display.display.CommonDisplay object at 0x00000259B747D910>, model_only=True, return_train_score=False, error_score=0.0, kwargs={})
2025-11-04 08:53:15,069:INFO:Checking exceptions
2025-11-04 08:53:15,069:INFO:Importing libraries
2025-11-04 08:53:15,069:INFO:Copying training dataset
2025-11-04 08:53:15,080:INFO:Defining folds
2025-11-04 08:53:15,080:INFO:Declaring metric variables
2025-11-04 08:53:15,086:INFO:Importing untrained model
2025-11-04 08:53:15,092:INFO:Random Forest Regressor Imported successfully
2025-11-04 08:53:15,102:INFO:Starting cross validation
2025-11-04 08:53:15,113:INFO:Cross validating with KFold(n_splits=10, random_state=None, shuffle=False), n_jobs=-1
2025-11-04 08:53:19,095:INFO:Calculating mean and std
2025-11-04 08:53:19,096:INFO:Creating metrics dataframe
2025-11-04 08:53:19,098:INFO:Uploading results into container
2025-11-04 08:53:19,099:INFO:Uploading model into container now
2025-11-04 08:53:19,099:INFO:_master_model_container: 13
2025-11-04 08:53:19,099:INFO:_display_container: 2
2025-11-04 08:53:19,099:INFO:RandomForestRegressor(n_jobs=-1, random_state=23)
2025-11-04 08:53:19,099:INFO:create_model() successfully completed......................................
2025-11-04 08:53:19,373:INFO:SubProcess create_model() end ==================================
2025-11-04 08:53:19,374:INFO:Creating metrics dataframe
2025-11-04 08:53:19,382:INFO:Initializing Extra Trees Regressor
2025-11-04 08:53:19,382:INFO:Total runtime is 0.5454317609469096 minutes
2025-11-04 08:53:19,386:INFO:SubProcess create_model() called ==================================
2025-11-04 08:53:19,386:INFO:Initializing create_model()
2025-11-04 08:53:19,386:INFO:create_model(self=<pycaret.regression.oop.RegressionExperiment object at 0x00000259B75B8F10>, estimator=et, fold=KFold(n_splits=10, random_state=None, shuffle=False), round=4, cross_validation=True, predict=True, fit_kwargs={}, groups=None, refit=False, probability_threshold=None, experiment_custom_tags=None, verbose=False, system=False, add_to_model_list=True, metrics=None, display=<pycaret.internal.display.display.CommonDisplay object at 0x00000259B747D910>, model_only=True, return_train_score=False, error_score=0.0, kwargs={})
2025-11-04 08:53:19,386:INFO:Checking exceptions
2025-11-04 08:53:19,386:INFO:Importing libraries
2025-11-04 08:53:19,386:INFO:Copying training dataset
2025-11-04 08:53:19,401:INFO:Defining folds
2025-11-04 08:53:19,401:INFO:Declaring metric variables
2025-11-04 08:53:19,404:INFO:Importing untrained model
2025-11-04 08:53:19,407:INFO:Extra Trees Regressor Imported successfully
2025-11-04 08:53:19,414:INFO:Starting cross validation
2025-11-04 08:53:19,428:INFO:Cross validating with KFold(n_splits=10, random_state=None, shuffle=False), n_jobs=-1
2025-11-04 08:53:22,773:INFO:Calculating mean and std
2025-11-04 08:53:22,774:INFO:Creating metrics dataframe
2025-11-04 08:53:22,775:INFO:Uploading results into container
2025-11-04 08:53:22,776:INFO:Uploading model into container now
2025-11-04 08:53:22,776:INFO:_master_model_container: 14
2025-11-04 08:53:22,776:INFO:_display_container: 2
2025-11-04 08:53:22,777:INFO:ExtraTreesRegressor(n_jobs=-1, random_state=23)
2025-11-04 08:53:22,777:INFO:create_model() successfully completed......................................
2025-11-04 08:53:23,043:INFO:SubProcess create_model() end ==================================
2025-11-04 08:53:23,043:INFO:Creating metrics dataframe
2025-11-04 08:53:23,056:INFO:Initializing AdaBoost Regressor
2025-11-04 08:53:23,056:INFO:Total runtime is 0.6066579381624858 minutes
2025-11-04 08:53:23,059:INFO:SubProcess create_model() called ==================================
2025-11-04 08:53:23,059:INFO:Initializing create_model()
2025-11-04 08:53:23,060:INFO:create_model(self=<pycaret.regression.oop.RegressionExperiment object at 0x00000259B75B8F10>, estimator=ada, fold=KFold(n_splits=10, random_state=None, shuffle=False), round=4, cross_validation=True, predict=True, fit_kwargs={}, groups=None, refit=False, probability_threshold=None, experiment_custom_tags=None, verbose=False, system=False, add_to_model_list=True, metrics=None, display=<pycaret.internal.display.display.CommonDisplay object at 0x00000259B747D910>, model_only=True, return_train_score=False, error_score=0.0, kwargs={})
2025-11-04 08:53:23,060:INFO:Checking exceptions
2025-11-04 08:53:23,060:INFO:Importing libraries
2025-11-04 08:53:23,060:INFO:Copying training dataset
2025-11-04 08:53:23,071:INFO:Defining folds
2025-11-04 08:53:23,071:INFO:Declaring metric variables
2025-11-04 08:53:23,076:INFO:Importing untrained model
2025-11-04 08:53:23,080:INFO:AdaBoost Regressor Imported successfully
2025-11-04 08:53:23,087:INFO:Starting cross validation
2025-11-04 08:53:23,097:INFO:Cross validating with KFold(n_splits=10, random_state=None, shuffle=False), n_jobs=-1
2025-11-04 08:53:24,542:INFO:Calculating mean and std
2025-11-04 08:53:24,543:INFO:Creating metrics dataframe
2025-11-04 08:53:24,545:INFO:Uploading results into container
2025-11-04 08:53:24,545:INFO:Uploading model into container now
2025-11-04 08:53:24,546:INFO:_master_model_container: 15
2025-11-04 08:53:24,546:INFO:_display_container: 2
2025-11-04 08:53:24,546:INFO:AdaBoostRegressor(random_state=23)
2025-11-04 08:53:24,546:INFO:create_model() successfully completed......................................
2025-11-04 08:53:24,794:INFO:SubProcess create_model() end ==================================
2025-11-04 08:53:24,794:INFO:Creating metrics dataframe
2025-11-04 08:53:24,808:INFO:Initializing Gradient Boosting Regressor
2025-11-04 08:53:24,809:INFO:Total runtime is 0.6358904043833415 minutes
2025-11-04 08:53:24,813:INFO:SubProcess create_model() called ==================================
2025-11-04 08:53:24,813:INFO:Initializing create_model()
2025-11-04 08:53:24,813:INFO:create_model(self=<pycaret.regression.oop.RegressionExperiment object at 0x00000259B75B8F10>, estimator=gbr, fold=KFold(n_splits=10, random_state=None, shuffle=False), round=4, cross_validation=True, predict=True, fit_kwargs={}, groups=None, refit=False, probability_threshold=None, experiment_custom_tags=None, verbose=False, system=False, add_to_model_list=True, metrics=None, display=<pycaret.internal.display.display.CommonDisplay object at 0x00000259B747D910>, model_only=True, return_train_score=False, error_score=0.0, kwargs={})
2025-11-04 08:53:24,813:INFO:Checking exceptions
2025-11-04 08:53:24,814:INFO:Importing libraries
2025-11-04 08:53:24,814:INFO:Copying training dataset
2025-11-04 08:53:24,829:INFO:Defining folds
2025-11-04 08:53:24,830:INFO:Declaring metric variables
2025-11-04 08:53:24,834:INFO:Importing untrained model
2025-11-04 08:53:24,838:INFO:Gradient Boosting Regressor Imported successfully
2025-11-04 08:53:24,844:INFO:Starting cross validation
2025-11-04 08:53:24,853:INFO:Cross validating with KFold(n_splits=10, random_state=None, shuffle=False), n_jobs=-1
2025-11-04 08:53:27,628:INFO:Calculating mean and std
2025-11-04 08:53:27,629:INFO:Creating metrics dataframe
2025-11-04 08:53:27,631:INFO:Uploading results into container
2025-11-04 08:53:27,631:INFO:Uploading model into container now
2025-11-04 08:53:27,632:INFO:_master_model_container: 16
2025-11-04 08:53:27,632:INFO:_display_container: 2
2025-11-04 08:53:27,632:INFO:GradientBoostingRegressor(random_state=23)
2025-11-04 08:53:27,632:INFO:create_model() successfully completed......................................
2025-11-04 08:53:27,898:INFO:SubProcess create_model() end ==================================
2025-11-04 08:53:27,898:INFO:Creating metrics dataframe
2025-11-04 08:53:27,910:INFO:Initializing Extreme Gradient Boosting
2025-11-04 08:53:27,910:INFO:Total runtime is 0.6875716288884481 minutes
2025-11-04 08:53:27,914:INFO:SubProcess create_model() called ==================================
2025-11-04 08:53:27,914:INFO:Initializing create_model()
2025-11-04 08:53:27,914:INFO:create_model(self=<pycaret.regression.oop.RegressionExperiment object at 0x00000259B75B8F10>, estimator=xgboost, fold=KFold(n_splits=10, random_state=None, shuffle=False), round=4, cross_validation=True, predict=True, fit_kwargs={}, groups=None, refit=False, probability_threshold=None, experiment_custom_tags=None, verbose=False, system=False, add_to_model_list=True, metrics=None, display=<pycaret.internal.display.display.CommonDisplay object at 0x00000259B747D910>, model_only=True, return_train_score=False, error_score=0.0, kwargs={})
2025-11-04 08:53:27,914:INFO:Checking exceptions
2025-11-04 08:53:27,914:INFO:Importing libraries
2025-11-04 08:53:27,915:INFO:Copying training dataset
2025-11-04 08:53:27,928:INFO:Defining folds
2025-11-04 08:53:27,928:INFO:Declaring metric variables
2025-11-04 08:53:27,931:INFO:Importing untrained model
2025-11-04 08:53:27,935:INFO:Extreme Gradient Boosting Imported successfully
2025-11-04 08:53:27,942:INFO:Starting cross validation
2025-11-04 08:53:27,952:INFO:Cross validating with KFold(n_splits=10, random_state=None, shuffle=False), n_jobs=-1
2025-11-04 08:53:31,126:INFO:Calculating mean and std
2025-11-04 08:53:31,127:INFO:Creating metrics dataframe
2025-11-04 08:53:31,129:INFO:Uploading results into container
2025-11-04 08:53:31,129:INFO:Uploading model into container now
2025-11-04 08:53:31,130:INFO:_master_model_container: 17
2025-11-04 08:53:31,130:INFO:_display_container: 2
2025-11-04 08:53:31,131:INFO:XGBRegressor(base_score=None, booster='gbtree', callbacks=None,
             colsample_bylevel=None, colsample_bynode=None,
             colsample_bytree=None, device='cpu', early_stopping_rounds=None,
             enable_categorical=False, eval_metric=None, feature_types=None,
             feature_weights=None, gamma=None, grow_policy=None,
             importance_type=None, interaction_constraints=None,
             learning_rate=None, max_bin=None, max_cat_threshold=None,
             max_cat_to_onehot=None, max_delta_step=None, max_depth=None,
             max_leaves=None, min_child_weight=None, missing=nan,
             monotone_constraints=None, multi_strategy=None, n_estimators=None,
             n_jobs=-1, num_parallel_tree=None, ...)
2025-11-04 08:53:31,131:INFO:create_model() successfully completed......................................
2025-11-04 08:53:31,429:INFO:SubProcess create_model() end ==================================
2025-11-04 08:53:31,430:INFO:Creating metrics dataframe
2025-11-04 08:53:31,447:INFO:Initializing Light Gradient Boosting Machine
2025-11-04 08:53:31,447:INFO:Total runtime is 0.7465130408604941 minutes
2025-11-04 08:53:31,457:INFO:SubProcess create_model() called ==================================
2025-11-04 08:53:31,458:INFO:Initializing create_model()
2025-11-04 08:53:31,458:INFO:create_model(self=<pycaret.regression.oop.RegressionExperiment object at 0x00000259B75B8F10>, estimator=lightgbm, fold=KFold(n_splits=10, random_state=None, shuffle=False), round=4, cross_validation=True, predict=True, fit_kwargs={}, groups=None, refit=False, probability_threshold=None, experiment_custom_tags=None, verbose=False, system=False, add_to_model_list=True, metrics=None, display=<pycaret.internal.display.display.CommonDisplay object at 0x00000259B747D910>, model_only=True, return_train_score=False, error_score=0.0, kwargs={})
2025-11-04 08:53:31,458:INFO:Checking exceptions
2025-11-04 08:53:31,459:INFO:Importing libraries
2025-11-04 08:53:31,459:INFO:Copying training dataset
2025-11-04 08:53:31,484:INFO:Defining folds
2025-11-04 08:53:31,484:INFO:Declaring metric variables
2025-11-04 08:53:31,490:INFO:Importing untrained model
2025-11-04 08:53:31,500:INFO:Light Gradient Boosting Machine Imported successfully
2025-11-04 08:53:31,510:INFO:Starting cross validation
2025-11-04 08:53:31,524:INFO:Cross validating with KFold(n_splits=10, random_state=None, shuffle=False), n_jobs=-1
2025-11-04 08:53:33,600:INFO:Calculating mean and std
2025-11-04 08:53:33,601:INFO:Creating metrics dataframe
2025-11-04 08:53:33,604:INFO:Uploading results into container
2025-11-04 08:53:33,604:INFO:Uploading model into container now
2025-11-04 08:53:33,605:INFO:_master_model_container: 18
2025-11-04 08:53:33,605:INFO:_display_container: 2
2025-11-04 08:53:33,606:INFO:LGBMRegressor(n_jobs=-1, random_state=23)
2025-11-04 08:53:33,606:INFO:create_model() successfully completed......................................
2025-11-04 08:53:33,883:INFO:SubProcess create_model() end ==================================
2025-11-04 08:53:33,883:INFO:Creating metrics dataframe
2025-11-04 08:53:33,893:INFO:Initializing CatBoost Regressor
2025-11-04 08:53:33,894:INFO:Total runtime is 0.7873073538144431 minutes
2025-11-04 08:53:33,898:INFO:SubProcess create_model() called ==================================
2025-11-04 08:53:33,898:INFO:Initializing create_model()
2025-11-04 08:53:33,898:INFO:create_model(self=<pycaret.regression.oop.RegressionExperiment object at 0x00000259B75B8F10>, estimator=catboost, fold=KFold(n_splits=10, random_state=None, shuffle=False), round=4, cross_validation=True, predict=True, fit_kwargs={}, groups=None, refit=False, probability_threshold=None, experiment_custom_tags=None, verbose=False, system=False, add_to_model_list=True, metrics=None, display=<pycaret.internal.display.display.CommonDisplay object at 0x00000259B747D910>, model_only=True, return_train_score=False, error_score=0.0, kwargs={})
2025-11-04 08:53:33,898:INFO:Checking exceptions
2025-11-04 08:53:33,898:INFO:Importing libraries
2025-11-04 08:53:33,898:INFO:Copying training dataset
2025-11-04 08:53:33,908:INFO:Defining folds
2025-11-04 08:53:33,908:INFO:Declaring metric variables
2025-11-04 08:53:33,911:INFO:Importing untrained model
2025-11-04 08:53:33,919:INFO:CatBoost Regressor Imported successfully
2025-11-04 08:53:33,925:INFO:Starting cross validation
2025-11-04 08:53:33,936:INFO:Cross validating with KFold(n_splits=10, random_state=None, shuffle=False), n_jobs=-1
2025-11-04 08:53:50,881:INFO:Calculating mean and std
2025-11-04 08:53:50,883:INFO:Creating metrics dataframe
2025-11-04 08:53:50,885:INFO:Uploading results into container
2025-11-04 08:53:50,885:INFO:Uploading model into container now
2025-11-04 08:53:50,886:INFO:_master_model_container: 19
2025-11-04 08:53:50,886:INFO:_display_container: 2
2025-11-04 08:53:50,886:INFO:<catboost.core.CatBoostRegressor object at 0x00000259C5D19F10>
2025-11-04 08:53:50,886:INFO:create_model() successfully completed......................................
2025-11-04 08:53:51,178:WARNING:create_model() for <catboost.core.CatBoostRegressor object at 0x00000259C5D19F10> raised an exception or returned all 0.0, trying without fit_kwargs:
2025-11-04 08:53:51,180:WARNING:Traceback (most recent call last):
  File "c:\Users\Asus\Desktop\train\venv\Lib\site-packages\pycaret\internal\pycaret_experiment\supervised_experiment.py", line 797, in compare_models
    np.sum(
AssertionError

2025-11-04 08:53:51,180:INFO:Initializing create_model()
2025-11-04 08:53:51,180:INFO:create_model(self=<pycaret.regression.oop.RegressionExperiment object at 0x00000259B75B8F10>, estimator=catboost, fold=KFold(n_splits=10, random_state=None, shuffle=False), round=4, cross_validation=True, predict=True, fit_kwargs={}, groups=None, refit=False, probability_threshold=None, experiment_custom_tags=None, verbose=False, system=False, add_to_model_list=True, metrics=None, display=<pycaret.internal.display.display.CommonDisplay object at 0x00000259B747D910>, model_only=True, return_train_score=False, error_score=0.0, kwargs={})
2025-11-04 08:53:51,180:INFO:Checking exceptions
2025-11-04 08:53:51,181:INFO:Importing libraries
2025-11-04 08:53:51,181:INFO:Copying training dataset
2025-11-04 08:53:51,194:INFO:Defining folds
2025-11-04 08:53:51,194:INFO:Declaring metric variables
2025-11-04 08:53:51,199:INFO:Importing untrained model
2025-11-04 08:53:51,203:INFO:CatBoost Regressor Imported successfully
2025-11-04 08:53:51,208:INFO:Starting cross validation
2025-11-04 08:53:51,221:INFO:Cross validating with KFold(n_splits=10, random_state=None, shuffle=False), n_jobs=-1
2025-11-04 08:54:11,055:INFO:Calculating mean and std
2025-11-04 08:54:11,056:INFO:Creating metrics dataframe
2025-11-04 08:54:11,059:INFO:Uploading results into container
2025-11-04 08:54:11,060:INFO:Uploading model into container now
2025-11-04 08:54:11,060:INFO:_master_model_container: 20
2025-11-04 08:54:11,061:INFO:_display_container: 2
2025-11-04 08:54:11,061:INFO:<catboost.core.CatBoostRegressor object at 0x00000259C19E47D0>
2025-11-04 08:54:11,061:INFO:create_model() successfully completed......................................
2025-11-04 08:54:11,388:INFO:SubProcess create_model() end ==================================
2025-11-04 08:54:11,388:INFO:Creating metrics dataframe
2025-11-04 08:54:11,400:INFO:Initializing Dummy Regressor
2025-11-04 08:54:11,400:INFO:Total runtime is 1.4123936812082927 minutes
2025-11-04 08:54:11,405:INFO:SubProcess create_model() called ==================================
2025-11-04 08:54:11,405:INFO:Initializing create_model()
2025-11-04 08:54:11,405:INFO:create_model(self=<pycaret.regression.oop.RegressionExperiment object at 0x00000259B75B8F10>, estimator=dummy, fold=KFold(n_splits=10, random_state=None, shuffle=False), round=4, cross_validation=True, predict=True, fit_kwargs={}, groups=None, refit=False, probability_threshold=None, experiment_custom_tags=None, verbose=False, system=False, add_to_model_list=True, metrics=None, display=<pycaret.internal.display.display.CommonDisplay object at 0x00000259B747D910>, model_only=True, return_train_score=False, error_score=0.0, kwargs={})
2025-11-04 08:54:11,405:INFO:Checking exceptions
2025-11-04 08:54:11,406:INFO:Importing libraries
2025-11-04 08:54:11,406:INFO:Copying training dataset
2025-11-04 08:54:11,423:INFO:Defining folds
2025-11-04 08:54:11,423:INFO:Declaring metric variables
2025-11-04 08:54:11,429:INFO:Importing untrained model
2025-11-04 08:54:11,439:INFO:Dummy Regressor Imported successfully
2025-11-04 08:54:11,451:INFO:Starting cross validation
2025-11-04 08:54:11,463:INFO:Cross validating with KFold(n_splits=10, random_state=None, shuffle=False), n_jobs=-1
2025-11-04 08:54:12,763:INFO:Calculating mean and std
2025-11-04 08:54:12,768:INFO:Creating metrics dataframe
2025-11-04 08:54:12,769:INFO:Uploading results into container
2025-11-04 08:54:12,770:INFO:Uploading model into container now
2025-11-04 08:54:12,770:INFO:_master_model_container: 21
2025-11-04 08:54:12,770:INFO:_display_container: 2
2025-11-04 08:54:12,771:INFO:DummyRegressor()
2025-11-04 08:54:12,771:INFO:create_model() successfully completed......................................
2025-11-04 08:54:13,094:INFO:SubProcess create_model() end ==================================
2025-11-04 08:54:13,094:INFO:Creating metrics dataframe
2025-11-04 08:54:13,138:INFO:Initializing create_model()
2025-11-04 08:54:13,139:INFO:create_model(self=<pycaret.regression.oop.RegressionExperiment object at 0x00000259B75B8F10>, estimator=LinearRegression(n_jobs=-1), fold=KFold(n_splits=10, random_state=None, shuffle=False), round=4, cross_validation=False, predict=False, fit_kwargs={}, groups=None, refit=True, probability_threshold=None, experiment_custom_tags=None, verbose=False, system=False, add_to_model_list=True, metrics=None, display=None, model_only=True, return_train_score=False, error_score=0.0, kwargs={})
2025-11-04 08:54:13,139:INFO:Checking exceptions
2025-11-04 08:54:13,143:INFO:Importing libraries
2025-11-04 08:54:13,143:INFO:Copying training dataset
2025-11-04 08:54:13,164:INFO:Defining folds
2025-11-04 08:54:13,165:INFO:Declaring metric variables
2025-11-04 08:54:13,165:INFO:Importing untrained model
2025-11-04 08:54:13,166:INFO:Declaring custom model
2025-11-04 08:54:13,166:INFO:Linear Regression Imported successfully
2025-11-04 08:54:13,178:INFO:Cross validation set to False
2025-11-04 08:54:13,178:INFO:Fitting Model
2025-11-04 08:54:14,472:INFO:LinearRegression(n_jobs=-1)
2025-11-04 08:54:14,472:INFO:create_model() successfully completed......................................
2025-11-04 08:54:14,829:INFO:_master_model_container: 21
2025-11-04 08:54:14,829:INFO:_display_container: 2
2025-11-04 08:54:14,829:INFO:LinearRegression(n_jobs=-1)
2025-11-04 08:54:14,830:INFO:compare_models() successfully completed......................................
2025-11-04 09:00:15,560:INFO:PyCaret RegressionExperiment
2025-11-04 09:00:15,560:INFO:Logging name: reg-default-name
2025-11-04 09:00:15,560:INFO:ML Usecase: MLUsecase.REGRESSION
2025-11-04 09:00:15,560:INFO:version 3.3.2
2025-11-04 09:00:15,560:INFO:Initializing setup()
2025-11-04 09:00:15,560:INFO:self.USI: 18cc
2025-11-04 09:00:15,560:INFO:self._variable_keys: {'X_test', 'data', 'X_train', 'transform_target_param', 'y', 'target_param', 'fold_generator', 'logging_param', 'fold_shuffle_param', 'exp_name_log', 'idx', 'exp_id', 'y_test', 'log_plots_param', '_ml_usecase', 'n_jobs_param', 'fold_groups_param', 'X', 'html_param', 'gpu_param', 'pipeline', 'USI', 'gpu_n_jobs_param', '_available_plots', 'y_train', 'seed', 'memory'}
2025-11-04 09:00:15,560:INFO:Checking environment
2025-11-04 09:00:15,560:INFO:python_version: 3.11.7
2025-11-04 09:00:15,560:INFO:python_build: ('tags/v3.11.7:fa7a6f2', 'Dec  4 2023 19:24:49')
2025-11-04 09:00:15,560:INFO:machine: AMD64
2025-11-04 09:00:15,560:INFO:platform: Windows-10-10.0.22631-SP0
2025-11-04 09:00:15,565:INFO:Memory: svmem(total=16841400320, available=5945069568, percent=64.7, used=10896330752, free=5945069568)
2025-11-04 09:00:15,565:INFO:Physical Core: 8
2025-11-04 09:00:15,565:INFO:Logical Core: 16
2025-11-04 09:00:15,565:INFO:Checking libraries
2025-11-04 09:00:15,565:INFO:System:
2025-11-04 09:00:15,565:INFO:    python: 3.11.7 (tags/v3.11.7:fa7a6f2, Dec  4 2023, 19:24:49) [MSC v.1937 64 bit (AMD64)]
2025-11-04 09:00:15,566:INFO:executable: c:\Users\Asus\Desktop\train\venv\Scripts\python.exe
2025-11-04 09:00:15,566:INFO:   machine: Windows-10-10.0.22631-SP0
2025-11-04 09:00:15,566:INFO:PyCaret required dependencies:
2025-11-04 09:00:15,566:INFO:                 pip: 23.2.1
2025-11-04 09:00:15,566:INFO:          setuptools: 80.9.0
2025-11-04 09:00:15,566:INFO:             pycaret: 3.3.2
2025-11-04 09:00:15,566:INFO:             IPython: 9.4.0
2025-11-04 09:00:15,566:INFO:          ipywidgets: 8.1.7
2025-11-04 09:00:15,566:INFO:                tqdm: 4.67.1
2025-11-04 09:00:15,566:INFO:               numpy: 1.26.4
2025-11-04 09:00:15,566:INFO:              pandas: 2.1.4
2025-11-04 09:00:15,566:INFO:              jinja2: 3.1.6
2025-11-04 09:00:15,566:INFO:               scipy: 1.11.4
2025-11-04 09:00:15,566:INFO:              joblib: 1.3.2
2025-11-04 09:00:15,566:INFO:             sklearn: 1.4.2
2025-11-04 09:00:15,566:INFO:                pyod: 2.0.5
2025-11-04 09:00:15,566:INFO:            imblearn: 0.14.0
2025-11-04 09:00:15,566:INFO:   category_encoders: 2.7.0
2025-11-04 09:00:15,566:INFO:            lightgbm: 4.6.0
2025-11-04 09:00:15,566:INFO:               numba: 0.61.0
2025-11-04 09:00:15,566:INFO:            requests: 2.32.5
2025-11-04 09:00:15,566:INFO:          matplotlib: 3.7.5
2025-11-04 09:00:15,566:INFO:          scikitplot: 0.3.7
2025-11-04 09:00:15,566:INFO:         yellowbrick: 1.5
2025-11-04 09:00:15,566:INFO:              plotly: 5.24.1
2025-11-04 09:00:15,566:INFO:    plotly-resampler: Not installed
2025-11-04 09:00:15,567:INFO:             kaleido: 1.1.0
2025-11-04 09:00:15,567:INFO:           schemdraw: 0.15
2025-11-04 09:00:15,567:INFO:         statsmodels: 0.14.5
2025-11-04 09:00:15,567:INFO:              sktime: 0.26.0
2025-11-04 09:00:15,567:INFO:               tbats: 1.1.3
2025-11-04 09:00:15,567:INFO:            pmdarima: 2.0.4
2025-11-04 09:00:15,567:INFO:              psutil: 7.0.0
2025-11-04 09:00:15,567:INFO:          markupsafe: 2.1.5
2025-11-04 09:00:15,567:INFO:             pickle5: Not installed
2025-11-04 09:00:15,567:INFO:         cloudpickle: 3.1.1
2025-11-04 09:00:15,567:INFO:         deprecation: 2.1.0
2025-11-04 09:00:15,567:INFO:              xxhash: 3.5.0
2025-11-04 09:00:15,567:INFO:           wurlitzer: Not installed
2025-11-04 09:00:15,567:INFO:PyCaret optional dependencies:
2025-11-04 09:00:15,567:INFO:                shap: 0.44.1
2025-11-04 09:00:15,567:INFO:           interpret: 0.7.2
2025-11-04 09:00:15,567:INFO:                umap: 0.5.7
2025-11-04 09:00:15,567:INFO:     ydata_profiling: 4.17.0
2025-11-04 09:00:15,567:INFO:  explainerdashboard: 0.5.1
2025-11-04 09:00:15,567:INFO:             autoviz: Not installed
2025-11-04 09:00:15,567:INFO:           fairlearn: 0.7.0
2025-11-04 09:00:15,567:INFO:          deepchecks: Not installed
2025-11-04 09:00:15,567:INFO:             xgboost: 3.0.5
2025-11-04 09:00:15,567:INFO:            catboost: 1.2.8
2025-11-04 09:00:15,567:INFO:              kmodes: 0.12.2
2025-11-04 09:00:15,567:INFO:             mlxtend: 0.23.4
2025-11-04 09:00:15,567:INFO:       statsforecast: 1.5.0
2025-11-04 09:00:15,567:INFO:        tune_sklearn: Not installed
2025-11-04 09:00:15,567:INFO:                 ray: Not installed
2025-11-04 09:00:15,567:INFO:            hyperopt: 0.2.7
2025-11-04 09:00:15,567:INFO:              optuna: 4.5.0
2025-11-04 09:00:15,567:INFO:               skopt: 0.10.2
2025-11-04 09:00:15,568:INFO:              mlflow: 3.4.0
2025-11-04 09:00:15,568:INFO:              gradio: 5.48.0
2025-11-04 09:00:15,568:INFO:             fastapi: 0.118.0
2025-11-04 09:00:15,568:INFO:             uvicorn: 0.37.0
2025-11-04 09:00:15,568:INFO:              m2cgen: 0.10.0
2025-11-04 09:00:15,568:INFO:           evidently: 0.4.40
2025-11-04 09:00:15,568:INFO:               fugue: 0.8.7
2025-11-04 09:00:15,568:INFO:           streamlit: 1.50.0
2025-11-04 09:00:15,568:INFO:             prophet: Not installed
2025-11-04 09:00:15,568:INFO:None
2025-11-04 09:00:15,568:INFO:Set up data.
2025-11-04 09:00:15,582:INFO:Set up folding strategy.
2025-11-04 09:00:15,582:INFO:Set up train/test split.
2025-11-04 09:00:15,587:INFO:Set up index.
2025-11-04 09:00:15,588:INFO:Assigning column types.
2025-11-04 09:00:15,591:INFO:Engine successfully changes for model 'lr' to 'sklearn'.
2025-11-04 09:00:15,591:INFO:Engine for model 'lasso' has not been set explicitly, hence returning None.
2025-11-04 09:00:15,595:INFO:Engine for model 'ridge' has not been set explicitly, hence returning None.
2025-11-04 09:00:15,601:INFO:Engine for model 'en' has not been set explicitly, hence returning None.
2025-11-04 09:00:15,672:INFO:Engine for model 'svm' has not been set explicitly, hence returning None.
2025-11-04 09:00:15,739:INFO:Engine for model 'knn' has not been set explicitly, hence returning None.
2025-11-04 09:00:15,741:INFO:Soft dependency imported: xgboost: 3.0.5
2025-11-04 09:00:15,747:INFO:Soft dependency imported: catboost: 1.2.8
2025-11-04 09:00:15,748:INFO:Engine for model 'lasso' has not been set explicitly, hence returning None.
2025-11-04 09:00:15,758:INFO:Engine for model 'ridge' has not been set explicitly, hence returning None.
2025-11-04 09:00:15,769:INFO:Engine for model 'en' has not been set explicitly, hence returning None.
2025-11-04 09:00:15,848:INFO:Engine for model 'svm' has not been set explicitly, hence returning None.
2025-11-04 09:00:15,898:INFO:Engine for model 'knn' has not been set explicitly, hence returning None.
2025-11-04 09:00:15,898:INFO:Soft dependency imported: xgboost: 3.0.5
2025-11-04 09:00:15,902:INFO:Soft dependency imported: catboost: 1.2.8
2025-11-04 09:00:15,902:INFO:Engine successfully changes for model 'lasso' to 'sklearn'.
2025-11-04 09:00:15,907:INFO:Engine for model 'ridge' has not been set explicitly, hence returning None.
2025-11-04 09:00:15,913:INFO:Engine for model 'en' has not been set explicitly, hence returning None.
2025-11-04 09:00:15,997:INFO:Engine for model 'svm' has not been set explicitly, hence returning None.
2025-11-04 09:00:16,071:INFO:Engine for model 'knn' has not been set explicitly, hence returning None.
2025-11-04 09:00:16,073:INFO:Soft dependency imported: xgboost: 3.0.5
2025-11-04 09:00:16,076:INFO:Soft dependency imported: catboost: 1.2.8
2025-11-04 09:00:16,085:INFO:Engine for model 'ridge' has not been set explicitly, hence returning None.
2025-11-04 09:00:16,092:INFO:Engine for model 'en' has not been set explicitly, hence returning None.
2025-11-04 09:00:16,160:INFO:Engine for model 'svm' has not been set explicitly, hence returning None.
2025-11-04 09:00:16,211:INFO:Engine for model 'knn' has not been set explicitly, hence returning None.
2025-11-04 09:00:16,212:INFO:Soft dependency imported: xgboost: 3.0.5
2025-11-04 09:00:16,214:INFO:Soft dependency imported: catboost: 1.2.8
2025-11-04 09:00:16,215:INFO:Engine successfully changes for model 'ridge' to 'sklearn'.
2025-11-04 09:00:16,225:INFO:Engine for model 'en' has not been set explicitly, hence returning None.
2025-11-04 09:00:16,292:INFO:Engine for model 'svm' has not been set explicitly, hence returning None.
2025-11-04 09:00:16,338:INFO:Engine for model 'knn' has not been set explicitly, hence returning None.
2025-11-04 09:00:16,339:INFO:Soft dependency imported: xgboost: 3.0.5
2025-11-04 09:00:16,342:INFO:Soft dependency imported: catboost: 1.2.8
2025-11-04 09:00:16,353:INFO:Engine for model 'en' has not been set explicitly, hence returning None.
2025-11-04 09:00:16,415:INFO:Engine for model 'svm' has not been set explicitly, hence returning None.
2025-11-04 09:00:16,464:INFO:Engine for model 'knn' has not been set explicitly, hence returning None.
2025-11-04 09:00:16,465:INFO:Soft dependency imported: xgboost: 3.0.5
2025-11-04 09:00:16,468:INFO:Soft dependency imported: catboost: 1.2.8
2025-11-04 09:00:16,469:INFO:Engine successfully changes for model 'en' to 'sklearn'.
2025-11-04 09:00:16,543:INFO:Engine for model 'svm' has not been set explicitly, hence returning None.
2025-11-04 09:00:16,590:INFO:Engine for model 'knn' has not been set explicitly, hence returning None.
2025-11-04 09:00:16,591:INFO:Soft dependency imported: xgboost: 3.0.5
2025-11-04 09:00:16,595:INFO:Soft dependency imported: catboost: 1.2.8
2025-11-04 09:00:16,667:INFO:Engine for model 'svm' has not been set explicitly, hence returning None.
2025-11-04 09:00:16,732:INFO:Engine for model 'knn' has not been set explicitly, hence returning None.
2025-11-04 09:00:16,732:INFO:Soft dependency imported: xgboost: 3.0.5
2025-11-04 09:00:16,735:INFO:Soft dependency imported: catboost: 1.2.8
2025-11-04 09:00:16,736:INFO:Engine successfully changes for model 'knn' to 'sklearn'.
2025-11-04 09:00:16,827:INFO:Engine for model 'svm' has not been set explicitly, hence returning None.
2025-11-04 09:00:16,907:INFO:Soft dependency imported: xgboost: 3.0.5
2025-11-04 09:00:16,913:INFO:Soft dependency imported: catboost: 1.2.8
2025-11-04 09:00:17,016:INFO:Engine for model 'svm' has not been set explicitly, hence returning None.
2025-11-04 09:00:17,079:INFO:Soft dependency imported: xgboost: 3.0.5
2025-11-04 09:00:17,083:INFO:Soft dependency imported: catboost: 1.2.8
2025-11-04 09:00:17,084:INFO:Engine successfully changes for model 'svm' to 'sklearn'.
2025-11-04 09:00:17,264:INFO:Soft dependency imported: xgboost: 3.0.5
2025-11-04 09:00:17,266:INFO:Soft dependency imported: catboost: 1.2.8
2025-11-04 09:00:17,413:INFO:Soft dependency imported: xgboost: 3.0.5
2025-11-04 09:00:17,418:INFO:Soft dependency imported: catboost: 1.2.8
2025-11-04 09:00:17,421:INFO:Preparing preprocessing pipeline...
2025-11-04 09:00:17,421:INFO:Set up simple imputation.
2025-11-04 09:00:17,431:INFO:Set up encoding of categorical features.
2025-11-04 09:00:17,431:INFO:Set up removing outliers.
2025-11-04 09:00:17,609:INFO:Finished creating preprocessing pipeline.
2025-11-04 09:00:17,618:INFO:Pipeline: Pipeline(memory=FastMemory(location=C:\TEMP\joblib),
         steps=[('numerical_imputer',
                 TransformerWrapper(include=['YearsCodePro'],
                                    transformer=SimpleImputer())),
                ('categorical_imputer',
                 TransformerWrapper(include=['Country', 'EdLevel'],
                                    transformer=SimpleImputer(strategy='most_frequent'))),
                ('onehot_encoding',
                 TransformerWrapper(include=['EdLevel'],
                                    transformer=OneHotEncoder(cols=['EdLevel'],
                                                              handle_missing='return_nan',
                                                              use_cat_names=True))),
                ('rest_encoding',
                 TransformerWrapper(include=['Country'],
                                    transformer=TargetEncoder(cols=['Country'],
                                                              handle_missing='return_nan'))),
                ('remove_outliers',
                 TransformerWrapper(transformer=RemoveOutliers(random_state=23)))])
2025-11-04 09:00:17,618:INFO:Creating final display dataframe.
2025-11-04 09:00:19,744:INFO:Setup _display_container:                     Description             Value
0                    Session id                23
1                        Target            Salary
2                   Target type        Regression
3           Original data shape        (37923, 4)
4        Transformed data shape        (36607, 7)
5   Transformed train set shape        (25230, 7)
6    Transformed test set shape        (11377, 7)
7              Numeric features                 1
8          Categorical features                 2
9                    Preprocess              True
10              Imputation type            simple
11           Numeric imputation              mean
12       Categorical imputation              mode
13     Maximum one-hot encoding                25
14              Encoding method              None
15              Remove outliers              True
16           Outliers threshold              0.05
17               Fold Generator             KFold
18                  Fold Number                10
19                     CPU Jobs                -1
20                      Use GPU             False
21               Log Experiment             False
22              Experiment Name  reg-default-name
23                          USI              18cc
2025-11-04 09:00:19,923:INFO:Soft dependency imported: xgboost: 3.0.5
2025-11-04 09:00:19,928:INFO:Soft dependency imported: catboost: 1.2.8
2025-11-04 09:00:20,058:INFO:Soft dependency imported: xgboost: 3.0.5
2025-11-04 09:00:20,064:INFO:Soft dependency imported: catboost: 1.2.8
2025-11-04 09:00:20,067:INFO:setup() successfully completed in 4.51s...............
2025-11-04 09:00:20,415:INFO:gpu_param set to False
2025-11-04 09:00:20,568:INFO:Soft dependency imported: xgboost: 3.0.5
2025-11-04 09:00:20,570:INFO:Soft dependency imported: catboost: 1.2.8
2025-11-04 09:00:20,699:INFO:Soft dependency imported: xgboost: 3.0.5
2025-11-04 09:00:20,702:INFO:Soft dependency imported: catboost: 1.2.8
2025-11-04 09:00:20,763:INFO:Initializing compare_models()
2025-11-04 09:00:20,763:INFO:compare_models(self=<pycaret.regression.oop.RegressionExperiment object at 0x00000259C5D11150>, include=None, exclude=None, fold=None, round=4, cross_validation=True, sort=R2, n_select=1, budget_time=None, turbo=True, errors=ignore, fit_kwargs=None, groups=None, experiment_custom_tags=None, probability_threshold=None, verbose=True, parallel=None, caller_params={'self': <pycaret.regression.oop.RegressionExperiment object at 0x00000259C5D11150>, 'include': None, 'exclude': None, 'fold': None, 'round': 4, 'cross_validation': True, 'sort': 'R2', 'n_select': 1, 'budget_time': None, 'turbo': True, 'errors': 'ignore', 'fit_kwargs': None, 'groups': None, 'experiment_custom_tags': None, 'engine': None, 'verbose': True, 'parallel': None, '__class__': <class 'pycaret.regression.oop.RegressionExperiment'>})
2025-11-04 09:00:20,763:INFO:Checking exceptions
2025-11-04 09:00:20,767:INFO:Preparing display monitor
2025-11-04 09:00:20,790:INFO:Initializing Linear Regression
2025-11-04 09:00:20,791:INFO:Total runtime is 1.6621748606363933e-05 minutes
2025-11-04 09:00:20,794:INFO:SubProcess create_model() called ==================================
2025-11-04 09:00:20,795:INFO:Initializing create_model()
2025-11-04 09:00:20,795:INFO:create_model(self=<pycaret.regression.oop.RegressionExperiment object at 0x00000259C5D11150>, estimator=lr, fold=KFold(n_splits=10, random_state=None, shuffle=False), round=4, cross_validation=True, predict=True, fit_kwargs={}, groups=None, refit=False, probability_threshold=None, experiment_custom_tags=None, verbose=False, system=False, add_to_model_list=True, metrics=None, display=<pycaret.internal.display.display.CommonDisplay object at 0x00000259C604A850>, model_only=True, return_train_score=False, error_score=0.0, kwargs={})
2025-11-04 09:00:20,795:INFO:Checking exceptions
2025-11-04 09:00:20,795:INFO:Importing libraries
2025-11-04 09:00:20,795:INFO:Copying training dataset
2025-11-04 09:00:20,806:INFO:Defining folds
2025-11-04 09:00:20,806:INFO:Declaring metric variables
2025-11-04 09:00:20,809:INFO:Importing untrained model
2025-11-04 09:00:20,813:INFO:Linear Regression Imported successfully
2025-11-04 09:00:20,819:INFO:Starting cross validation
2025-11-04 09:00:20,827:INFO:Cross validating with KFold(n_splits=10, random_state=None, shuffle=False), n_jobs=-1
2025-11-04 09:00:26,395:INFO:Calculating mean and std
2025-11-04 09:00:26,399:INFO:Creating metrics dataframe
2025-11-04 09:00:26,405:INFO:Uploading results into container
2025-11-04 09:00:26,406:INFO:Uploading model into container now
2025-11-04 09:00:26,408:INFO:_master_model_container: 1
2025-11-04 09:00:26,408:INFO:_display_container: 2
2025-11-04 09:00:26,409:INFO:LinearRegression(n_jobs=-1)
2025-11-04 09:00:26,409:INFO:create_model() successfully completed......................................
2025-11-04 09:00:26,774:INFO:SubProcess create_model() end ==================================
2025-11-04 09:00:26,774:INFO:Creating metrics dataframe
2025-11-04 09:00:26,795:INFO:Initializing Lasso Regression
2025-11-04 09:00:26,795:INFO:Total runtime is 0.10007239977518717 minutes
2025-11-04 09:00:26,802:INFO:SubProcess create_model() called ==================================
2025-11-04 09:00:26,802:INFO:Initializing create_model()
2025-11-04 09:00:26,803:INFO:create_model(self=<pycaret.regression.oop.RegressionExperiment object at 0x00000259C5D11150>, estimator=lasso, fold=KFold(n_splits=10, random_state=None, shuffle=False), round=4, cross_validation=True, predict=True, fit_kwargs={}, groups=None, refit=False, probability_threshold=None, experiment_custom_tags=None, verbose=False, system=False, add_to_model_list=True, metrics=None, display=<pycaret.internal.display.display.CommonDisplay object at 0x00000259C604A850>, model_only=True, return_train_score=False, error_score=0.0, kwargs={})
2025-11-04 09:00:26,803:INFO:Checking exceptions
2025-11-04 09:00:26,803:INFO:Importing libraries
2025-11-04 09:00:26,803:INFO:Copying training dataset
2025-11-04 09:00:26,814:INFO:Defining folds
2025-11-04 09:00:26,815:INFO:Declaring metric variables
2025-11-04 09:00:26,819:INFO:Importing untrained model
2025-11-04 09:00:26,822:INFO:Lasso Regression Imported successfully
2025-11-04 09:00:26,828:INFO:Starting cross validation
2025-11-04 09:00:26,839:INFO:Cross validating with KFold(n_splits=10, random_state=None, shuffle=False), n_jobs=-1
2025-11-04 09:00:31,654:INFO:Calculating mean and std
2025-11-04 09:00:31,655:INFO:Creating metrics dataframe
2025-11-04 09:00:31,658:INFO:Uploading results into container
2025-11-04 09:00:31,660:INFO:Uploading model into container now
2025-11-04 09:00:31,660:INFO:_master_model_container: 2
2025-11-04 09:00:31,661:INFO:_display_container: 2
2025-11-04 09:00:31,661:INFO:Lasso(random_state=23)
2025-11-04 09:00:31,662:INFO:create_model() successfully completed......................................
2025-11-04 09:00:31,977:INFO:SubProcess create_model() end ==================================
2025-11-04 09:00:31,977:INFO:Creating metrics dataframe
2025-11-04 09:00:31,986:INFO:Initializing Ridge Regression
2025-11-04 09:00:31,986:INFO:Total runtime is 0.18659681479136148 minutes
2025-11-04 09:00:31,989:INFO:SubProcess create_model() called ==================================
2025-11-04 09:00:31,990:INFO:Initializing create_model()
2025-11-04 09:00:31,990:INFO:create_model(self=<pycaret.regression.oop.RegressionExperiment object at 0x00000259C5D11150>, estimator=ridge, fold=KFold(n_splits=10, random_state=None, shuffle=False), round=4, cross_validation=True, predict=True, fit_kwargs={}, groups=None, refit=False, probability_threshold=None, experiment_custom_tags=None, verbose=False, system=False, add_to_model_list=True, metrics=None, display=<pycaret.internal.display.display.CommonDisplay object at 0x00000259C604A850>, model_only=True, return_train_score=False, error_score=0.0, kwargs={})
2025-11-04 09:00:31,990:INFO:Checking exceptions
2025-11-04 09:00:31,990:INFO:Importing libraries
2025-11-04 09:00:31,990:INFO:Copying training dataset
2025-11-04 09:00:31,998:INFO:Defining folds
2025-11-04 09:00:31,999:INFO:Declaring metric variables
2025-11-04 09:00:32,002:INFO:Importing untrained model
2025-11-04 09:00:32,006:INFO:Ridge Regression Imported successfully
2025-11-04 09:00:32,010:INFO:Starting cross validation
2025-11-04 09:00:32,019:INFO:Cross validating with KFold(n_splits=10, random_state=None, shuffle=False), n_jobs=-1
2025-11-04 09:00:32,829:INFO:Calculating mean and std
2025-11-04 09:00:32,831:INFO:Creating metrics dataframe
2025-11-04 09:00:32,834:INFO:Uploading results into container
2025-11-04 09:00:32,835:INFO:Uploading model into container now
2025-11-04 09:00:32,835:INFO:_master_model_container: 3
2025-11-04 09:00:32,835:INFO:_display_container: 2
2025-11-04 09:00:32,836:INFO:Ridge(random_state=23)
2025-11-04 09:00:32,836:INFO:create_model() successfully completed......................................
2025-11-04 09:00:33,092:INFO:SubProcess create_model() end ==================================
2025-11-04 09:00:33,092:INFO:Creating metrics dataframe
2025-11-04 09:00:33,099:INFO:Initializing Elastic Net
2025-11-04 09:00:33,099:INFO:Total runtime is 0.20513681570688883 minutes
2025-11-04 09:00:33,101:INFO:SubProcess create_model() called ==================================
2025-11-04 09:00:33,102:INFO:Initializing create_model()
2025-11-04 09:00:33,102:INFO:create_model(self=<pycaret.regression.oop.RegressionExperiment object at 0x00000259C5D11150>, estimator=en, fold=KFold(n_splits=10, random_state=None, shuffle=False), round=4, cross_validation=True, predict=True, fit_kwargs={}, groups=None, refit=False, probability_threshold=None, experiment_custom_tags=None, verbose=False, system=False, add_to_model_list=True, metrics=None, display=<pycaret.internal.display.display.CommonDisplay object at 0x00000259C604A850>, model_only=True, return_train_score=False, error_score=0.0, kwargs={})
2025-11-04 09:00:33,102:INFO:Checking exceptions
2025-11-04 09:00:33,102:INFO:Importing libraries
2025-11-04 09:00:33,102:INFO:Copying training dataset
2025-11-04 09:00:33,111:INFO:Defining folds
2025-11-04 09:00:33,111:INFO:Declaring metric variables
2025-11-04 09:00:33,114:INFO:Importing untrained model
2025-11-04 09:00:33,117:INFO:Elastic Net Imported successfully
2025-11-04 09:00:33,122:INFO:Starting cross validation
2025-11-04 09:00:33,135:INFO:Cross validating with KFold(n_splits=10, random_state=None, shuffle=False), n_jobs=-1
2025-11-04 09:00:33,899:INFO:Calculating mean and std
2025-11-04 09:00:33,900:INFO:Creating metrics dataframe
2025-11-04 09:00:33,902:INFO:Uploading results into container
2025-11-04 09:00:33,903:INFO:Uploading model into container now
2025-11-04 09:00:33,903:INFO:_master_model_container: 4
2025-11-04 09:00:33,903:INFO:_display_container: 2
2025-11-04 09:00:33,905:INFO:ElasticNet(random_state=23)
2025-11-04 09:00:33,905:INFO:create_model() successfully completed......................................
2025-11-04 09:00:34,169:INFO:SubProcess create_model() end ==================================
2025-11-04 09:00:34,169:INFO:Creating metrics dataframe
2025-11-04 09:00:34,178:INFO:Initializing Least Angle Regression
2025-11-04 09:00:34,178:INFO:Total runtime is 0.22312975327173867 minutes
2025-11-04 09:00:34,182:INFO:SubProcess create_model() called ==================================
2025-11-04 09:00:34,182:INFO:Initializing create_model()
2025-11-04 09:00:34,182:INFO:create_model(self=<pycaret.regression.oop.RegressionExperiment object at 0x00000259C5D11150>, estimator=lar, fold=KFold(n_splits=10, random_state=None, shuffle=False), round=4, cross_validation=True, predict=True, fit_kwargs={}, groups=None, refit=False, probability_threshold=None, experiment_custom_tags=None, verbose=False, system=False, add_to_model_list=True, metrics=None, display=<pycaret.internal.display.display.CommonDisplay object at 0x00000259C604A850>, model_only=True, return_train_score=False, error_score=0.0, kwargs={})
2025-11-04 09:00:34,183:INFO:Checking exceptions
2025-11-04 09:00:34,183:INFO:Importing libraries
2025-11-04 09:00:34,183:INFO:Copying training dataset
2025-11-04 09:00:34,193:INFO:Defining folds
2025-11-04 09:00:34,194:INFO:Declaring metric variables
2025-11-04 09:00:34,197:INFO:Importing untrained model
2025-11-04 09:00:34,202:INFO:Least Angle Regression Imported successfully
2025-11-04 09:00:34,210:INFO:Starting cross validation
2025-11-04 09:00:34,224:INFO:Cross validating with KFold(n_splits=10, random_state=None, shuffle=False), n_jobs=-1
2025-11-04 09:00:34,998:INFO:Calculating mean and std
2025-11-04 09:00:35,000:INFO:Creating metrics dataframe
2025-11-04 09:00:35,004:INFO:Uploading results into container
2025-11-04 09:00:35,004:INFO:Uploading model into container now
2025-11-04 09:00:35,005:INFO:_master_model_container: 5
2025-11-04 09:00:35,005:INFO:_display_container: 2
2025-11-04 09:00:35,005:INFO:Lars(random_state=23)
2025-11-04 09:00:35,005:INFO:create_model() successfully completed......................................
2025-11-04 09:00:35,262:INFO:SubProcess create_model() end ==================================
2025-11-04 09:00:35,262:INFO:Creating metrics dataframe
2025-11-04 09:00:35,268:INFO:Initializing Lasso Least Angle Regression
2025-11-04 09:00:35,269:INFO:Total runtime is 0.2413157820701599 minutes
2025-11-04 09:00:35,271:INFO:SubProcess create_model() called ==================================
2025-11-04 09:00:35,272:INFO:Initializing create_model()
2025-11-04 09:00:35,272:INFO:create_model(self=<pycaret.regression.oop.RegressionExperiment object at 0x00000259C5D11150>, estimator=llar, fold=KFold(n_splits=10, random_state=None, shuffle=False), round=4, cross_validation=True, predict=True, fit_kwargs={}, groups=None, refit=False, probability_threshold=None, experiment_custom_tags=None, verbose=False, system=False, add_to_model_list=True, metrics=None, display=<pycaret.internal.display.display.CommonDisplay object at 0x00000259C604A850>, model_only=True, return_train_score=False, error_score=0.0, kwargs={})
2025-11-04 09:00:35,272:INFO:Checking exceptions
2025-11-04 09:00:35,272:INFO:Importing libraries
2025-11-04 09:00:35,272:INFO:Copying training dataset
2025-11-04 09:00:35,278:INFO:Defining folds
2025-11-04 09:00:35,278:INFO:Declaring metric variables
2025-11-04 09:00:35,282:INFO:Importing untrained model
2025-11-04 09:00:35,285:INFO:Lasso Least Angle Regression Imported successfully
2025-11-04 09:00:35,295:INFO:Starting cross validation
2025-11-04 09:00:35,308:INFO:Cross validating with KFold(n_splits=10, random_state=None, shuffle=False), n_jobs=-1
2025-11-04 09:00:36,045:INFO:Calculating mean and std
2025-11-04 09:00:36,046:INFO:Creating metrics dataframe
2025-11-04 09:00:36,048:INFO:Uploading results into container
2025-11-04 09:00:36,049:INFO:Uploading model into container now
2025-11-04 09:00:36,049:INFO:_master_model_container: 6
2025-11-04 09:00:36,049:INFO:_display_container: 2
2025-11-04 09:00:36,049:INFO:LassoLars(random_state=23)
2025-11-04 09:00:36,050:INFO:create_model() successfully completed......................................
2025-11-04 09:00:36,337:INFO:SubProcess create_model() end ==================================
2025-11-04 09:00:36,337:INFO:Creating metrics dataframe
2025-11-04 09:00:36,345:INFO:Initializing Orthogonal Matching Pursuit
2025-11-04 09:00:36,345:INFO:Total runtime is 0.259249476591746 minutes
2025-11-04 09:00:36,349:INFO:SubProcess create_model() called ==================================
2025-11-04 09:00:36,349:INFO:Initializing create_model()
2025-11-04 09:00:36,349:INFO:create_model(self=<pycaret.regression.oop.RegressionExperiment object at 0x00000259C5D11150>, estimator=omp, fold=KFold(n_splits=10, random_state=None, shuffle=False), round=4, cross_validation=True, predict=True, fit_kwargs={}, groups=None, refit=False, probability_threshold=None, experiment_custom_tags=None, verbose=False, system=False, add_to_model_list=True, metrics=None, display=<pycaret.internal.display.display.CommonDisplay object at 0x00000259C604A850>, model_only=True, return_train_score=False, error_score=0.0, kwargs={})
2025-11-04 09:00:36,349:INFO:Checking exceptions
2025-11-04 09:00:36,349:INFO:Importing libraries
2025-11-04 09:00:36,349:INFO:Copying training dataset
2025-11-04 09:00:36,359:INFO:Defining folds
2025-11-04 09:00:36,359:INFO:Declaring metric variables
2025-11-04 09:00:36,364:INFO:Importing untrained model
2025-11-04 09:00:36,369:INFO:Orthogonal Matching Pursuit Imported successfully
2025-11-04 09:00:36,375:INFO:Starting cross validation
2025-11-04 09:00:36,389:INFO:Cross validating with KFold(n_splits=10, random_state=None, shuffle=False), n_jobs=-1
2025-11-04 09:00:37,228:INFO:Calculating mean and std
2025-11-04 09:00:37,230:INFO:Creating metrics dataframe
2025-11-04 09:00:37,233:INFO:Uploading results into container
2025-11-04 09:00:37,233:INFO:Uploading model into container now
2025-11-04 09:00:37,234:INFO:_master_model_container: 7
2025-11-04 09:00:37,234:INFO:_display_container: 2
2025-11-04 09:00:37,234:INFO:OrthogonalMatchingPursuit()
2025-11-04 09:00:37,234:INFO:create_model() successfully completed......................................
2025-11-04 09:00:37,523:INFO:SubProcess create_model() end ==================================
2025-11-04 09:00:37,523:INFO:Creating metrics dataframe
2025-11-04 09:00:37,533:INFO:Initializing Bayesian Ridge
2025-11-04 09:00:37,533:INFO:Total runtime is 0.2790436863899231 minutes
2025-11-04 09:00:37,537:INFO:SubProcess create_model() called ==================================
2025-11-04 09:00:37,537:INFO:Initializing create_model()
2025-11-04 09:00:37,537:INFO:create_model(self=<pycaret.regression.oop.RegressionExperiment object at 0x00000259C5D11150>, estimator=br, fold=KFold(n_splits=10, random_state=None, shuffle=False), round=4, cross_validation=True, predict=True, fit_kwargs={}, groups=None, refit=False, probability_threshold=None, experiment_custom_tags=None, verbose=False, system=False, add_to_model_list=True, metrics=None, display=<pycaret.internal.display.display.CommonDisplay object at 0x00000259C604A850>, model_only=True, return_train_score=False, error_score=0.0, kwargs={})
2025-11-04 09:00:37,537:INFO:Checking exceptions
2025-11-04 09:00:37,537:INFO:Importing libraries
2025-11-04 09:00:37,537:INFO:Copying training dataset
2025-11-04 09:00:37,544:INFO:Defining folds
2025-11-04 09:00:37,544:INFO:Declaring metric variables
2025-11-04 09:00:37,546:INFO:Importing untrained model
2025-11-04 09:00:37,550:INFO:Bayesian Ridge Imported successfully
2025-11-04 09:00:37,555:INFO:Starting cross validation
2025-11-04 09:00:37,563:INFO:Cross validating with KFold(n_splits=10, random_state=None, shuffle=False), n_jobs=-1
2025-11-04 09:00:38,318:INFO:Calculating mean and std
2025-11-04 09:00:38,319:INFO:Creating metrics dataframe
2025-11-04 09:00:38,321:INFO:Uploading results into container
2025-11-04 09:00:38,321:INFO:Uploading model into container now
2025-11-04 09:00:38,322:INFO:_master_model_container: 8
2025-11-04 09:00:38,322:INFO:_display_container: 2
2025-11-04 09:00:38,322:INFO:BayesianRidge()
2025-11-04 09:00:38,322:INFO:create_model() successfully completed......................................
2025-11-04 09:00:38,599:INFO:SubProcess create_model() end ==================================
2025-11-04 09:00:38,600:INFO:Creating metrics dataframe
2025-11-04 09:00:38,620:INFO:Initializing Passive Aggressive Regressor
2025-11-04 09:00:38,620:INFO:Total runtime is 0.2971606214841207 minutes
2025-11-04 09:00:38,625:INFO:SubProcess create_model() called ==================================
2025-11-04 09:00:38,626:INFO:Initializing create_model()
2025-11-04 09:00:38,626:INFO:create_model(self=<pycaret.regression.oop.RegressionExperiment object at 0x00000259C5D11150>, estimator=par, fold=KFold(n_splits=10, random_state=None, shuffle=False), round=4, cross_validation=True, predict=True, fit_kwargs={}, groups=None, refit=False, probability_threshold=None, experiment_custom_tags=None, verbose=False, system=False, add_to_model_list=True, metrics=None, display=<pycaret.internal.display.display.CommonDisplay object at 0x00000259C604A850>, model_only=True, return_train_score=False, error_score=0.0, kwargs={})
2025-11-04 09:00:38,626:INFO:Checking exceptions
2025-11-04 09:00:38,626:INFO:Importing libraries
2025-11-04 09:00:38,626:INFO:Copying training dataset
2025-11-04 09:00:38,635:INFO:Defining folds
2025-11-04 09:00:38,635:INFO:Declaring metric variables
2025-11-04 09:00:38,640:INFO:Importing untrained model
2025-11-04 09:00:38,643:INFO:Passive Aggressive Regressor Imported successfully
2025-11-04 09:00:38,649:INFO:Starting cross validation
2025-11-04 09:00:38,657:INFO:Cross validating with KFold(n_splits=10, random_state=None, shuffle=False), n_jobs=-1
2025-11-04 09:00:39,442:INFO:Calculating mean and std
2025-11-04 09:00:39,444:INFO:Creating metrics dataframe
2025-11-04 09:00:39,446:INFO:Uploading results into container
2025-11-04 09:00:39,446:INFO:Uploading model into container now
2025-11-04 09:00:39,447:INFO:_master_model_container: 9
2025-11-04 09:00:39,447:INFO:_display_container: 2
2025-11-04 09:00:39,447:INFO:PassiveAggressiveRegressor(random_state=23)
2025-11-04 09:00:39,447:INFO:create_model() successfully completed......................................
2025-11-04 09:00:39,716:INFO:SubProcess create_model() end ==================================
2025-11-04 09:00:39,717:INFO:Creating metrics dataframe
2025-11-04 09:00:39,728:INFO:Initializing Huber Regressor
2025-11-04 09:00:39,729:INFO:Total runtime is 0.3156495213508606 minutes
2025-11-04 09:00:39,733:INFO:SubProcess create_model() called ==================================
2025-11-04 09:00:39,733:INFO:Initializing create_model()
2025-11-04 09:00:39,733:INFO:create_model(self=<pycaret.regression.oop.RegressionExperiment object at 0x00000259C5D11150>, estimator=huber, fold=KFold(n_splits=10, random_state=None, shuffle=False), round=4, cross_validation=True, predict=True, fit_kwargs={}, groups=None, refit=False, probability_threshold=None, experiment_custom_tags=None, verbose=False, system=False, add_to_model_list=True, metrics=None, display=<pycaret.internal.display.display.CommonDisplay object at 0x00000259C604A850>, model_only=True, return_train_score=False, error_score=0.0, kwargs={})
2025-11-04 09:00:39,734:INFO:Checking exceptions
2025-11-04 09:00:39,734:INFO:Importing libraries
2025-11-04 09:00:39,734:INFO:Copying training dataset
2025-11-04 09:00:39,747:INFO:Defining folds
2025-11-04 09:00:39,747:INFO:Declaring metric variables
2025-11-04 09:00:39,753:INFO:Importing untrained model
2025-11-04 09:00:39,756:INFO:Huber Regressor Imported successfully
2025-11-04 09:00:39,762:INFO:Starting cross validation
2025-11-04 09:00:39,774:INFO:Cross validating with KFold(n_splits=10, random_state=None, shuffle=False), n_jobs=-1
2025-11-04 09:00:40,653:INFO:Calculating mean and std
2025-11-04 09:00:40,654:INFO:Creating metrics dataframe
2025-11-04 09:00:40,655:INFO:Uploading results into container
2025-11-04 09:00:40,656:INFO:Uploading model into container now
2025-11-04 09:00:40,656:INFO:_master_model_container: 10
2025-11-04 09:00:40,656:INFO:_display_container: 2
2025-11-04 09:00:40,657:INFO:HuberRegressor()
2025-11-04 09:00:40,657:INFO:create_model() successfully completed......................................
2025-11-04 09:00:40,927:INFO:SubProcess create_model() end ==================================
2025-11-04 09:00:40,927:INFO:Creating metrics dataframe
2025-11-04 09:00:40,944:INFO:Initializing K Neighbors Regressor
2025-11-04 09:00:40,944:INFO:Total runtime is 0.33589827219645185 minutes
2025-11-04 09:00:40,948:INFO:SubProcess create_model() called ==================================
2025-11-04 09:00:40,948:INFO:Initializing create_model()
2025-11-04 09:00:40,949:INFO:create_model(self=<pycaret.regression.oop.RegressionExperiment object at 0x00000259C5D11150>, estimator=knn, fold=KFold(n_splits=10, random_state=None, shuffle=False), round=4, cross_validation=True, predict=True, fit_kwargs={}, groups=None, refit=False, probability_threshold=None, experiment_custom_tags=None, verbose=False, system=False, add_to_model_list=True, metrics=None, display=<pycaret.internal.display.display.CommonDisplay object at 0x00000259C604A850>, model_only=True, return_train_score=False, error_score=0.0, kwargs={})
2025-11-04 09:00:40,949:INFO:Checking exceptions
2025-11-04 09:00:40,949:INFO:Importing libraries
2025-11-04 09:00:40,949:INFO:Copying training dataset
2025-11-04 09:00:40,959:INFO:Defining folds
2025-11-04 09:00:40,960:INFO:Declaring metric variables
2025-11-04 09:00:40,967:INFO:Importing untrained model
2025-11-04 09:00:40,972:INFO:K Neighbors Regressor Imported successfully
2025-11-04 09:00:40,981:INFO:Starting cross validation
2025-11-04 09:00:40,991:INFO:Cross validating with KFold(n_splits=10, random_state=None, shuffle=False), n_jobs=-1
2025-11-04 09:00:41,988:INFO:Calculating mean and std
2025-11-04 09:00:41,989:INFO:Creating metrics dataframe
2025-11-04 09:00:41,992:INFO:Uploading results into container
2025-11-04 09:00:41,992:INFO:Uploading model into container now
2025-11-04 09:00:41,994:INFO:_master_model_container: 11
2025-11-04 09:00:41,994:INFO:_display_container: 2
2025-11-04 09:00:41,994:INFO:KNeighborsRegressor(n_jobs=-1)
2025-11-04 09:00:41,994:INFO:create_model() successfully completed......................................
2025-11-04 09:00:42,280:INFO:SubProcess create_model() end ==================================
2025-11-04 09:00:42,280:INFO:Creating metrics dataframe
2025-11-04 09:00:42,289:INFO:Initializing Decision Tree Regressor
2025-11-04 09:00:42,289:INFO:Total runtime is 0.3583109299341838 minutes
2025-11-04 09:00:42,295:INFO:SubProcess create_model() called ==================================
2025-11-04 09:00:42,295:INFO:Initializing create_model()
2025-11-04 09:00:42,295:INFO:create_model(self=<pycaret.regression.oop.RegressionExperiment object at 0x00000259C5D11150>, estimator=dt, fold=KFold(n_splits=10, random_state=None, shuffle=False), round=4, cross_validation=True, predict=True, fit_kwargs={}, groups=None, refit=False, probability_threshold=None, experiment_custom_tags=None, verbose=False, system=False, add_to_model_list=True, metrics=None, display=<pycaret.internal.display.display.CommonDisplay object at 0x00000259C604A850>, model_only=True, return_train_score=False, error_score=0.0, kwargs={})
2025-11-04 09:00:42,295:INFO:Checking exceptions
2025-11-04 09:00:42,296:INFO:Importing libraries
2025-11-04 09:00:42,296:INFO:Copying training dataset
2025-11-04 09:00:42,307:INFO:Defining folds
2025-11-04 09:00:42,307:INFO:Declaring metric variables
2025-11-04 09:00:42,314:INFO:Importing untrained model
2025-11-04 09:00:42,318:INFO:Decision Tree Regressor Imported successfully
2025-11-04 09:00:42,324:INFO:Starting cross validation
2025-11-04 09:00:42,336:INFO:Cross validating with KFold(n_splits=10, random_state=None, shuffle=False), n_jobs=-1
2025-11-04 09:00:43,191:INFO:Calculating mean and std
2025-11-04 09:00:43,193:INFO:Creating metrics dataframe
2025-11-04 09:00:43,195:INFO:Uploading results into container
2025-11-04 09:00:43,195:INFO:Uploading model into container now
2025-11-04 09:00:43,196:INFO:_master_model_container: 12
2025-11-04 09:00:43,196:INFO:_display_container: 2
2025-11-04 09:00:43,196:INFO:DecisionTreeRegressor(random_state=23)
2025-11-04 09:00:43,196:INFO:create_model() successfully completed......................................
2025-11-04 09:00:43,479:INFO:SubProcess create_model() end ==================================
2025-11-04 09:00:43,480:INFO:Creating metrics dataframe
2025-11-04 09:00:43,488:INFO:Initializing Random Forest Regressor
2025-11-04 09:00:43,488:INFO:Total runtime is 0.3782923181851705 minutes
2025-11-04 09:00:43,491:INFO:SubProcess create_model() called ==================================
2025-11-04 09:00:43,492:INFO:Initializing create_model()
2025-11-04 09:00:43,492:INFO:create_model(self=<pycaret.regression.oop.RegressionExperiment object at 0x00000259C5D11150>, estimator=rf, fold=KFold(n_splits=10, random_state=None, shuffle=False), round=4, cross_validation=True, predict=True, fit_kwargs={}, groups=None, refit=False, probability_threshold=None, experiment_custom_tags=None, verbose=False, system=False, add_to_model_list=True, metrics=None, display=<pycaret.internal.display.display.CommonDisplay object at 0x00000259C604A850>, model_only=True, return_train_score=False, error_score=0.0, kwargs={})
2025-11-04 09:00:43,492:INFO:Checking exceptions
2025-11-04 09:00:43,492:INFO:Importing libraries
2025-11-04 09:00:43,492:INFO:Copying training dataset
2025-11-04 09:00:43,500:INFO:Defining folds
2025-11-04 09:00:43,500:INFO:Declaring metric variables
2025-11-04 09:00:43,503:INFO:Importing untrained model
2025-11-04 09:00:43,507:INFO:Random Forest Regressor Imported successfully
2025-11-04 09:00:43,512:INFO:Starting cross validation
2025-11-04 09:00:43,520:INFO:Cross validating with KFold(n_splits=10, random_state=None, shuffle=False), n_jobs=-1
2025-11-04 09:00:46,312:INFO:Calculating mean and std
2025-11-04 09:00:46,315:INFO:Creating metrics dataframe
2025-11-04 09:00:46,317:INFO:Uploading results into container
2025-11-04 09:00:46,317:INFO:Uploading model into container now
2025-11-04 09:00:46,318:INFO:_master_model_container: 13
2025-11-04 09:00:46,318:INFO:_display_container: 2
2025-11-04 09:00:46,318:INFO:RandomForestRegressor(n_jobs=-1, random_state=23)
2025-11-04 09:00:46,318:INFO:create_model() successfully completed......................................
2025-11-04 09:00:46,637:INFO:SubProcess create_model() end ==================================
2025-11-04 09:00:46,637:INFO:Creating metrics dataframe
2025-11-04 09:00:46,650:INFO:Initializing Extra Trees Regressor
2025-11-04 09:00:46,650:INFO:Total runtime is 0.43099876642227175 minutes
2025-11-04 09:00:46,654:INFO:SubProcess create_model() called ==================================
2025-11-04 09:00:46,654:INFO:Initializing create_model()
2025-11-04 09:00:46,654:INFO:create_model(self=<pycaret.regression.oop.RegressionExperiment object at 0x00000259C5D11150>, estimator=et, fold=KFold(n_splits=10, random_state=None, shuffle=False), round=4, cross_validation=True, predict=True, fit_kwargs={}, groups=None, refit=False, probability_threshold=None, experiment_custom_tags=None, verbose=False, system=False, add_to_model_list=True, metrics=None, display=<pycaret.internal.display.display.CommonDisplay object at 0x00000259C604A850>, model_only=True, return_train_score=False, error_score=0.0, kwargs={})
2025-11-04 09:00:46,654:INFO:Checking exceptions
2025-11-04 09:00:46,654:INFO:Importing libraries
2025-11-04 09:00:46,654:INFO:Copying training dataset
2025-11-04 09:00:46,668:INFO:Defining folds
2025-11-04 09:00:46,668:INFO:Declaring metric variables
2025-11-04 09:00:46,672:INFO:Importing untrained model
2025-11-04 09:00:46,675:INFO:Extra Trees Regressor Imported successfully
2025-11-04 09:00:46,681:INFO:Starting cross validation
2025-11-04 09:00:46,690:INFO:Cross validating with KFold(n_splits=10, random_state=None, shuffle=False), n_jobs=-1
2025-11-04 09:00:49,031:INFO:Calculating mean and std
2025-11-04 09:00:49,032:INFO:Creating metrics dataframe
2025-11-04 09:00:49,035:INFO:Uploading results into container
2025-11-04 09:00:49,036:INFO:Uploading model into container now
2025-11-04 09:00:49,036:INFO:_master_model_container: 14
2025-11-04 09:00:49,036:INFO:_display_container: 2
2025-11-04 09:00:49,036:INFO:ExtraTreesRegressor(n_jobs=-1, random_state=23)
2025-11-04 09:00:49,037:INFO:create_model() successfully completed......................................
2025-11-04 09:00:49,308:INFO:SubProcess create_model() end ==================================
2025-11-04 09:00:49,308:INFO:Creating metrics dataframe
2025-11-04 09:00:49,317:INFO:Initializing AdaBoost Regressor
2025-11-04 09:00:49,318:INFO:Total runtime is 0.47545348405838017 minutes
2025-11-04 09:00:49,321:INFO:SubProcess create_model() called ==================================
2025-11-04 09:00:49,321:INFO:Initializing create_model()
2025-11-04 09:00:49,321:INFO:create_model(self=<pycaret.regression.oop.RegressionExperiment object at 0x00000259C5D11150>, estimator=ada, fold=KFold(n_splits=10, random_state=None, shuffle=False), round=4, cross_validation=True, predict=True, fit_kwargs={}, groups=None, refit=False, probability_threshold=None, experiment_custom_tags=None, verbose=False, system=False, add_to_model_list=True, metrics=None, display=<pycaret.internal.display.display.CommonDisplay object at 0x00000259C604A850>, model_only=True, return_train_score=False, error_score=0.0, kwargs={})
2025-11-04 09:00:49,322:INFO:Checking exceptions
2025-11-04 09:00:49,322:INFO:Importing libraries
2025-11-04 09:00:49,322:INFO:Copying training dataset
2025-11-04 09:00:49,332:INFO:Defining folds
2025-11-04 09:00:49,333:INFO:Declaring metric variables
2025-11-04 09:00:49,337:INFO:Importing untrained model
2025-11-04 09:00:49,340:INFO:AdaBoost Regressor Imported successfully
2025-11-04 09:00:49,346:INFO:Starting cross validation
2025-11-04 09:00:49,355:INFO:Cross validating with KFold(n_splits=10, random_state=None, shuffle=False), n_jobs=-1
2025-11-04 09:00:50,251:INFO:Calculating mean and std
2025-11-04 09:00:50,252:INFO:Creating metrics dataframe
2025-11-04 09:00:50,254:INFO:Uploading results into container
2025-11-04 09:00:50,254:INFO:Uploading model into container now
2025-11-04 09:00:50,254:INFO:_master_model_container: 15
2025-11-04 09:00:50,254:INFO:_display_container: 2
2025-11-04 09:00:50,255:INFO:AdaBoostRegressor(random_state=23)
2025-11-04 09:00:50,255:INFO:create_model() successfully completed......................................
2025-11-04 09:00:50,530:INFO:SubProcess create_model() end ==================================
2025-11-04 09:00:50,530:INFO:Creating metrics dataframe
2025-11-04 09:00:50,539:INFO:Initializing Gradient Boosting Regressor
2025-11-04 09:00:50,539:INFO:Total runtime is 0.4958077907562256 minutes
2025-11-04 09:00:50,543:INFO:SubProcess create_model() called ==================================
2025-11-04 09:00:50,543:INFO:Initializing create_model()
2025-11-04 09:00:50,543:INFO:create_model(self=<pycaret.regression.oop.RegressionExperiment object at 0x00000259C5D11150>, estimator=gbr, fold=KFold(n_splits=10, random_state=None, shuffle=False), round=4, cross_validation=True, predict=True, fit_kwargs={}, groups=None, refit=False, probability_threshold=None, experiment_custom_tags=None, verbose=False, system=False, add_to_model_list=True, metrics=None, display=<pycaret.internal.display.display.CommonDisplay object at 0x00000259C604A850>, model_only=True, return_train_score=False, error_score=0.0, kwargs={})
2025-11-04 09:00:50,543:INFO:Checking exceptions
2025-11-04 09:00:50,543:INFO:Importing libraries
2025-11-04 09:00:50,543:INFO:Copying training dataset
2025-11-04 09:00:50,549:INFO:Defining folds
2025-11-04 09:00:50,549:INFO:Declaring metric variables
2025-11-04 09:00:50,553:INFO:Importing untrained model
2025-11-04 09:00:50,555:INFO:Gradient Boosting Regressor Imported successfully
2025-11-04 09:00:50,560:INFO:Starting cross validation
2025-11-04 09:00:50,567:INFO:Cross validating with KFold(n_splits=10, random_state=None, shuffle=False), n_jobs=-1
2025-11-04 09:00:52,176:INFO:Calculating mean and std
2025-11-04 09:00:52,177:INFO:Creating metrics dataframe
2025-11-04 09:00:52,179:INFO:Uploading results into container
2025-11-04 09:00:52,179:INFO:Uploading model into container now
2025-11-04 09:00:52,180:INFO:_master_model_container: 16
2025-11-04 09:00:52,180:INFO:_display_container: 2
2025-11-04 09:00:52,180:INFO:GradientBoostingRegressor(random_state=23)
2025-11-04 09:00:52,180:INFO:create_model() successfully completed......................................
2025-11-04 09:00:52,467:INFO:SubProcess create_model() end ==================================
2025-11-04 09:00:52,467:INFO:Creating metrics dataframe
2025-11-04 09:00:52,478:INFO:Initializing Extreme Gradient Boosting
2025-11-04 09:00:52,478:INFO:Total runtime is 0.5281176090240479 minutes
2025-11-04 09:00:52,481:INFO:SubProcess create_model() called ==================================
2025-11-04 09:00:52,481:INFO:Initializing create_model()
2025-11-04 09:00:52,481:INFO:create_model(self=<pycaret.regression.oop.RegressionExperiment object at 0x00000259C5D11150>, estimator=xgboost, fold=KFold(n_splits=10, random_state=None, shuffle=False), round=4, cross_validation=True, predict=True, fit_kwargs={}, groups=None, refit=False, probability_threshold=None, experiment_custom_tags=None, verbose=False, system=False, add_to_model_list=True, metrics=None, display=<pycaret.internal.display.display.CommonDisplay object at 0x00000259C604A850>, model_only=True, return_train_score=False, error_score=0.0, kwargs={})
2025-11-04 09:00:52,482:INFO:Checking exceptions
2025-11-04 09:00:52,482:INFO:Importing libraries
2025-11-04 09:00:52,482:INFO:Copying training dataset
2025-11-04 09:00:52,489:INFO:Defining folds
2025-11-04 09:00:52,491:INFO:Declaring metric variables
2025-11-04 09:00:52,493:INFO:Importing untrained model
2025-11-04 09:00:52,497:INFO:Extreme Gradient Boosting Imported successfully
2025-11-04 09:00:52,503:INFO:Starting cross validation
2025-11-04 09:00:52,512:INFO:Cross validating with KFold(n_splits=10, random_state=None, shuffle=False), n_jobs=-1
2025-11-04 09:00:54,672:INFO:Calculating mean and std
2025-11-04 09:00:54,674:INFO:Creating metrics dataframe
2025-11-04 09:00:54,676:INFO:Uploading results into container
2025-11-04 09:00:54,676:INFO:Uploading model into container now
2025-11-04 09:00:54,676:INFO:_master_model_container: 17
2025-11-04 09:00:54,676:INFO:_display_container: 2
2025-11-04 09:00:54,677:INFO:XGBRegressor(base_score=None, booster='gbtree', callbacks=None,
             colsample_bylevel=None, colsample_bynode=None,
             colsample_bytree=None, device='cpu', early_stopping_rounds=None,
             enable_categorical=False, eval_metric=None, feature_types=None,
             feature_weights=None, gamma=None, grow_policy=None,
             importance_type=None, interaction_constraints=None,
             learning_rate=None, max_bin=None, max_cat_threshold=None,
             max_cat_to_onehot=None, max_delta_step=None, max_depth=None,
             max_leaves=None, min_child_weight=None, missing=nan,
             monotone_constraints=None, multi_strategy=None, n_estimators=None,
             n_jobs=-1, num_parallel_tree=None, ...)
2025-11-04 09:00:54,677:INFO:create_model() successfully completed......................................
2025-11-04 09:00:54,952:INFO:SubProcess create_model() end ==================================
2025-11-04 09:00:54,953:INFO:Creating metrics dataframe
2025-11-04 09:00:54,963:INFO:Initializing Light Gradient Boosting Machine
2025-11-04 09:00:54,963:INFO:Total runtime is 0.5695365746816 minutes
2025-11-04 09:00:54,965:INFO:SubProcess create_model() called ==================================
2025-11-04 09:00:54,966:INFO:Initializing create_model()
2025-11-04 09:00:54,966:INFO:create_model(self=<pycaret.regression.oop.RegressionExperiment object at 0x00000259C5D11150>, estimator=lightgbm, fold=KFold(n_splits=10, random_state=None, shuffle=False), round=4, cross_validation=True, predict=True, fit_kwargs={}, groups=None, refit=False, probability_threshold=None, experiment_custom_tags=None, verbose=False, system=False, add_to_model_list=True, metrics=None, display=<pycaret.internal.display.display.CommonDisplay object at 0x00000259C604A850>, model_only=True, return_train_score=False, error_score=0.0, kwargs={})
2025-11-04 09:00:54,966:INFO:Checking exceptions
2025-11-04 09:00:54,966:INFO:Importing libraries
2025-11-04 09:00:54,966:INFO:Copying training dataset
2025-11-04 09:00:54,974:INFO:Defining folds
2025-11-04 09:00:54,974:INFO:Declaring metric variables
2025-11-04 09:00:54,977:INFO:Importing untrained model
2025-11-04 09:00:54,980:INFO:Light Gradient Boosting Machine Imported successfully
2025-11-04 09:00:54,987:INFO:Starting cross validation
2025-11-04 09:00:54,995:INFO:Cross validating with KFold(n_splits=10, random_state=None, shuffle=False), n_jobs=-1
2025-11-04 09:00:56,594:INFO:Calculating mean and std
2025-11-04 09:00:56,595:INFO:Creating metrics dataframe
2025-11-04 09:00:56,597:INFO:Uploading results into container
2025-11-04 09:00:56,599:INFO:Uploading model into container now
2025-11-04 09:00:56,599:INFO:_master_model_container: 18
2025-11-04 09:00:56,599:INFO:_display_container: 2
2025-11-04 09:00:56,600:INFO:LGBMRegressor(n_jobs=-1, random_state=23)
2025-11-04 09:00:56,600:INFO:create_model() successfully completed......................................
2025-11-04 09:00:56,903:INFO:SubProcess create_model() end ==================================
2025-11-04 09:00:56,903:INFO:Creating metrics dataframe
2025-11-04 09:00:56,913:INFO:Initializing CatBoost Regressor
2025-11-04 09:00:56,913:INFO:Total runtime is 0.6020372351010641 minutes
2025-11-04 09:00:56,915:INFO:SubProcess create_model() called ==================================
2025-11-04 09:00:56,916:INFO:Initializing create_model()
2025-11-04 09:00:56,916:INFO:create_model(self=<pycaret.regression.oop.RegressionExperiment object at 0x00000259C5D11150>, estimator=catboost, fold=KFold(n_splits=10, random_state=None, shuffle=False), round=4, cross_validation=True, predict=True, fit_kwargs={}, groups=None, refit=False, probability_threshold=None, experiment_custom_tags=None, verbose=False, system=False, add_to_model_list=True, metrics=None, display=<pycaret.internal.display.display.CommonDisplay object at 0x00000259C604A850>, model_only=True, return_train_score=False, error_score=0.0, kwargs={})
2025-11-04 09:00:56,916:INFO:Checking exceptions
2025-11-04 09:00:56,916:INFO:Importing libraries
2025-11-04 09:00:56,916:INFO:Copying training dataset
2025-11-04 09:00:56,923:INFO:Defining folds
2025-11-04 09:00:56,923:INFO:Declaring metric variables
2025-11-04 09:00:56,926:INFO:Importing untrained model
2025-11-04 09:00:56,930:INFO:CatBoost Regressor Imported successfully
2025-11-04 09:00:56,936:INFO:Starting cross validation
2025-11-04 09:00:56,943:INFO:Cross validating with KFold(n_splits=10, random_state=None, shuffle=False), n_jobs=-1
2025-11-04 09:01:09,549:INFO:Calculating mean and std
2025-11-04 09:01:09,550:INFO:Creating metrics dataframe
2025-11-04 09:01:09,552:INFO:Uploading results into container
2025-11-04 09:01:09,554:INFO:Uploading model into container now
2025-11-04 09:01:09,555:INFO:_master_model_container: 19
2025-11-04 09:01:09,555:INFO:_display_container: 2
2025-11-04 09:01:09,555:INFO:<catboost.core.CatBoostRegressor object at 0x00000259E53FF390>
2025-11-04 09:01:09,555:INFO:create_model() successfully completed......................................
2025-11-04 09:01:09,851:INFO:SubProcess create_model() end ==================================
2025-11-04 09:01:09,851:INFO:Creating metrics dataframe
2025-11-04 09:01:09,863:INFO:Initializing Dummy Regressor
2025-11-04 09:01:09,863:INFO:Total runtime is 0.8178704102834067 minutes
2025-11-04 09:01:09,866:INFO:SubProcess create_model() called ==================================
2025-11-04 09:01:09,866:INFO:Initializing create_model()
2025-11-04 09:01:09,866:INFO:create_model(self=<pycaret.regression.oop.RegressionExperiment object at 0x00000259C5D11150>, estimator=dummy, fold=KFold(n_splits=10, random_state=None, shuffle=False), round=4, cross_validation=True, predict=True, fit_kwargs={}, groups=None, refit=False, probability_threshold=None, experiment_custom_tags=None, verbose=False, system=False, add_to_model_list=True, metrics=None, display=<pycaret.internal.display.display.CommonDisplay object at 0x00000259C604A850>, model_only=True, return_train_score=False, error_score=0.0, kwargs={})
2025-11-04 09:01:09,866:INFO:Checking exceptions
2025-11-04 09:01:09,866:INFO:Importing libraries
2025-11-04 09:01:09,866:INFO:Copying training dataset
2025-11-04 09:01:09,876:INFO:Defining folds
2025-11-04 09:01:09,876:INFO:Declaring metric variables
2025-11-04 09:01:09,880:INFO:Importing untrained model
2025-11-04 09:01:09,884:INFO:Dummy Regressor Imported successfully
2025-11-04 09:01:09,890:INFO:Starting cross validation
2025-11-04 09:01:09,899:INFO:Cross validating with KFold(n_splits=10, random_state=None, shuffle=False), n_jobs=-1
2025-11-04 09:01:10,643:INFO:Calculating mean and std
2025-11-04 09:01:10,644:INFO:Creating metrics dataframe
2025-11-04 09:01:10,646:INFO:Uploading results into container
2025-11-04 09:01:10,647:INFO:Uploading model into container now
2025-11-04 09:01:10,647:INFO:_master_model_container: 20
2025-11-04 09:01:10,648:INFO:_display_container: 2
2025-11-04 09:01:10,648:INFO:DummyRegressor()
2025-11-04 09:01:10,648:INFO:create_model() successfully completed......................................
2025-11-04 09:01:10,916:INFO:SubProcess create_model() end ==================================
2025-11-04 09:01:10,917:INFO:Creating metrics dataframe
2025-11-04 09:01:10,937:INFO:Initializing create_model()
2025-11-04 09:01:10,937:INFO:create_model(self=<pycaret.regression.oop.RegressionExperiment object at 0x00000259C5D11150>, estimator=ElasticNet(random_state=23), fold=KFold(n_splits=10, random_state=None, shuffle=False), round=4, cross_validation=False, predict=False, fit_kwargs={}, groups=None, refit=True, probability_threshold=None, experiment_custom_tags=None, verbose=False, system=False, add_to_model_list=True, metrics=None, display=None, model_only=True, return_train_score=False, error_score=0.0, kwargs={})
2025-11-04 09:01:10,938:INFO:Checking exceptions
2025-11-04 09:01:10,940:INFO:Importing libraries
2025-11-04 09:01:10,940:INFO:Copying training dataset
2025-11-04 09:01:10,946:INFO:Defining folds
2025-11-04 09:01:10,946:INFO:Declaring metric variables
2025-11-04 09:01:10,946:INFO:Importing untrained model
2025-11-04 09:01:10,946:INFO:Declaring custom model
2025-11-04 09:01:10,946:INFO:Elastic Net Imported successfully
2025-11-04 09:01:10,953:INFO:Cross validation set to False
2025-11-04 09:01:10,953:INFO:Fitting Model
2025-11-04 09:01:11,673:INFO:ElasticNet(random_state=23)
2025-11-04 09:01:11,673:INFO:create_model() successfully completed......................................
2025-11-04 09:01:11,965:INFO:_master_model_container: 20
2025-11-04 09:01:11,965:INFO:_display_container: 2
2025-11-04 09:01:11,966:INFO:ElasticNet(random_state=23)
2025-11-04 09:01:11,966:INFO:compare_models() successfully completed......................................
2025-11-04 09:02:14,911:INFO:PyCaret RegressionExperiment
2025-11-04 09:02:14,912:INFO:Logging name: reg-default-name
2025-11-04 09:02:14,912:INFO:ML Usecase: MLUsecase.REGRESSION
2025-11-04 09:02:14,912:INFO:version 3.3.2
2025-11-04 09:02:14,912:INFO:Initializing setup()
2025-11-04 09:02:14,912:INFO:self.USI: 4a08
2025-11-04 09:02:14,912:INFO:self._variable_keys: {'X_test', 'data', 'X_train', 'transform_target_param', 'y', 'target_param', 'fold_generator', 'logging_param', 'fold_shuffle_param', 'exp_name_log', 'idx', 'exp_id', 'y_test', 'log_plots_param', '_ml_usecase', 'n_jobs_param', 'fold_groups_param', 'X', 'html_param', 'gpu_param', 'pipeline', 'USI', 'gpu_n_jobs_param', '_available_plots', 'y_train', 'seed', 'memory'}
2025-11-04 09:02:14,912:INFO:Checking environment
2025-11-04 09:02:14,912:INFO:python_version: 3.11.7
2025-11-04 09:02:14,912:INFO:python_build: ('tags/v3.11.7:fa7a6f2', 'Dec  4 2023 19:24:49')
2025-11-04 09:02:14,912:INFO:machine: AMD64
2025-11-04 09:02:14,912:INFO:platform: Windows-10-10.0.22631-SP0
2025-11-04 09:02:14,918:INFO:Memory: svmem(total=16841400320, available=1347358720, percent=92.0, used=15494041600, free=1347358720)
2025-11-04 09:02:14,918:INFO:Physical Core: 8
2025-11-04 09:02:14,918:INFO:Logical Core: 16
2025-11-04 09:02:14,918:INFO:Checking libraries
2025-11-04 09:02:14,918:INFO:System:
2025-11-04 09:02:14,918:INFO:    python: 3.11.7 (tags/v3.11.7:fa7a6f2, Dec  4 2023, 19:24:49) [MSC v.1937 64 bit (AMD64)]
2025-11-04 09:02:14,918:INFO:executable: c:\Users\Asus\Desktop\train\venv\Scripts\python.exe
2025-11-04 09:02:14,918:INFO:   machine: Windows-10-10.0.22631-SP0
2025-11-04 09:02:14,918:INFO:PyCaret required dependencies:
2025-11-04 09:02:14,918:INFO:                 pip: 23.2.1
2025-11-04 09:02:14,918:INFO:          setuptools: 80.9.0
2025-11-04 09:02:14,918:INFO:             pycaret: 3.3.2
2025-11-04 09:02:14,918:INFO:             IPython: 9.4.0
2025-11-04 09:02:14,918:INFO:          ipywidgets: 8.1.7
2025-11-04 09:02:14,918:INFO:                tqdm: 4.67.1
2025-11-04 09:02:14,918:INFO:               numpy: 1.26.4
2025-11-04 09:02:14,918:INFO:              pandas: 2.1.4
2025-11-04 09:02:14,918:INFO:              jinja2: 3.1.6
2025-11-04 09:02:14,918:INFO:               scipy: 1.11.4
2025-11-04 09:02:14,918:INFO:              joblib: 1.3.2
2025-11-04 09:02:14,918:INFO:             sklearn: 1.4.2
2025-11-04 09:02:14,918:INFO:                pyod: 2.0.5
2025-11-04 09:02:14,918:INFO:            imblearn: 0.14.0
2025-11-04 09:02:14,918:INFO:   category_encoders: 2.7.0
2025-11-04 09:02:14,918:INFO:            lightgbm: 4.6.0
2025-11-04 09:02:14,918:INFO:               numba: 0.61.0
2025-11-04 09:02:14,918:INFO:            requests: 2.32.5
2025-11-04 09:02:14,918:INFO:          matplotlib: 3.7.5
2025-11-04 09:02:14,918:INFO:          scikitplot: 0.3.7
2025-11-04 09:02:14,918:INFO:         yellowbrick: 1.5
2025-11-04 09:02:14,918:INFO:              plotly: 5.24.1
2025-11-04 09:02:14,918:INFO:    plotly-resampler: Not installed
2025-11-04 09:02:14,918:INFO:             kaleido: 1.1.0
2025-11-04 09:02:14,918:INFO:           schemdraw: 0.15
2025-11-04 09:02:14,918:INFO:         statsmodels: 0.14.5
2025-11-04 09:02:14,918:INFO:              sktime: 0.26.0
2025-11-04 09:02:14,918:INFO:               tbats: 1.1.3
2025-11-04 09:02:14,918:INFO:            pmdarima: 2.0.4
2025-11-04 09:02:14,919:INFO:              psutil: 7.0.0
2025-11-04 09:02:14,919:INFO:          markupsafe: 2.1.5
2025-11-04 09:02:14,919:INFO:             pickle5: Not installed
2025-11-04 09:02:14,919:INFO:         cloudpickle: 3.1.1
2025-11-04 09:02:14,919:INFO:         deprecation: 2.1.0
2025-11-04 09:02:14,919:INFO:              xxhash: 3.5.0
2025-11-04 09:02:14,919:INFO:           wurlitzer: Not installed
2025-11-04 09:02:14,919:INFO:PyCaret optional dependencies:
2025-11-04 09:02:14,919:INFO:                shap: 0.44.1
2025-11-04 09:02:14,919:INFO:           interpret: 0.7.2
2025-11-04 09:02:14,919:INFO:                umap: 0.5.7
2025-11-04 09:02:14,919:INFO:     ydata_profiling: 4.17.0
2025-11-04 09:02:14,919:INFO:  explainerdashboard: 0.5.1
2025-11-04 09:02:14,919:INFO:             autoviz: Not installed
2025-11-04 09:02:14,919:INFO:           fairlearn: 0.7.0
2025-11-04 09:02:14,919:INFO:          deepchecks: Not installed
2025-11-04 09:02:14,919:INFO:             xgboost: 3.0.5
2025-11-04 09:02:14,919:INFO:            catboost: 1.2.8
2025-11-04 09:02:14,919:INFO:              kmodes: 0.12.2
2025-11-04 09:02:14,919:INFO:             mlxtend: 0.23.4
2025-11-04 09:02:14,919:INFO:       statsforecast: 1.5.0
2025-11-04 09:02:14,919:INFO:        tune_sklearn: Not installed
2025-11-04 09:02:14,919:INFO:                 ray: Not installed
2025-11-04 09:02:14,919:INFO:            hyperopt: 0.2.7
2025-11-04 09:02:14,920:INFO:              optuna: 4.5.0
2025-11-04 09:02:14,920:INFO:               skopt: 0.10.2
2025-11-04 09:02:14,920:INFO:              mlflow: 3.4.0
2025-11-04 09:02:14,920:INFO:              gradio: 5.48.0
2025-11-04 09:02:14,920:INFO:             fastapi: 0.118.0
2025-11-04 09:02:14,920:INFO:             uvicorn: 0.37.0
2025-11-04 09:02:14,920:INFO:              m2cgen: 0.10.0
2025-11-04 09:02:14,920:INFO:           evidently: 0.4.40
2025-11-04 09:02:14,920:INFO:               fugue: 0.8.7
2025-11-04 09:02:14,920:INFO:           streamlit: 1.50.0
2025-11-04 09:02:14,920:INFO:             prophet: Not installed
2025-11-04 09:02:14,920:INFO:None
2025-11-04 09:02:14,920:INFO:Set up data.
2025-11-04 09:02:14,936:INFO:Set up folding strategy.
2025-11-04 09:02:14,936:INFO:Set up train/test split.
2025-11-04 09:02:14,941:INFO:Set up index.
2025-11-04 09:02:14,941:INFO:Assigning column types.
2025-11-04 09:02:14,944:INFO:Engine successfully changes for model 'lr' to 'sklearn'.
2025-11-04 09:02:14,944:INFO:Engine for model 'lasso' has not been set explicitly, hence returning None.
2025-11-04 09:02:14,953:INFO:Engine for model 'ridge' has not been set explicitly, hence returning None.
2025-11-04 09:02:14,962:INFO:Engine for model 'en' has not been set explicitly, hence returning None.
2025-11-04 09:02:15,040:INFO:Engine for model 'svm' has not been set explicitly, hence returning None.
2025-11-04 09:02:15,083:INFO:Engine for model 'knn' has not been set explicitly, hence returning None.
2025-11-04 09:02:15,084:INFO:Soft dependency imported: xgboost: 3.0.5
2025-11-04 09:02:15,088:INFO:Soft dependency imported: catboost: 1.2.8
2025-11-04 09:02:15,089:INFO:Engine for model 'lasso' has not been set explicitly, hence returning None.
2025-11-04 09:02:15,095:INFO:Engine for model 'ridge' has not been set explicitly, hence returning None.
2025-11-04 09:02:15,101:INFO:Engine for model 'en' has not been set explicitly, hence returning None.
2025-11-04 09:02:15,196:INFO:Engine for model 'svm' has not been set explicitly, hence returning None.
2025-11-04 09:02:15,242:INFO:Engine for model 'knn' has not been set explicitly, hence returning None.
2025-11-04 09:02:15,243:INFO:Soft dependency imported: xgboost: 3.0.5
2025-11-04 09:02:15,245:INFO:Soft dependency imported: catboost: 1.2.8
2025-11-04 09:02:15,246:INFO:Engine successfully changes for model 'lasso' to 'sklearn'.
2025-11-04 09:02:15,251:INFO:Engine for model 'ridge' has not been set explicitly, hence returning None.
2025-11-04 09:02:15,255:INFO:Engine for model 'en' has not been set explicitly, hence returning None.
2025-11-04 09:02:15,322:INFO:Engine for model 'svm' has not been set explicitly, hence returning None.
2025-11-04 09:02:15,383:INFO:Engine for model 'knn' has not been set explicitly, hence returning None.
2025-11-04 09:02:15,384:INFO:Soft dependency imported: xgboost: 3.0.5
2025-11-04 09:02:15,386:INFO:Soft dependency imported: catboost: 1.2.8
2025-11-04 09:02:15,393:INFO:Engine for model 'ridge' has not been set explicitly, hence returning None.
2025-11-04 09:02:15,401:INFO:Engine for model 'en' has not been set explicitly, hence returning None.
2025-11-04 09:02:15,469:INFO:Engine for model 'svm' has not been set explicitly, hence returning None.
2025-11-04 09:02:15,512:INFO:Engine for model 'knn' has not been set explicitly, hence returning None.
2025-11-04 09:02:15,513:INFO:Soft dependency imported: xgboost: 3.0.5
2025-11-04 09:02:15,515:INFO:Soft dependency imported: catboost: 1.2.8
2025-11-04 09:02:15,516:INFO:Engine successfully changes for model 'ridge' to 'sklearn'.
2025-11-04 09:02:15,524:INFO:Engine for model 'en' has not been set explicitly, hence returning None.
2025-11-04 09:02:15,595:INFO:Engine for model 'svm' has not been set explicitly, hence returning None.
2025-11-04 09:02:15,642:INFO:Engine for model 'knn' has not been set explicitly, hence returning None.
2025-11-04 09:02:15,643:INFO:Soft dependency imported: xgboost: 3.0.5
2025-11-04 09:02:15,647:INFO:Soft dependency imported: catboost: 1.2.8
2025-11-04 09:02:15,657:INFO:Engine for model 'en' has not been set explicitly, hence returning None.
2025-11-04 09:02:15,735:INFO:Engine for model 'svm' has not been set explicitly, hence returning None.
2025-11-04 09:02:15,780:INFO:Engine for model 'knn' has not been set explicitly, hence returning None.
2025-11-04 09:02:15,780:INFO:Soft dependency imported: xgboost: 3.0.5
2025-11-04 09:02:15,783:INFO:Soft dependency imported: catboost: 1.2.8
2025-11-04 09:02:15,783:INFO:Engine successfully changes for model 'en' to 'sklearn'.
2025-11-04 09:02:15,863:INFO:Engine for model 'svm' has not been set explicitly, hence returning None.
2025-11-04 09:02:15,911:INFO:Engine for model 'knn' has not been set explicitly, hence returning None.
2025-11-04 09:02:15,911:INFO:Soft dependency imported: xgboost: 3.0.5
2025-11-04 09:02:15,915:INFO:Soft dependency imported: catboost: 1.2.8
2025-11-04 09:02:15,990:INFO:Engine for model 'svm' has not been set explicitly, hence returning None.
2025-11-04 09:02:16,052:INFO:Engine for model 'knn' has not been set explicitly, hence returning None.
2025-11-04 09:02:16,053:INFO:Soft dependency imported: xgboost: 3.0.5
2025-11-04 09:02:16,056:INFO:Soft dependency imported: catboost: 1.2.8
2025-11-04 09:02:16,057:INFO:Engine successfully changes for model 'knn' to 'sklearn'.
2025-11-04 09:02:16,123:INFO:Engine for model 'svm' has not been set explicitly, hence returning None.
2025-11-04 09:02:16,192:INFO:Soft dependency imported: xgboost: 3.0.5
2025-11-04 09:02:16,196:INFO:Soft dependency imported: catboost: 1.2.8
2025-11-04 09:02:16,279:INFO:Engine for model 'svm' has not been set explicitly, hence returning None.
2025-11-04 09:02:16,336:INFO:Soft dependency imported: xgboost: 3.0.5
2025-11-04 09:02:16,342:INFO:Soft dependency imported: catboost: 1.2.8
2025-11-04 09:02:16,343:INFO:Engine successfully changes for model 'svm' to 'sklearn'.
2025-11-04 09:02:16,488:INFO:Soft dependency imported: xgboost: 3.0.5
2025-11-04 09:02:16,491:INFO:Soft dependency imported: catboost: 1.2.8
2025-11-04 09:02:16,626:INFO:Soft dependency imported: xgboost: 3.0.5
2025-11-04 09:02:16,630:INFO:Soft dependency imported: catboost: 1.2.8
2025-11-04 09:02:16,632:INFO:Preparing preprocessing pipeline...
2025-11-04 09:02:16,632:INFO:Set up simple imputation.
2025-11-04 09:02:16,636:INFO:Set up encoding of categorical features.
2025-11-04 09:02:16,636:INFO:Set up removing outliers.
2025-11-04 09:02:16,755:INFO:Finished creating preprocessing pipeline.
2025-11-04 09:02:16,763:INFO:Pipeline: Pipeline(memory=FastMemory(location=C:\TEMP\joblib),
         steps=[('numerical_imputer',
                 TransformerWrapper(include=['YearsCodePro'],
                                    transformer=SimpleImputer())),
                ('categorical_imputer',
                 TransformerWrapper(include=['Country', 'EdLevel'],
                                    transformer=SimpleImputer(strategy='most_frequent'))),
                ('onehot_encoding',
                 TransformerWrapper(include=['EdLevel'],
                                    transformer=OneHotEncoder(cols=['EdLevel'],
                                                              handle_missing='return_nan',
                                                              use_cat_names=True))),
                ('rest_encoding',
                 TransformerWrapper(include=['Country'],
                                    transformer=TargetEncoder(cols=['Country'],
                                                              handle_missing='return_nan'))),
                ('remove_outliers',
                 TransformerWrapper(transformer=RemoveOutliers(random_state=23)))])
2025-11-04 09:02:16,764:INFO:Creating final display dataframe.
2025-11-04 09:02:18,821:INFO:Setup _display_container:                     Description             Value
0                    Session id                23
1                        Target            Salary
2                   Target type        Regression
3           Original data shape        (35932, 4)
4        Transformed data shape        (34694, 6)
5   Transformed train set shape        (23914, 6)
6    Transformed test set shape        (10780, 6)
7              Numeric features                 1
8          Categorical features                 2
9                    Preprocess              True
10              Imputation type            simple
11           Numeric imputation              mean
12       Categorical imputation              mode
13     Maximum one-hot encoding                25
14              Encoding method              None
15              Remove outliers              True
16           Outliers threshold              0.05
17               Fold Generator             KFold
18                  Fold Number                10
19                     CPU Jobs                -1
20                      Use GPU             False
21               Log Experiment             False
22              Experiment Name  reg-default-name
23                          USI              4a08
2025-11-04 09:02:18,963:INFO:Soft dependency imported: xgboost: 3.0.5
2025-11-04 09:02:18,967:INFO:Soft dependency imported: catboost: 1.2.8
2025-11-04 09:02:19,112:INFO:Soft dependency imported: xgboost: 3.0.5
2025-11-04 09:02:19,114:INFO:Soft dependency imported: catboost: 1.2.8
2025-11-04 09:02:19,115:INFO:setup() successfully completed in 4.21s...............
2025-11-04 09:02:22,185:INFO:gpu_param set to False
2025-11-04 09:02:22,327:INFO:Soft dependency imported: xgboost: 3.0.5
2025-11-04 09:02:22,330:INFO:Soft dependency imported: catboost: 1.2.8
2025-11-04 09:02:22,463:INFO:Soft dependency imported: xgboost: 3.0.5
2025-11-04 09:02:22,466:INFO:Soft dependency imported: catboost: 1.2.8
2025-11-04 09:02:24,727:INFO:Initializing compare_models()
2025-11-04 09:02:24,728:INFO:compare_models(self=<pycaret.regression.oop.RegressionExperiment object at 0x00000259E12BCA50>, include=None, exclude=None, fold=None, round=4, cross_validation=True, sort=R2, n_select=1, budget_time=None, turbo=True, errors=ignore, fit_kwargs=None, groups=None, experiment_custom_tags=None, probability_threshold=None, verbose=True, parallel=None, caller_params={'self': <pycaret.regression.oop.RegressionExperiment object at 0x00000259E12BCA50>, 'include': None, 'exclude': None, 'fold': None, 'round': 4, 'cross_validation': True, 'sort': 'R2', 'n_select': 1, 'budget_time': None, 'turbo': True, 'errors': 'ignore', 'fit_kwargs': None, 'groups': None, 'experiment_custom_tags': None, 'engine': None, 'verbose': True, 'parallel': None, '__class__': <class 'pycaret.regression.oop.RegressionExperiment'>})
2025-11-04 09:02:24,728:INFO:Checking exceptions
2025-11-04 09:02:24,733:INFO:Preparing display monitor
2025-11-04 09:02:24,760:INFO:Initializing Linear Regression
2025-11-04 09:02:24,760:INFO:Total runtime is 0.0 minutes
2025-11-04 09:02:24,763:INFO:SubProcess create_model() called ==================================
2025-11-04 09:02:24,763:INFO:Initializing create_model()
2025-11-04 09:02:24,763:INFO:create_model(self=<pycaret.regression.oop.RegressionExperiment object at 0x00000259E12BCA50>, estimator=lr, fold=KFold(n_splits=10, random_state=None, shuffle=False), round=4, cross_validation=True, predict=True, fit_kwargs={}, groups=None, refit=False, probability_threshold=None, experiment_custom_tags=None, verbose=False, system=False, add_to_model_list=True, metrics=None, display=<pycaret.internal.display.display.CommonDisplay object at 0x00000259E129A850>, model_only=True, return_train_score=False, error_score=0.0, kwargs={})
2025-11-04 09:02:24,763:INFO:Checking exceptions
2025-11-04 09:02:24,763:INFO:Importing libraries
2025-11-04 09:02:24,763:INFO:Copying training dataset
2025-11-04 09:02:24,773:INFO:Defining folds
2025-11-04 09:02:24,773:INFO:Declaring metric variables
2025-11-04 09:02:24,776:INFO:Importing untrained model
2025-11-04 09:02:24,779:INFO:Linear Regression Imported successfully
2025-11-04 09:02:24,785:INFO:Starting cross validation
2025-11-04 09:02:24,793:INFO:Cross validating with KFold(n_splits=10, random_state=None, shuffle=False), n_jobs=-1
2025-11-04 09:02:25,594:INFO:Calculating mean and std
2025-11-04 09:02:25,594:INFO:Creating metrics dataframe
2025-11-04 09:02:25,596:INFO:Uploading results into container
2025-11-04 09:02:25,596:INFO:Uploading model into container now
2025-11-04 09:02:25,597:INFO:_master_model_container: 1
2025-11-04 09:02:25,597:INFO:_display_container: 2
2025-11-04 09:02:25,597:INFO:LinearRegression(n_jobs=-1)
2025-11-04 09:02:25,597:INFO:create_model() successfully completed......................................
2025-11-04 09:02:25,939:INFO:SubProcess create_model() end ==================================
2025-11-04 09:02:25,941:INFO:Creating metrics dataframe
2025-11-04 09:02:25,946:INFO:Initializing Lasso Regression
2025-11-04 09:02:25,947:INFO:Total runtime is 0.019792044162750246 minutes
2025-11-04 09:02:25,949:INFO:SubProcess create_model() called ==================================
2025-11-04 09:02:25,950:INFO:Initializing create_model()
2025-11-04 09:02:25,950:INFO:create_model(self=<pycaret.regression.oop.RegressionExperiment object at 0x00000259E12BCA50>, estimator=lasso, fold=KFold(n_splits=10, random_state=None, shuffle=False), round=4, cross_validation=True, predict=True, fit_kwargs={}, groups=None, refit=False, probability_threshold=None, experiment_custom_tags=None, verbose=False, system=False, add_to_model_list=True, metrics=None, display=<pycaret.internal.display.display.CommonDisplay object at 0x00000259E129A850>, model_only=True, return_train_score=False, error_score=0.0, kwargs={})
2025-11-04 09:02:25,950:INFO:Checking exceptions
2025-11-04 09:02:25,950:INFO:Importing libraries
2025-11-04 09:02:25,950:INFO:Copying training dataset
2025-11-04 09:02:25,959:INFO:Defining folds
2025-11-04 09:02:25,959:INFO:Declaring metric variables
2025-11-04 09:02:25,964:INFO:Importing untrained model
2025-11-04 09:02:25,967:INFO:Lasso Regression Imported successfully
2025-11-04 09:02:25,974:INFO:Starting cross validation
2025-11-04 09:02:25,983:INFO:Cross validating with KFold(n_splits=10, random_state=None, shuffle=False), n_jobs=-1
2025-11-04 09:02:26,903:INFO:Calculating mean and std
2025-11-04 09:02:26,904:INFO:Creating metrics dataframe
2025-11-04 09:02:26,908:INFO:Uploading results into container
2025-11-04 09:02:26,909:INFO:Uploading model into container now
2025-11-04 09:02:26,909:INFO:_master_model_container: 2
2025-11-04 09:02:26,909:INFO:_display_container: 2
2025-11-04 09:02:26,910:INFO:Lasso(random_state=23)
2025-11-04 09:02:26,910:INFO:create_model() successfully completed......................................
2025-11-04 09:02:27,213:INFO:SubProcess create_model() end ==================================
2025-11-04 09:02:27,213:INFO:Creating metrics dataframe
2025-11-04 09:02:27,221:INFO:Initializing Ridge Regression
2025-11-04 09:02:27,221:INFO:Total runtime is 0.04102634191513062 minutes
2025-11-04 09:02:27,225:INFO:SubProcess create_model() called ==================================
2025-11-04 09:02:27,225:INFO:Initializing create_model()
2025-11-04 09:02:27,225:INFO:create_model(self=<pycaret.regression.oop.RegressionExperiment object at 0x00000259E12BCA50>, estimator=ridge, fold=KFold(n_splits=10, random_state=None, shuffle=False), round=4, cross_validation=True, predict=True, fit_kwargs={}, groups=None, refit=False, probability_threshold=None, experiment_custom_tags=None, verbose=False, system=False, add_to_model_list=True, metrics=None, display=<pycaret.internal.display.display.CommonDisplay object at 0x00000259E129A850>, model_only=True, return_train_score=False, error_score=0.0, kwargs={})
2025-11-04 09:02:27,225:INFO:Checking exceptions
2025-11-04 09:02:27,225:INFO:Importing libraries
2025-11-04 09:02:27,225:INFO:Copying training dataset
2025-11-04 09:02:27,234:INFO:Defining folds
2025-11-04 09:02:27,234:INFO:Declaring metric variables
2025-11-04 09:02:27,239:INFO:Importing untrained model
2025-11-04 09:02:27,244:INFO:Ridge Regression Imported successfully
2025-11-04 09:02:27,249:INFO:Starting cross validation
2025-11-04 09:02:27,258:INFO:Cross validating with KFold(n_splits=10, random_state=None, shuffle=False), n_jobs=-1
2025-11-04 09:02:28,040:INFO:Calculating mean and std
2025-11-04 09:02:28,041:INFO:Creating metrics dataframe
2025-11-04 09:02:28,043:INFO:Uploading results into container
2025-11-04 09:02:28,044:INFO:Uploading model into container now
2025-11-04 09:02:28,045:INFO:_master_model_container: 3
2025-11-04 09:02:28,045:INFO:_display_container: 2
2025-11-04 09:02:28,045:INFO:Ridge(random_state=23)
2025-11-04 09:02:28,045:INFO:create_model() successfully completed......................................
2025-11-04 09:02:28,329:INFO:SubProcess create_model() end ==================================
2025-11-04 09:02:28,329:INFO:Creating metrics dataframe
2025-11-04 09:02:28,336:INFO:Initializing Elastic Net
2025-11-04 09:02:28,336:INFO:Total runtime is 0.05960215330123902 minutes
2025-11-04 09:02:28,339:INFO:SubProcess create_model() called ==================================
2025-11-04 09:02:28,339:INFO:Initializing create_model()
2025-11-04 09:02:28,340:INFO:create_model(self=<pycaret.regression.oop.RegressionExperiment object at 0x00000259E12BCA50>, estimator=en, fold=KFold(n_splits=10, random_state=None, shuffle=False), round=4, cross_validation=True, predict=True, fit_kwargs={}, groups=None, refit=False, probability_threshold=None, experiment_custom_tags=None, verbose=False, system=False, add_to_model_list=True, metrics=None, display=<pycaret.internal.display.display.CommonDisplay object at 0x00000259E129A850>, model_only=True, return_train_score=False, error_score=0.0, kwargs={})
2025-11-04 09:02:28,340:INFO:Checking exceptions
2025-11-04 09:02:28,340:INFO:Importing libraries
2025-11-04 09:02:28,340:INFO:Copying training dataset
2025-11-04 09:02:28,349:INFO:Defining folds
2025-11-04 09:02:28,349:INFO:Declaring metric variables
2025-11-04 09:02:28,353:INFO:Importing untrained model
2025-11-04 09:02:28,357:INFO:Elastic Net Imported successfully
2025-11-04 09:02:28,361:INFO:Starting cross validation
2025-11-04 09:02:28,369:INFO:Cross validating with KFold(n_splits=10, random_state=None, shuffle=False), n_jobs=-1
2025-11-04 09:02:29,145:INFO:Calculating mean and std
2025-11-04 09:02:29,146:INFO:Creating metrics dataframe
2025-11-04 09:02:29,147:INFO:Uploading results into container
2025-11-04 09:02:29,148:INFO:Uploading model into container now
2025-11-04 09:02:29,148:INFO:_master_model_container: 4
2025-11-04 09:02:29,148:INFO:_display_container: 2
2025-11-04 09:02:29,149:INFO:ElasticNet(random_state=23)
2025-11-04 09:02:29,149:INFO:create_model() successfully completed......................................
2025-11-04 09:02:29,450:INFO:SubProcess create_model() end ==================================
2025-11-04 09:02:29,450:INFO:Creating metrics dataframe
2025-11-04 09:02:29,457:INFO:Initializing Least Angle Regression
2025-11-04 09:02:29,458:INFO:Total runtime is 0.07831067244211833 minutes
2025-11-04 09:02:29,462:INFO:SubProcess create_model() called ==================================
2025-11-04 09:02:29,462:INFO:Initializing create_model()
2025-11-04 09:02:29,463:INFO:create_model(self=<pycaret.regression.oop.RegressionExperiment object at 0x00000259E12BCA50>, estimator=lar, fold=KFold(n_splits=10, random_state=None, shuffle=False), round=4, cross_validation=True, predict=True, fit_kwargs={}, groups=None, refit=False, probability_threshold=None, experiment_custom_tags=None, verbose=False, system=False, add_to_model_list=True, metrics=None, display=<pycaret.internal.display.display.CommonDisplay object at 0x00000259E129A850>, model_only=True, return_train_score=False, error_score=0.0, kwargs={})
2025-11-04 09:02:29,463:INFO:Checking exceptions
2025-11-04 09:02:29,463:INFO:Importing libraries
2025-11-04 09:02:29,463:INFO:Copying training dataset
2025-11-04 09:02:29,472:INFO:Defining folds
2025-11-04 09:02:29,473:INFO:Declaring metric variables
2025-11-04 09:02:29,478:INFO:Importing untrained model
2025-11-04 09:02:29,482:INFO:Least Angle Regression Imported successfully
2025-11-04 09:02:29,490:INFO:Starting cross validation
2025-11-04 09:02:29,502:INFO:Cross validating with KFold(n_splits=10, random_state=None, shuffle=False), n_jobs=-1
2025-11-04 09:02:30,310:INFO:Calculating mean and std
2025-11-04 09:02:30,313:INFO:Creating metrics dataframe
2025-11-04 09:02:30,314:INFO:Uploading results into container
2025-11-04 09:02:30,314:INFO:Uploading model into container now
2025-11-04 09:02:30,315:INFO:_master_model_container: 5
2025-11-04 09:02:30,315:INFO:_display_container: 2
2025-11-04 09:02:30,315:INFO:Lars(random_state=23)
2025-11-04 09:02:30,315:INFO:create_model() successfully completed......................................
2025-11-04 09:02:30,599:INFO:SubProcess create_model() end ==================================
2025-11-04 09:02:30,599:INFO:Creating metrics dataframe
2025-11-04 09:02:30,606:INFO:Initializing Lasso Least Angle Regression
2025-11-04 09:02:30,606:INFO:Total runtime is 0.09743293523788452 minutes
2025-11-04 09:02:30,611:INFO:SubProcess create_model() called ==================================
2025-11-04 09:02:30,611:INFO:Initializing create_model()
2025-11-04 09:02:30,611:INFO:create_model(self=<pycaret.regression.oop.RegressionExperiment object at 0x00000259E12BCA50>, estimator=llar, fold=KFold(n_splits=10, random_state=None, shuffle=False), round=4, cross_validation=True, predict=True, fit_kwargs={}, groups=None, refit=False, probability_threshold=None, experiment_custom_tags=None, verbose=False, system=False, add_to_model_list=True, metrics=None, display=<pycaret.internal.display.display.CommonDisplay object at 0x00000259E129A850>, model_only=True, return_train_score=False, error_score=0.0, kwargs={})
2025-11-04 09:02:30,611:INFO:Checking exceptions
2025-11-04 09:02:30,611:INFO:Importing libraries
2025-11-04 09:02:30,612:INFO:Copying training dataset
2025-11-04 09:02:30,622:INFO:Defining folds
2025-11-04 09:02:30,622:INFO:Declaring metric variables
2025-11-04 09:02:30,625:INFO:Importing untrained model
2025-11-04 09:02:30,630:INFO:Lasso Least Angle Regression Imported successfully
2025-11-04 09:02:30,639:INFO:Starting cross validation
2025-11-04 09:02:30,659:INFO:Cross validating with KFold(n_splits=10, random_state=None, shuffle=False), n_jobs=-1
2025-11-04 09:02:31,417:INFO:Calculating mean and std
2025-11-04 09:02:31,419:INFO:Creating metrics dataframe
2025-11-04 09:02:31,422:INFO:Uploading results into container
2025-11-04 09:02:31,424:INFO:Uploading model into container now
2025-11-04 09:02:31,425:INFO:_master_model_container: 6
2025-11-04 09:02:31,425:INFO:_display_container: 2
2025-11-04 09:02:31,425:INFO:LassoLars(random_state=23)
2025-11-04 09:02:31,425:INFO:create_model() successfully completed......................................
2025-11-04 09:02:31,737:INFO:SubProcess create_model() end ==================================
2025-11-04 09:02:31,738:INFO:Creating metrics dataframe
2025-11-04 09:02:31,746:INFO:Initializing Orthogonal Matching Pursuit
2025-11-04 09:02:31,746:INFO:Total runtime is 0.11643212636311848 minutes
2025-11-04 09:02:31,750:INFO:SubProcess create_model() called ==================================
2025-11-04 09:02:31,751:INFO:Initializing create_model()
2025-11-04 09:02:31,751:INFO:create_model(self=<pycaret.regression.oop.RegressionExperiment object at 0x00000259E12BCA50>, estimator=omp, fold=KFold(n_splits=10, random_state=None, shuffle=False), round=4, cross_validation=True, predict=True, fit_kwargs={}, groups=None, refit=False, probability_threshold=None, experiment_custom_tags=None, verbose=False, system=False, add_to_model_list=True, metrics=None, display=<pycaret.internal.display.display.CommonDisplay object at 0x00000259E129A850>, model_only=True, return_train_score=False, error_score=0.0, kwargs={})
2025-11-04 09:02:31,751:INFO:Checking exceptions
2025-11-04 09:02:31,751:INFO:Importing libraries
2025-11-04 09:02:31,751:INFO:Copying training dataset
2025-11-04 09:02:31,758:INFO:Defining folds
2025-11-04 09:02:31,758:INFO:Declaring metric variables
2025-11-04 09:02:31,762:INFO:Importing untrained model
2025-11-04 09:02:31,769:INFO:Orthogonal Matching Pursuit Imported successfully
2025-11-04 09:02:31,778:INFO:Starting cross validation
2025-11-04 09:02:31,789:INFO:Cross validating with KFold(n_splits=10, random_state=None, shuffle=False), n_jobs=-1
2025-11-04 09:02:32,521:INFO:Calculating mean and std
2025-11-04 09:02:32,522:INFO:Creating metrics dataframe
2025-11-04 09:02:32,523:INFO:Uploading results into container
2025-11-04 09:02:32,524:INFO:Uploading model into container now
2025-11-04 09:02:32,524:INFO:_master_model_container: 7
2025-11-04 09:02:32,524:INFO:_display_container: 2
2025-11-04 09:02:32,526:INFO:OrthogonalMatchingPursuit()
2025-11-04 09:02:32,526:INFO:create_model() successfully completed......................................
2025-11-04 09:02:32,815:INFO:SubProcess create_model() end ==================================
2025-11-04 09:02:32,816:INFO:Creating metrics dataframe
2025-11-04 09:02:32,826:INFO:Initializing Bayesian Ridge
2025-11-04 09:02:32,827:INFO:Total runtime is 0.1344603975613912 minutes
2025-11-04 09:02:32,830:INFO:SubProcess create_model() called ==================================
2025-11-04 09:02:32,831:INFO:Initializing create_model()
2025-11-04 09:02:32,831:INFO:create_model(self=<pycaret.regression.oop.RegressionExperiment object at 0x00000259E12BCA50>, estimator=br, fold=KFold(n_splits=10, random_state=None, shuffle=False), round=4, cross_validation=True, predict=True, fit_kwargs={}, groups=None, refit=False, probability_threshold=None, experiment_custom_tags=None, verbose=False, system=False, add_to_model_list=True, metrics=None, display=<pycaret.internal.display.display.CommonDisplay object at 0x00000259E129A850>, model_only=True, return_train_score=False, error_score=0.0, kwargs={})
2025-11-04 09:02:32,831:INFO:Checking exceptions
2025-11-04 09:02:32,831:INFO:Importing libraries
2025-11-04 09:02:32,831:INFO:Copying training dataset
2025-11-04 09:02:32,838:INFO:Defining folds
2025-11-04 09:02:32,839:INFO:Declaring metric variables
2025-11-04 09:02:32,842:INFO:Importing untrained model
2025-11-04 09:02:32,847:INFO:Bayesian Ridge Imported successfully
2025-11-04 09:02:32,856:INFO:Starting cross validation
2025-11-04 09:02:32,868:INFO:Cross validating with KFold(n_splits=10, random_state=None, shuffle=False), n_jobs=-1
2025-11-04 09:02:33,642:INFO:Calculating mean and std
2025-11-04 09:02:33,643:INFO:Creating metrics dataframe
2025-11-04 09:02:33,646:INFO:Uploading results into container
2025-11-04 09:02:33,646:INFO:Uploading model into container now
2025-11-04 09:02:33,647:INFO:_master_model_container: 8
2025-11-04 09:02:33,647:INFO:_display_container: 2
2025-11-04 09:02:33,648:INFO:BayesianRidge()
2025-11-04 09:02:33,648:INFO:create_model() successfully completed......................................
2025-11-04 09:02:33,950:INFO:SubProcess create_model() end ==================================
2025-11-04 09:02:33,950:INFO:Creating metrics dataframe
2025-11-04 09:02:33,957:INFO:Initializing Passive Aggressive Regressor
2025-11-04 09:02:33,957:INFO:Total runtime is 0.15328404903411866 minutes
2025-11-04 09:02:33,960:INFO:SubProcess create_model() called ==================================
2025-11-04 09:02:33,961:INFO:Initializing create_model()
2025-11-04 09:02:33,961:INFO:create_model(self=<pycaret.regression.oop.RegressionExperiment object at 0x00000259E12BCA50>, estimator=par, fold=KFold(n_splits=10, random_state=None, shuffle=False), round=4, cross_validation=True, predict=True, fit_kwargs={}, groups=None, refit=False, probability_threshold=None, experiment_custom_tags=None, verbose=False, system=False, add_to_model_list=True, metrics=None, display=<pycaret.internal.display.display.CommonDisplay object at 0x00000259E129A850>, model_only=True, return_train_score=False, error_score=0.0, kwargs={})
2025-11-04 09:02:33,961:INFO:Checking exceptions
2025-11-04 09:02:33,961:INFO:Importing libraries
2025-11-04 09:02:33,961:INFO:Copying training dataset
2025-11-04 09:02:33,968:INFO:Defining folds
2025-11-04 09:02:33,968:INFO:Declaring metric variables
2025-11-04 09:02:33,971:INFO:Importing untrained model
2025-11-04 09:02:33,976:INFO:Passive Aggressive Regressor Imported successfully
2025-11-04 09:02:33,985:INFO:Starting cross validation
2025-11-04 09:02:33,993:INFO:Cross validating with KFold(n_splits=10, random_state=None, shuffle=False), n_jobs=-1
2025-11-04 09:02:34,755:INFO:Calculating mean and std
2025-11-04 09:02:34,756:INFO:Creating metrics dataframe
2025-11-04 09:02:34,758:INFO:Uploading results into container
2025-11-04 09:02:34,758:INFO:Uploading model into container now
2025-11-04 09:02:34,758:INFO:_master_model_container: 9
2025-11-04 09:02:34,759:INFO:_display_container: 2
2025-11-04 09:02:34,759:INFO:PassiveAggressiveRegressor(random_state=23)
2025-11-04 09:02:34,759:INFO:create_model() successfully completed......................................
2025-11-04 09:02:35,069:INFO:SubProcess create_model() end ==================================
2025-11-04 09:02:35,069:INFO:Creating metrics dataframe
2025-11-04 09:02:35,078:INFO:Initializing Huber Regressor
2025-11-04 09:02:35,078:INFO:Total runtime is 0.17197873592376708 minutes
2025-11-04 09:02:35,082:INFO:SubProcess create_model() called ==================================
2025-11-04 09:02:35,082:INFO:Initializing create_model()
2025-11-04 09:02:35,082:INFO:create_model(self=<pycaret.regression.oop.RegressionExperiment object at 0x00000259E12BCA50>, estimator=huber, fold=KFold(n_splits=10, random_state=None, shuffle=False), round=4, cross_validation=True, predict=True, fit_kwargs={}, groups=None, refit=False, probability_threshold=None, experiment_custom_tags=None, verbose=False, system=False, add_to_model_list=True, metrics=None, display=<pycaret.internal.display.display.CommonDisplay object at 0x00000259E129A850>, model_only=True, return_train_score=False, error_score=0.0, kwargs={})
2025-11-04 09:02:35,082:INFO:Checking exceptions
2025-11-04 09:02:35,082:INFO:Importing libraries
2025-11-04 09:02:35,082:INFO:Copying training dataset
2025-11-04 09:02:35,092:INFO:Defining folds
2025-11-04 09:02:35,093:INFO:Declaring metric variables
2025-11-04 09:02:35,098:INFO:Importing untrained model
2025-11-04 09:02:35,103:INFO:Huber Regressor Imported successfully
2025-11-04 09:02:35,107:INFO:Starting cross validation
2025-11-04 09:02:35,119:INFO:Cross validating with KFold(n_splits=10, random_state=None, shuffle=False), n_jobs=-1
2025-11-04 09:02:35,898:INFO:Calculating mean and std
2025-11-04 09:02:35,900:INFO:Creating metrics dataframe
2025-11-04 09:02:35,902:INFO:Uploading results into container
2025-11-04 09:02:35,903:INFO:Uploading model into container now
2025-11-04 09:02:35,903:INFO:_master_model_container: 10
2025-11-04 09:02:35,904:INFO:_display_container: 2
2025-11-04 09:02:35,904:INFO:HuberRegressor()
2025-11-04 09:02:35,904:INFO:create_model() successfully completed......................................
2025-11-04 09:02:36,198:INFO:SubProcess create_model() end ==================================
2025-11-04 09:02:36,199:INFO:Creating metrics dataframe
2025-11-04 09:02:36,210:INFO:Initializing K Neighbors Regressor
2025-11-04 09:02:36,210:INFO:Total runtime is 0.1908448855082194 minutes
2025-11-04 09:02:36,214:INFO:SubProcess create_model() called ==================================
2025-11-04 09:02:36,214:INFO:Initializing create_model()
2025-11-04 09:02:36,214:INFO:create_model(self=<pycaret.regression.oop.RegressionExperiment object at 0x00000259E12BCA50>, estimator=knn, fold=KFold(n_splits=10, random_state=None, shuffle=False), round=4, cross_validation=True, predict=True, fit_kwargs={}, groups=None, refit=False, probability_threshold=None, experiment_custom_tags=None, verbose=False, system=False, add_to_model_list=True, metrics=None, display=<pycaret.internal.display.display.CommonDisplay object at 0x00000259E129A850>, model_only=True, return_train_score=False, error_score=0.0, kwargs={})
2025-11-04 09:02:36,215:INFO:Checking exceptions
2025-11-04 09:02:36,215:INFO:Importing libraries
2025-11-04 09:02:36,215:INFO:Copying training dataset
2025-11-04 09:02:36,224:INFO:Defining folds
2025-11-04 09:02:36,224:INFO:Declaring metric variables
2025-11-04 09:02:36,228:INFO:Importing untrained model
2025-11-04 09:02:36,231:INFO:K Neighbors Regressor Imported successfully
2025-11-04 09:02:36,241:INFO:Starting cross validation
2025-11-04 09:02:36,256:INFO:Cross validating with KFold(n_splits=10, random_state=None, shuffle=False), n_jobs=-1
2025-11-04 09:02:37,118:INFO:Calculating mean and std
2025-11-04 09:02:37,119:INFO:Creating metrics dataframe
2025-11-04 09:02:37,121:INFO:Uploading results into container
2025-11-04 09:02:37,121:INFO:Uploading model into container now
2025-11-04 09:02:37,122:INFO:_master_model_container: 11
2025-11-04 09:02:37,122:INFO:_display_container: 2
2025-11-04 09:02:37,122:INFO:KNeighborsRegressor(n_jobs=-1)
2025-11-04 09:02:37,122:INFO:create_model() successfully completed......................................
2025-11-04 09:02:37,406:INFO:SubProcess create_model() end ==================================
2025-11-04 09:02:37,406:INFO:Creating metrics dataframe
2025-11-04 09:02:37,422:INFO:Initializing Decision Tree Regressor
2025-11-04 09:02:37,422:INFO:Total runtime is 0.2110390861829122 minutes
2025-11-04 09:02:37,428:INFO:SubProcess create_model() called ==================================
2025-11-04 09:02:37,428:INFO:Initializing create_model()
2025-11-04 09:02:37,428:INFO:create_model(self=<pycaret.regression.oop.RegressionExperiment object at 0x00000259E12BCA50>, estimator=dt, fold=KFold(n_splits=10, random_state=None, shuffle=False), round=4, cross_validation=True, predict=True, fit_kwargs={}, groups=None, refit=False, probability_threshold=None, experiment_custom_tags=None, verbose=False, system=False, add_to_model_list=True, metrics=None, display=<pycaret.internal.display.display.CommonDisplay object at 0x00000259E129A850>, model_only=True, return_train_score=False, error_score=0.0, kwargs={})
2025-11-04 09:02:37,428:INFO:Checking exceptions
2025-11-04 09:02:37,429:INFO:Importing libraries
2025-11-04 09:02:37,429:INFO:Copying training dataset
2025-11-04 09:02:37,440:INFO:Defining folds
2025-11-04 09:02:37,440:INFO:Declaring metric variables
2025-11-04 09:02:37,445:INFO:Importing untrained model
2025-11-04 09:02:37,449:INFO:Decision Tree Regressor Imported successfully
2025-11-04 09:02:37,457:INFO:Starting cross validation
2025-11-04 09:02:37,466:INFO:Cross validating with KFold(n_splits=10, random_state=None, shuffle=False), n_jobs=-1
2025-11-04 09:02:38,229:INFO:Calculating mean and std
2025-11-04 09:02:38,230:INFO:Creating metrics dataframe
2025-11-04 09:02:38,232:INFO:Uploading results into container
2025-11-04 09:02:38,233:INFO:Uploading model into container now
2025-11-04 09:02:38,234:INFO:_master_model_container: 12
2025-11-04 09:02:38,234:INFO:_display_container: 2
2025-11-04 09:02:38,234:INFO:DecisionTreeRegressor(random_state=23)
2025-11-04 09:02:38,234:INFO:create_model() successfully completed......................................
2025-11-04 09:02:38,509:INFO:SubProcess create_model() end ==================================
2025-11-04 09:02:38,510:INFO:Creating metrics dataframe
2025-11-04 09:02:38,519:INFO:Initializing Random Forest Regressor
2025-11-04 09:02:38,520:INFO:Total runtime is 0.22933698892593385 minutes
2025-11-04 09:02:38,524:INFO:SubProcess create_model() called ==================================
2025-11-04 09:02:38,524:INFO:Initializing create_model()
2025-11-04 09:02:38,524:INFO:create_model(self=<pycaret.regression.oop.RegressionExperiment object at 0x00000259E12BCA50>, estimator=rf, fold=KFold(n_splits=10, random_state=None, shuffle=False), round=4, cross_validation=True, predict=True, fit_kwargs={}, groups=None, refit=False, probability_threshold=None, experiment_custom_tags=None, verbose=False, system=False, add_to_model_list=True, metrics=None, display=<pycaret.internal.display.display.CommonDisplay object at 0x00000259E129A850>, model_only=True, return_train_score=False, error_score=0.0, kwargs={})
2025-11-04 09:02:38,525:INFO:Checking exceptions
2025-11-04 09:02:38,525:INFO:Importing libraries
2025-11-04 09:02:38,525:INFO:Copying training dataset
2025-11-04 09:02:38,536:INFO:Defining folds
2025-11-04 09:02:38,537:INFO:Declaring metric variables
2025-11-04 09:02:38,541:INFO:Importing untrained model
2025-11-04 09:02:38,546:INFO:Random Forest Regressor Imported successfully
2025-11-04 09:02:38,551:INFO:Starting cross validation
2025-11-04 09:02:38,561:INFO:Cross validating with KFold(n_splits=10, random_state=None, shuffle=False), n_jobs=-1
2025-11-04 09:02:40,765:INFO:Calculating mean and std
2025-11-04 09:02:40,765:INFO:Creating metrics dataframe
2025-11-04 09:02:40,768:INFO:Uploading results into container
2025-11-04 09:02:40,768:INFO:Uploading model into container now
2025-11-04 09:02:40,769:INFO:_master_model_container: 13
2025-11-04 09:02:40,769:INFO:_display_container: 2
2025-11-04 09:02:40,769:INFO:RandomForestRegressor(n_jobs=-1, random_state=23)
2025-11-04 09:02:40,769:INFO:create_model() successfully completed......................................
2025-11-04 09:02:41,053:INFO:SubProcess create_model() end ==================================
2025-11-04 09:02:41,053:INFO:Creating metrics dataframe
2025-11-04 09:02:41,066:INFO:Initializing Extra Trees Regressor
2025-11-04 09:02:41,066:INFO:Total runtime is 0.27177799145380654 minutes
2025-11-04 09:02:41,070:INFO:SubProcess create_model() called ==================================
2025-11-04 09:02:41,070:INFO:Initializing create_model()
2025-11-04 09:02:41,070:INFO:create_model(self=<pycaret.regression.oop.RegressionExperiment object at 0x00000259E12BCA50>, estimator=et, fold=KFold(n_splits=10, random_state=None, shuffle=False), round=4, cross_validation=True, predict=True, fit_kwargs={}, groups=None, refit=False, probability_threshold=None, experiment_custom_tags=None, verbose=False, system=False, add_to_model_list=True, metrics=None, display=<pycaret.internal.display.display.CommonDisplay object at 0x00000259E129A850>, model_only=True, return_train_score=False, error_score=0.0, kwargs={})
2025-11-04 09:02:41,070:INFO:Checking exceptions
2025-11-04 09:02:41,070:INFO:Importing libraries
2025-11-04 09:02:41,071:INFO:Copying training dataset
2025-11-04 09:02:41,079:INFO:Defining folds
2025-11-04 09:02:41,080:INFO:Declaring metric variables
2025-11-04 09:02:41,084:INFO:Importing untrained model
2025-11-04 09:02:41,089:INFO:Extra Trees Regressor Imported successfully
2025-11-04 09:02:41,096:INFO:Starting cross validation
2025-11-04 09:02:41,103:INFO:Cross validating with KFold(n_splits=10, random_state=None, shuffle=False), n_jobs=-1
2025-11-04 09:02:43,037:INFO:Calculating mean and std
2025-11-04 09:02:43,039:INFO:Creating metrics dataframe
2025-11-04 09:02:43,040:INFO:Uploading results into container
2025-11-04 09:02:43,041:INFO:Uploading model into container now
2025-11-04 09:02:43,041:INFO:_master_model_container: 14
2025-11-04 09:02:43,041:INFO:_display_container: 2
2025-11-04 09:02:43,042:INFO:ExtraTreesRegressor(n_jobs=-1, random_state=23)
2025-11-04 09:02:43,042:INFO:create_model() successfully completed......................................
2025-11-04 09:02:43,361:INFO:SubProcess create_model() end ==================================
2025-11-04 09:02:43,361:INFO:Creating metrics dataframe
2025-11-04 09:02:43,371:INFO:Initializing AdaBoost Regressor
2025-11-04 09:02:43,371:INFO:Total runtime is 0.3101955493291219 minutes
2025-11-04 09:02:43,374:INFO:SubProcess create_model() called ==================================
2025-11-04 09:02:43,374:INFO:Initializing create_model()
2025-11-04 09:02:43,374:INFO:create_model(self=<pycaret.regression.oop.RegressionExperiment object at 0x00000259E12BCA50>, estimator=ada, fold=KFold(n_splits=10, random_state=None, shuffle=False), round=4, cross_validation=True, predict=True, fit_kwargs={}, groups=None, refit=False, probability_threshold=None, experiment_custom_tags=None, verbose=False, system=False, add_to_model_list=True, metrics=None, display=<pycaret.internal.display.display.CommonDisplay object at 0x00000259E129A850>, model_only=True, return_train_score=False, error_score=0.0, kwargs={})
2025-11-04 09:02:43,374:INFO:Checking exceptions
2025-11-04 09:02:43,374:INFO:Importing libraries
2025-11-04 09:02:43,375:INFO:Copying training dataset
2025-11-04 09:02:43,384:INFO:Defining folds
2025-11-04 09:02:43,385:INFO:Declaring metric variables
2025-11-04 09:02:43,389:INFO:Importing untrained model
2025-11-04 09:02:43,393:INFO:AdaBoost Regressor Imported successfully
2025-11-04 09:02:43,398:INFO:Starting cross validation
2025-11-04 09:02:43,407:INFO:Cross validating with KFold(n_splits=10, random_state=None, shuffle=False), n_jobs=-1
2025-11-04 09:02:44,226:INFO:Calculating mean and std
2025-11-04 09:02:44,227:INFO:Creating metrics dataframe
2025-11-04 09:02:44,229:INFO:Uploading results into container
2025-11-04 09:02:44,230:INFO:Uploading model into container now
2025-11-04 09:02:44,230:INFO:_master_model_container: 15
2025-11-04 09:02:44,230:INFO:_display_container: 2
2025-11-04 09:02:44,231:INFO:AdaBoostRegressor(random_state=23)
2025-11-04 09:02:44,231:INFO:create_model() successfully completed......................................
2025-11-04 09:02:44,545:INFO:SubProcess create_model() end ==================================
2025-11-04 09:02:44,546:INFO:Creating metrics dataframe
2025-11-04 09:02:44,557:INFO:Initializing Gradient Boosting Regressor
2025-11-04 09:02:44,558:INFO:Total runtime is 0.3299739122390747 minutes
2025-11-04 09:02:44,563:INFO:SubProcess create_model() called ==================================
2025-11-04 09:02:44,564:INFO:Initializing create_model()
2025-11-04 09:02:44,564:INFO:create_model(self=<pycaret.regression.oop.RegressionExperiment object at 0x00000259E12BCA50>, estimator=gbr, fold=KFold(n_splits=10, random_state=None, shuffle=False), round=4, cross_validation=True, predict=True, fit_kwargs={}, groups=None, refit=False, probability_threshold=None, experiment_custom_tags=None, verbose=False, system=False, add_to_model_list=True, metrics=None, display=<pycaret.internal.display.display.CommonDisplay object at 0x00000259E129A850>, model_only=True, return_train_score=False, error_score=0.0, kwargs={})
2025-11-04 09:02:44,565:INFO:Checking exceptions
2025-11-04 09:02:44,565:INFO:Importing libraries
2025-11-04 09:02:44,565:INFO:Copying training dataset
2025-11-04 09:02:44,576:INFO:Defining folds
2025-11-04 09:02:44,576:INFO:Declaring metric variables
2025-11-04 09:02:44,582:INFO:Importing untrained model
2025-11-04 09:02:44,585:INFO:Gradient Boosting Regressor Imported successfully
2025-11-04 09:02:44,599:INFO:Starting cross validation
2025-11-04 09:02:44,621:INFO:Cross validating with KFold(n_splits=10, random_state=None, shuffle=False), n_jobs=-1
2025-11-04 09:02:46,119:INFO:Calculating mean and std
2025-11-04 09:02:46,121:INFO:Creating metrics dataframe
2025-11-04 09:02:46,122:INFO:Uploading results into container
2025-11-04 09:02:46,122:INFO:Uploading model into container now
2025-11-04 09:02:46,123:INFO:_master_model_container: 16
2025-11-04 09:02:46,123:INFO:_display_container: 2
2025-11-04 09:02:46,123:INFO:GradientBoostingRegressor(random_state=23)
2025-11-04 09:02:46,123:INFO:create_model() successfully completed......................................
2025-11-04 09:02:46,421:INFO:SubProcess create_model() end ==================================
2025-11-04 09:02:46,421:INFO:Creating metrics dataframe
2025-11-04 09:02:46,432:INFO:Initializing Extreme Gradient Boosting
2025-11-04 09:02:46,433:INFO:Total runtime is 0.36121972401936847 minutes
2025-11-04 09:02:46,436:INFO:SubProcess create_model() called ==================================
2025-11-04 09:02:46,436:INFO:Initializing create_model()
2025-11-04 09:02:46,437:INFO:create_model(self=<pycaret.regression.oop.RegressionExperiment object at 0x00000259E12BCA50>, estimator=xgboost, fold=KFold(n_splits=10, random_state=None, shuffle=False), round=4, cross_validation=True, predict=True, fit_kwargs={}, groups=None, refit=False, probability_threshold=None, experiment_custom_tags=None, verbose=False, system=False, add_to_model_list=True, metrics=None, display=<pycaret.internal.display.display.CommonDisplay object at 0x00000259E129A850>, model_only=True, return_train_score=False, error_score=0.0, kwargs={})
2025-11-04 09:02:46,437:INFO:Checking exceptions
2025-11-04 09:02:46,437:INFO:Importing libraries
2025-11-04 09:02:46,437:INFO:Copying training dataset
2025-11-04 09:02:46,445:INFO:Defining folds
2025-11-04 09:02:46,445:INFO:Declaring metric variables
2025-11-04 09:02:46,448:INFO:Importing untrained model
2025-11-04 09:02:46,452:INFO:Extreme Gradient Boosting Imported successfully
2025-11-04 09:02:46,458:INFO:Starting cross validation
2025-11-04 09:02:46,466:INFO:Cross validating with KFold(n_splits=10, random_state=None, shuffle=False), n_jobs=-1
2025-11-04 09:02:48,228:INFO:Calculating mean and std
2025-11-04 09:02:48,229:INFO:Creating metrics dataframe
2025-11-04 09:02:48,230:INFO:Uploading results into container
2025-11-04 09:02:48,231:INFO:Uploading model into container now
2025-11-04 09:02:48,231:INFO:_master_model_container: 17
2025-11-04 09:02:48,231:INFO:_display_container: 2
2025-11-04 09:02:48,233:INFO:XGBRegressor(base_score=None, booster='gbtree', callbacks=None,
             colsample_bylevel=None, colsample_bynode=None,
             colsample_bytree=None, device='cpu', early_stopping_rounds=None,
             enable_categorical=False, eval_metric=None, feature_types=None,
             feature_weights=None, gamma=None, grow_policy=None,
             importance_type=None, interaction_constraints=None,
             learning_rate=None, max_bin=None, max_cat_threshold=None,
             max_cat_to_onehot=None, max_delta_step=None, max_depth=None,
             max_leaves=None, min_child_weight=None, missing=nan,
             monotone_constraints=None, multi_strategy=None, n_estimators=None,
             n_jobs=-1, num_parallel_tree=None, ...)
2025-11-04 09:02:48,233:INFO:create_model() successfully completed......................................
2025-11-04 09:02:48,542:INFO:SubProcess create_model() end ==================================
2025-11-04 09:02:48,542:INFO:Creating metrics dataframe
2025-11-04 09:02:48,555:INFO:Initializing Light Gradient Boosting Machine
2025-11-04 09:02:48,555:INFO:Total runtime is 0.3965815464655558 minutes
2025-11-04 09:02:48,559:INFO:SubProcess create_model() called ==================================
2025-11-04 09:02:48,559:INFO:Initializing create_model()
2025-11-04 09:02:48,559:INFO:create_model(self=<pycaret.regression.oop.RegressionExperiment object at 0x00000259E12BCA50>, estimator=lightgbm, fold=KFold(n_splits=10, random_state=None, shuffle=False), round=4, cross_validation=True, predict=True, fit_kwargs={}, groups=None, refit=False, probability_threshold=None, experiment_custom_tags=None, verbose=False, system=False, add_to_model_list=True, metrics=None, display=<pycaret.internal.display.display.CommonDisplay object at 0x00000259E129A850>, model_only=True, return_train_score=False, error_score=0.0, kwargs={})
2025-11-04 09:02:48,561:INFO:Checking exceptions
2025-11-04 09:02:48,561:INFO:Importing libraries
2025-11-04 09:02:48,561:INFO:Copying training dataset
2025-11-04 09:02:48,570:INFO:Defining folds
2025-11-04 09:02:48,570:INFO:Declaring metric variables
2025-11-04 09:02:48,573:INFO:Importing untrained model
2025-11-04 09:02:48,578:INFO:Light Gradient Boosting Machine Imported successfully
2025-11-04 09:02:48,586:INFO:Starting cross validation
2025-11-04 09:02:48,595:INFO:Cross validating with KFold(n_splits=10, random_state=None, shuffle=False), n_jobs=-1
2025-11-04 09:02:50,222:INFO:Calculating mean and std
2025-11-04 09:02:50,223:INFO:Creating metrics dataframe
2025-11-04 09:02:50,226:INFO:Uploading results into container
2025-11-04 09:02:50,226:INFO:Uploading model into container now
2025-11-04 09:02:50,227:INFO:_master_model_container: 18
2025-11-04 09:02:50,227:INFO:_display_container: 2
2025-11-04 09:02:50,228:INFO:LGBMRegressor(n_jobs=-1, random_state=23)
2025-11-04 09:02:50,228:INFO:create_model() successfully completed......................................
2025-11-04 09:02:50,512:INFO:SubProcess create_model() end ==================================
2025-11-04 09:02:50,512:INFO:Creating metrics dataframe
2025-11-04 09:02:50,527:INFO:Initializing CatBoost Regressor
2025-11-04 09:02:50,527:INFO:Total runtime is 0.4294605255126953 minutes
2025-11-04 09:02:50,532:INFO:SubProcess create_model() called ==================================
2025-11-04 09:02:50,532:INFO:Initializing create_model()
2025-11-04 09:02:50,532:INFO:create_model(self=<pycaret.regression.oop.RegressionExperiment object at 0x00000259E12BCA50>, estimator=catboost, fold=KFold(n_splits=10, random_state=None, shuffle=False), round=4, cross_validation=True, predict=True, fit_kwargs={}, groups=None, refit=False, probability_threshold=None, experiment_custom_tags=None, verbose=False, system=False, add_to_model_list=True, metrics=None, display=<pycaret.internal.display.display.CommonDisplay object at 0x00000259E129A850>, model_only=True, return_train_score=False, error_score=0.0, kwargs={})
2025-11-04 09:02:50,532:INFO:Checking exceptions
2025-11-04 09:02:50,532:INFO:Importing libraries
2025-11-04 09:02:50,533:INFO:Copying training dataset
2025-11-04 09:02:50,543:INFO:Defining folds
2025-11-04 09:02:50,543:INFO:Declaring metric variables
2025-11-04 09:02:50,546:INFO:Importing untrained model
2025-11-04 09:02:50,550:INFO:CatBoost Regressor Imported successfully
2025-11-04 09:02:50,555:INFO:Starting cross validation
2025-11-04 09:02:50,566:INFO:Cross validating with KFold(n_splits=10, random_state=None, shuffle=False), n_jobs=-1
2025-11-04 09:03:01,184:INFO:Calculating mean and std
2025-11-04 09:03:01,186:INFO:Creating metrics dataframe
2025-11-04 09:03:01,189:INFO:Uploading results into container
2025-11-04 09:03:01,189:INFO:Uploading model into container now
2025-11-04 09:03:01,190:INFO:_master_model_container: 19
2025-11-04 09:03:01,190:INFO:_display_container: 2
2025-11-04 09:03:01,190:INFO:<catboost.core.CatBoostRegressor object at 0x00000259E1224910>
2025-11-04 09:03:01,190:INFO:create_model() successfully completed......................................
2025-11-04 09:03:01,479:INFO:SubProcess create_model() end ==================================
2025-11-04 09:03:01,479:INFO:Creating metrics dataframe
2025-11-04 09:03:01,491:INFO:Initializing Dummy Regressor
2025-11-04 09:03:01,491:INFO:Total runtime is 0.6121946215629578 minutes
2025-11-04 09:03:01,493:INFO:SubProcess create_model() called ==================================
2025-11-04 09:03:01,495:INFO:Initializing create_model()
2025-11-04 09:03:01,495:INFO:create_model(self=<pycaret.regression.oop.RegressionExperiment object at 0x00000259E12BCA50>, estimator=dummy, fold=KFold(n_splits=10, random_state=None, shuffle=False), round=4, cross_validation=True, predict=True, fit_kwargs={}, groups=None, refit=False, probability_threshold=None, experiment_custom_tags=None, verbose=False, system=False, add_to_model_list=True, metrics=None, display=<pycaret.internal.display.display.CommonDisplay object at 0x00000259E129A850>, model_only=True, return_train_score=False, error_score=0.0, kwargs={})
2025-11-04 09:03:01,495:INFO:Checking exceptions
2025-11-04 09:03:01,495:INFO:Importing libraries
2025-11-04 09:03:01,495:INFO:Copying training dataset
2025-11-04 09:03:01,503:INFO:Defining folds
2025-11-04 09:03:01,503:INFO:Declaring metric variables
2025-11-04 09:03:01,505:INFO:Importing untrained model
2025-11-04 09:03:01,509:INFO:Dummy Regressor Imported successfully
2025-11-04 09:03:01,515:INFO:Starting cross validation
2025-11-04 09:03:01,522:INFO:Cross validating with KFold(n_splits=10, random_state=None, shuffle=False), n_jobs=-1
2025-11-04 09:03:02,278:INFO:Calculating mean and std
2025-11-04 09:03:02,279:INFO:Creating metrics dataframe
2025-11-04 09:03:02,284:INFO:Uploading results into container
2025-11-04 09:03:02,285:INFO:Uploading model into container now
2025-11-04 09:03:02,285:INFO:_master_model_container: 20
2025-11-04 09:03:02,285:INFO:_display_container: 2
2025-11-04 09:03:02,286:INFO:DummyRegressor()
2025-11-04 09:03:02,286:INFO:create_model() successfully completed......................................
2025-11-04 09:03:02,600:INFO:SubProcess create_model() end ==================================
2025-11-04 09:03:02,601:INFO:Creating metrics dataframe
2025-11-04 09:03:02,622:INFO:Initializing create_model()
2025-11-04 09:03:02,622:INFO:create_model(self=<pycaret.regression.oop.RegressionExperiment object at 0x00000259E12BCA50>, estimator=LinearRegression(n_jobs=-1), fold=KFold(n_splits=10, random_state=None, shuffle=False), round=4, cross_validation=False, predict=False, fit_kwargs={}, groups=None, refit=True, probability_threshold=None, experiment_custom_tags=None, verbose=False, system=False, add_to_model_list=True, metrics=None, display=None, model_only=True, return_train_score=False, error_score=0.0, kwargs={})
2025-11-04 09:03:02,623:INFO:Checking exceptions
2025-11-04 09:03:02,625:INFO:Importing libraries
2025-11-04 09:03:02,625:INFO:Copying training dataset
2025-11-04 09:03:02,634:INFO:Defining folds
2025-11-04 09:03:02,634:INFO:Declaring metric variables
2025-11-04 09:03:02,635:INFO:Importing untrained model
2025-11-04 09:03:02,635:INFO:Declaring custom model
2025-11-04 09:03:02,635:INFO:Linear Regression Imported successfully
2025-11-04 09:03:02,646:INFO:Cross validation set to False
2025-11-04 09:03:02,646:INFO:Fitting Model
2025-11-04 09:03:03,301:INFO:LinearRegression(n_jobs=-1)
2025-11-04 09:03:03,301:INFO:create_model() successfully completed......................................
2025-11-04 09:03:03,672:INFO:_master_model_container: 20
2025-11-04 09:03:03,673:INFO:_display_container: 2
2025-11-04 09:03:03,673:INFO:LinearRegression(n_jobs=-1)
2025-11-04 09:03:03,673:INFO:compare_models() successfully completed......................................
2025-11-04 09:06:55,871:INFO:PyCaret RegressionExperiment
2025-11-04 09:06:55,871:INFO:Logging name: reg-default-name
2025-11-04 09:06:55,871:INFO:ML Usecase: MLUsecase.REGRESSION
2025-11-04 09:06:55,871:INFO:version 3.3.2
2025-11-04 09:06:55,871:INFO:Initializing setup()
2025-11-04 09:06:55,871:INFO:self.USI: 0f5e
2025-11-04 09:06:55,871:INFO:self._variable_keys: {'X_test', 'data', 'X_train', 'transform_target_param', 'y', 'target_param', 'fold_generator', 'logging_param', 'fold_shuffle_param', 'exp_name_log', 'idx', 'exp_id', 'y_test', 'log_plots_param', '_ml_usecase', 'n_jobs_param', 'fold_groups_param', 'X', 'html_param', 'gpu_param', 'pipeline', 'USI', 'gpu_n_jobs_param', '_available_plots', 'y_train', 'seed', 'memory'}
2025-11-04 09:06:55,871:INFO:Checking environment
2025-11-04 09:06:55,871:INFO:python_version: 3.11.7
2025-11-04 09:06:55,871:INFO:python_build: ('tags/v3.11.7:fa7a6f2', 'Dec  4 2023 19:24:49')
2025-11-04 09:06:55,871:INFO:machine: AMD64
2025-11-04 09:06:55,871:INFO:platform: Windows-10-10.0.22631-SP0
2025-11-04 09:06:55,875:INFO:Memory: svmem(total=16841400320, available=1867046912, percent=88.9, used=14974353408, free=1867046912)
2025-11-04 09:06:55,875:INFO:Physical Core: 8
2025-11-04 09:06:55,875:INFO:Logical Core: 16
2025-11-04 09:06:55,875:INFO:Checking libraries
2025-11-04 09:06:55,875:INFO:System:
2025-11-04 09:06:55,875:INFO:    python: 3.11.7 (tags/v3.11.7:fa7a6f2, Dec  4 2023, 19:24:49) [MSC v.1937 64 bit (AMD64)]
2025-11-04 09:06:55,875:INFO:executable: c:\Users\Asus\Desktop\train\venv\Scripts\python.exe
2025-11-04 09:06:55,875:INFO:   machine: Windows-10-10.0.22631-SP0
2025-11-04 09:06:55,876:INFO:PyCaret required dependencies:
2025-11-04 09:06:55,876:INFO:                 pip: 23.2.1
2025-11-04 09:06:55,876:INFO:          setuptools: 80.9.0
2025-11-04 09:06:55,876:INFO:             pycaret: 3.3.2
2025-11-04 09:06:55,876:INFO:             IPython: 9.4.0
2025-11-04 09:06:55,876:INFO:          ipywidgets: 8.1.7
2025-11-04 09:06:55,876:INFO:                tqdm: 4.67.1
2025-11-04 09:06:55,876:INFO:               numpy: 1.26.4
2025-11-04 09:06:55,876:INFO:              pandas: 2.1.4
2025-11-04 09:06:55,876:INFO:              jinja2: 3.1.6
2025-11-04 09:06:55,876:INFO:               scipy: 1.11.4
2025-11-04 09:06:55,876:INFO:              joblib: 1.3.2
2025-11-04 09:06:55,876:INFO:             sklearn: 1.4.2
2025-11-04 09:06:55,876:INFO:                pyod: 2.0.5
2025-11-04 09:06:55,876:INFO:            imblearn: 0.14.0
2025-11-04 09:06:55,876:INFO:   category_encoders: 2.7.0
2025-11-04 09:06:55,876:INFO:            lightgbm: 4.6.0
2025-11-04 09:06:55,876:INFO:               numba: 0.61.0
2025-11-04 09:06:55,876:INFO:            requests: 2.32.5
2025-11-04 09:06:55,876:INFO:          matplotlib: 3.7.5
2025-11-04 09:06:55,876:INFO:          scikitplot: 0.3.7
2025-11-04 09:06:55,876:INFO:         yellowbrick: 1.5
2025-11-04 09:06:55,876:INFO:              plotly: 5.24.1
2025-11-04 09:06:55,876:INFO:    plotly-resampler: Not installed
2025-11-04 09:06:55,876:INFO:             kaleido: 1.1.0
2025-11-04 09:06:55,876:INFO:           schemdraw: 0.15
2025-11-04 09:06:55,876:INFO:         statsmodels: 0.14.5
2025-11-04 09:06:55,876:INFO:              sktime: 0.26.0
2025-11-04 09:06:55,876:INFO:               tbats: 1.1.3
2025-11-04 09:06:55,877:INFO:            pmdarima: 2.0.4
2025-11-04 09:06:55,877:INFO:              psutil: 7.0.0
2025-11-04 09:06:55,877:INFO:          markupsafe: 2.1.5
2025-11-04 09:06:55,877:INFO:             pickle5: Not installed
2025-11-04 09:06:55,877:INFO:         cloudpickle: 3.1.1
2025-11-04 09:06:55,877:INFO:         deprecation: 2.1.0
2025-11-04 09:06:55,877:INFO:              xxhash: 3.5.0
2025-11-04 09:06:55,877:INFO:           wurlitzer: Not installed
2025-11-04 09:06:55,877:INFO:PyCaret optional dependencies:
2025-11-04 09:06:55,877:INFO:                shap: 0.44.1
2025-11-04 09:06:55,877:INFO:           interpret: 0.7.2
2025-11-04 09:06:55,877:INFO:                umap: 0.5.7
2025-11-04 09:06:55,877:INFO:     ydata_profiling: 4.17.0
2025-11-04 09:06:55,877:INFO:  explainerdashboard: 0.5.1
2025-11-04 09:06:55,877:INFO:             autoviz: Not installed
2025-11-04 09:06:55,877:INFO:           fairlearn: 0.7.0
2025-11-04 09:06:55,877:INFO:          deepchecks: Not installed
2025-11-04 09:06:55,877:INFO:             xgboost: 3.0.5
2025-11-04 09:06:55,877:INFO:            catboost: 1.2.8
2025-11-04 09:06:55,877:INFO:              kmodes: 0.12.2
2025-11-04 09:06:55,877:INFO:             mlxtend: 0.23.4
2025-11-04 09:06:55,877:INFO:       statsforecast: 1.5.0
2025-11-04 09:06:55,877:INFO:        tune_sklearn: Not installed
2025-11-04 09:06:55,877:INFO:                 ray: Not installed
2025-11-04 09:06:55,877:INFO:            hyperopt: 0.2.7
2025-11-04 09:06:55,877:INFO:              optuna: 4.5.0
2025-11-04 09:06:55,877:INFO:               skopt: 0.10.2
2025-11-04 09:06:55,877:INFO:              mlflow: 3.4.0
2025-11-04 09:06:55,877:INFO:              gradio: 5.48.0
2025-11-04 09:06:55,877:INFO:             fastapi: 0.118.0
2025-11-04 09:06:55,877:INFO:             uvicorn: 0.37.0
2025-11-04 09:06:55,877:INFO:              m2cgen: 0.10.0
2025-11-04 09:06:55,877:INFO:           evidently: 0.4.40
2025-11-04 09:06:55,877:INFO:               fugue: 0.8.7
2025-11-04 09:06:55,877:INFO:           streamlit: 1.50.0
2025-11-04 09:06:55,878:INFO:             prophet: Not installed
2025-11-04 09:06:55,878:INFO:None
2025-11-04 09:06:55,878:INFO:Set up data.
2025-11-04 09:06:55,890:INFO:Set up folding strategy.
2025-11-04 09:06:55,890:INFO:Set up train/test split.
2025-11-04 09:06:55,894:INFO:Set up index.
2025-11-04 09:06:55,894:INFO:Assigning column types.
2025-11-04 09:06:55,897:INFO:Engine successfully changes for model 'lr' to 'sklearn'.
2025-11-04 09:06:55,897:INFO:Engine for model 'lasso' has not been set explicitly, hence returning None.
2025-11-04 09:06:55,902:INFO:Engine for model 'ridge' has not been set explicitly, hence returning None.
2025-11-04 09:06:55,906:INFO:Engine for model 'en' has not been set explicitly, hence returning None.
2025-11-04 09:06:55,964:INFO:Engine for model 'svm' has not been set explicitly, hence returning None.
2025-11-04 09:06:56,053:INFO:Engine for model 'knn' has not been set explicitly, hence returning None.
2025-11-04 09:06:56,054:INFO:Soft dependency imported: xgboost: 3.0.5
2025-11-04 09:06:56,058:INFO:Soft dependency imported: catboost: 1.2.8
2025-11-04 09:06:56,060:INFO:Engine for model 'lasso' has not been set explicitly, hence returning None.
2025-11-04 09:06:56,069:INFO:Engine for model 'ridge' has not been set explicitly, hence returning None.
2025-11-04 09:06:56,079:INFO:Engine for model 'en' has not been set explicitly, hence returning None.
2025-11-04 09:06:56,184:INFO:Engine for model 'svm' has not been set explicitly, hence returning None.
2025-11-04 09:06:56,235:INFO:Engine for model 'knn' has not been set explicitly, hence returning None.
2025-11-04 09:06:56,235:INFO:Soft dependency imported: xgboost: 3.0.5
2025-11-04 09:06:56,238:INFO:Soft dependency imported: catboost: 1.2.8
2025-11-04 09:06:56,239:INFO:Engine successfully changes for model 'lasso' to 'sklearn'.
2025-11-04 09:06:56,245:INFO:Engine for model 'ridge' has not been set explicitly, hence returning None.
2025-11-04 09:06:56,250:INFO:Engine for model 'en' has not been set explicitly, hence returning None.
2025-11-04 09:06:56,311:INFO:Engine for model 'svm' has not been set explicitly, hence returning None.
2025-11-04 09:06:56,356:INFO:Engine for model 'knn' has not been set explicitly, hence returning None.
2025-11-04 09:06:56,357:INFO:Soft dependency imported: xgboost: 3.0.5
2025-11-04 09:06:56,360:INFO:Soft dependency imported: catboost: 1.2.8
2025-11-04 09:06:56,365:INFO:Engine for model 'ridge' has not been set explicitly, hence returning None.
2025-11-04 09:06:56,371:INFO:Engine for model 'en' has not been set explicitly, hence returning None.
2025-11-04 09:06:56,451:INFO:Engine for model 'svm' has not been set explicitly, hence returning None.
2025-11-04 09:06:56,514:INFO:Engine for model 'knn' has not been set explicitly, hence returning None.
2025-11-04 09:06:56,514:INFO:Soft dependency imported: xgboost: 3.0.5
2025-11-04 09:06:56,521:INFO:Soft dependency imported: catboost: 1.2.8
2025-11-04 09:06:56,522:INFO:Engine successfully changes for model 'ridge' to 'sklearn'.
2025-11-04 09:06:56,537:INFO:Engine for model 'en' has not been set explicitly, hence returning None.
2025-11-04 09:06:56,628:INFO:Engine for model 'svm' has not been set explicitly, hence returning None.
2025-11-04 09:06:56,690:INFO:Engine for model 'knn' has not been set explicitly, hence returning None.
2025-11-04 09:06:56,691:INFO:Soft dependency imported: xgboost: 3.0.5
2025-11-04 09:06:56,694:INFO:Soft dependency imported: catboost: 1.2.8
2025-11-04 09:06:56,703:INFO:Engine for model 'en' has not been set explicitly, hence returning None.
2025-11-04 09:06:56,784:INFO:Engine for model 'svm' has not been set explicitly, hence returning None.
2025-11-04 09:06:56,849:INFO:Engine for model 'knn' has not been set explicitly, hence returning None.
2025-11-04 09:06:56,849:INFO:Soft dependency imported: xgboost: 3.0.5
2025-11-04 09:06:56,852:INFO:Soft dependency imported: catboost: 1.2.8
2025-11-04 09:06:56,853:INFO:Engine successfully changes for model 'en' to 'sklearn'.
2025-11-04 09:06:56,948:INFO:Engine for model 'svm' has not been set explicitly, hence returning None.
2025-11-04 09:06:56,999:INFO:Engine for model 'knn' has not been set explicitly, hence returning None.
2025-11-04 09:06:57,000:INFO:Soft dependency imported: xgboost: 3.0.5
2025-11-04 09:06:57,005:INFO:Soft dependency imported: catboost: 1.2.8
2025-11-04 09:06:57,102:INFO:Engine for model 'svm' has not been set explicitly, hence returning None.
2025-11-04 09:06:57,193:INFO:Engine for model 'knn' has not been set explicitly, hence returning None.
2025-11-04 09:06:57,194:INFO:Soft dependency imported: xgboost: 3.0.5
2025-11-04 09:06:57,198:INFO:Soft dependency imported: catboost: 1.2.8
2025-11-04 09:06:57,199:INFO:Engine successfully changes for model 'knn' to 'sklearn'.
2025-11-04 09:06:57,331:INFO:Engine for model 'svm' has not been set explicitly, hence returning None.
2025-11-04 09:06:57,418:INFO:Soft dependency imported: xgboost: 3.0.5
2025-11-04 09:06:57,423:INFO:Soft dependency imported: catboost: 1.2.8
2025-11-04 09:06:57,577:INFO:Engine for model 'svm' has not been set explicitly, hence returning None.
2025-11-04 09:06:57,623:INFO:Soft dependency imported: xgboost: 3.0.5
2025-11-04 09:06:57,626:INFO:Soft dependency imported: catboost: 1.2.8
2025-11-04 09:06:57,632:INFO:Engine successfully changes for model 'svm' to 'sklearn'.
2025-11-04 09:06:57,736:INFO:Soft dependency imported: xgboost: 3.0.5
2025-11-04 09:06:57,738:INFO:Soft dependency imported: catboost: 1.2.8
2025-11-04 09:06:57,887:INFO:Soft dependency imported: xgboost: 3.0.5
2025-11-04 09:06:57,889:INFO:Soft dependency imported: catboost: 1.2.8
2025-11-04 09:06:57,891:INFO:Preparing preprocessing pipeline...
2025-11-04 09:06:57,891:INFO:Set up simple imputation.
2025-11-04 09:06:57,898:INFO:Set up encoding of categorical features.
2025-11-04 09:06:57,898:INFO:Set up removing outliers.
2025-11-04 09:06:58,158:INFO:Finished creating preprocessing pipeline.
2025-11-04 09:06:58,168:INFO:Pipeline: Pipeline(memory=FastMemory(location=C:\TEMP\joblib),
         steps=[('numerical_imputer',
                 TransformerWrapper(include=['YearsCodePro'],
                                    transformer=SimpleImputer())),
                ('categorical_imputer',
                 TransformerWrapper(include=['Country', 'EdLevel'],
                                    transformer=SimpleImputer(strategy='most_frequent'))),
                ('onehot_encoding',
                 TransformerWrapper(include=['EdLevel'],
                                    transformer=OneHotEncoder(cols=['EdLevel'],
                                                              handle_missing='return_nan',
                                                              use_cat_names=True))),
                ('rest_encoding',
                 TransformerWrapper(include=['Country'],
                                    transformer=TargetEncoder(cols=['Country'],
                                                              handle_missing='return_nan'))),
                ('remove_outliers',
                 TransformerWrapper(transformer=RemoveOutliers(random_state=23)))])
2025-11-04 09:06:58,168:INFO:Creating final display dataframe.
2025-11-04 09:06:58,394:INFO:Setup _display_container:                     Description             Value
0                    Session id                23
1                        Target            Salary
2                   Target type        Regression
3           Original data shape        (35932, 4)
4        Transformed data shape        (34694, 6)
5   Transformed train set shape        (23914, 6)
6    Transformed test set shape        (10780, 6)
7              Numeric features                 1
8          Categorical features                 2
9                    Preprocess              True
10              Imputation type            simple
11           Numeric imputation              mean
12       Categorical imputation              mode
13     Maximum one-hot encoding                25
14              Encoding method              None
15              Remove outliers              True
16           Outliers threshold              0.05
17               Fold Generator             KFold
18                  Fold Number                10
19                     CPU Jobs                -1
20                      Use GPU             False
21               Log Experiment             False
22              Experiment Name  reg-default-name
23                          USI              0f5e
2025-11-04 09:06:58,563:INFO:Soft dependency imported: xgboost: 3.0.5
2025-11-04 09:06:58,566:INFO:Soft dependency imported: catboost: 1.2.8
2025-11-04 09:06:58,693:INFO:Soft dependency imported: xgboost: 3.0.5
2025-11-04 09:06:58,699:INFO:Soft dependency imported: catboost: 1.2.8
2025-11-04 09:06:58,702:INFO:setup() successfully completed in 2.84s...............
2025-11-04 09:06:58,731:INFO:gpu_param set to False
2025-11-04 09:06:58,869:INFO:Soft dependency imported: xgboost: 3.0.5
2025-11-04 09:06:58,872:INFO:Soft dependency imported: catboost: 1.2.8
2025-11-04 09:06:58,997:INFO:Soft dependency imported: xgboost: 3.0.5
2025-11-04 09:06:59,000:INFO:Soft dependency imported: catboost: 1.2.8
2025-11-04 09:06:59,020:INFO:Initializing compare_models()
2025-11-04 09:06:59,020:INFO:compare_models(self=<pycaret.regression.oop.RegressionExperiment object at 0x00000259E19F2990>, include=None, exclude=None, fold=None, round=4, cross_validation=True, sort=R2, n_select=1, budget_time=None, turbo=True, errors=ignore, fit_kwargs=None, groups=None, experiment_custom_tags=None, probability_threshold=None, verbose=True, parallel=None, caller_params={'self': <pycaret.regression.oop.RegressionExperiment object at 0x00000259E19F2990>, 'include': None, 'exclude': None, 'fold': None, 'round': 4, 'cross_validation': True, 'sort': 'R2', 'n_select': 1, 'budget_time': None, 'turbo': True, 'errors': 'ignore', 'fit_kwargs': None, 'groups': None, 'experiment_custom_tags': None, 'engine': None, 'verbose': True, 'parallel': None, '__class__': <class 'pycaret.regression.oop.RegressionExperiment'>})
2025-11-04 09:06:59,020:INFO:Checking exceptions
2025-11-04 09:06:59,026:INFO:Preparing display monitor
2025-11-04 09:06:59,045:INFO:Initializing Linear Regression
2025-11-04 09:06:59,045:INFO:Total runtime is 0.0 minutes
2025-11-04 09:06:59,050:INFO:SubProcess create_model() called ==================================
2025-11-04 09:06:59,050:INFO:Initializing create_model()
2025-11-04 09:06:59,050:INFO:create_model(self=<pycaret.regression.oop.RegressionExperiment object at 0x00000259E19F2990>, estimator=lr, fold=KFold(n_splits=10, random_state=None, shuffle=False), round=4, cross_validation=True, predict=True, fit_kwargs={}, groups=None, refit=False, probability_threshold=None, experiment_custom_tags=None, verbose=False, system=False, add_to_model_list=True, metrics=None, display=<pycaret.internal.display.display.CommonDisplay object at 0x00000259E16EA850>, model_only=True, return_train_score=False, error_score=0.0, kwargs={})
2025-11-04 09:06:59,050:INFO:Checking exceptions
2025-11-04 09:06:59,051:INFO:Importing libraries
2025-11-04 09:06:59,051:INFO:Copying training dataset
2025-11-04 09:06:59,059:INFO:Defining folds
2025-11-04 09:06:59,059:INFO:Declaring metric variables
2025-11-04 09:06:59,062:INFO:Importing untrained model
2025-11-04 09:06:59,066:INFO:Linear Regression Imported successfully
2025-11-04 09:06:59,073:INFO:Starting cross validation
2025-11-04 09:06:59,075:INFO:Cross validating with KFold(n_splits=10, random_state=None, shuffle=False), n_jobs=-1
2025-11-04 09:06:59,825:INFO:Calculating mean and std
2025-11-04 09:06:59,825:INFO:Creating metrics dataframe
2025-11-04 09:06:59,826:INFO:Uploading results into container
2025-11-04 09:06:59,827:INFO:Uploading model into container now
2025-11-04 09:06:59,827:INFO:_master_model_container: 1
2025-11-04 09:06:59,827:INFO:_display_container: 2
2025-11-04 09:06:59,827:INFO:LinearRegression(n_jobs=-1)
2025-11-04 09:06:59,827:INFO:create_model() successfully completed......................................
2025-11-04 09:07:00,150:INFO:SubProcess create_model() end ==================================
2025-11-04 09:07:00,150:INFO:Creating metrics dataframe
2025-11-04 09:07:28,191:INFO:PyCaret RegressionExperiment
2025-11-04 09:07:28,191:INFO:Logging name: reg-default-name
2025-11-04 09:07:28,191:INFO:ML Usecase: MLUsecase.REGRESSION
2025-11-04 09:07:28,191:INFO:version 3.3.2
2025-11-04 09:07:28,191:INFO:Initializing setup()
2025-11-04 09:07:28,191:INFO:self.USI: 077c
2025-11-04 09:07:28,191:INFO:self._variable_keys: {'X_test', 'data', 'X_train', 'transform_target_param', 'y', 'target_param', 'fold_generator', 'logging_param', 'fold_shuffle_param', 'exp_name_log', 'idx', 'exp_id', 'y_test', 'log_plots_param', '_ml_usecase', 'n_jobs_param', 'fold_groups_param', 'X', 'html_param', 'gpu_param', 'pipeline', 'USI', 'gpu_n_jobs_param', '_available_plots', 'y_train', 'seed', 'memory'}
2025-11-04 09:07:28,191:INFO:Checking environment
2025-11-04 09:07:28,191:INFO:python_version: 3.11.7
2025-11-04 09:07:28,191:INFO:python_build: ('tags/v3.11.7:fa7a6f2', 'Dec  4 2023 19:24:49')
2025-11-04 09:07:28,191:INFO:machine: AMD64
2025-11-04 09:07:28,191:INFO:platform: Windows-10-10.0.22631-SP0
2025-11-04 09:07:28,195:INFO:Memory: svmem(total=16841400320, available=1681653760, percent=90.0, used=15159746560, free=1681653760)
2025-11-04 09:07:28,195:INFO:Physical Core: 8
2025-11-04 09:07:28,195:INFO:Logical Core: 16
2025-11-04 09:07:28,195:INFO:Checking libraries
2025-11-04 09:07:28,195:INFO:System:
2025-11-04 09:07:28,195:INFO:    python: 3.11.7 (tags/v3.11.7:fa7a6f2, Dec  4 2023, 19:24:49) [MSC v.1937 64 bit (AMD64)]
2025-11-04 09:07:28,195:INFO:executable: c:\Users\Asus\Desktop\train\venv\Scripts\python.exe
2025-11-04 09:07:28,195:INFO:   machine: Windows-10-10.0.22631-SP0
2025-11-04 09:07:28,195:INFO:PyCaret required dependencies:
2025-11-04 09:07:28,195:INFO:                 pip: 23.2.1
2025-11-04 09:07:28,195:INFO:          setuptools: 80.9.0
2025-11-04 09:07:28,195:INFO:             pycaret: 3.3.2
2025-11-04 09:07:28,195:INFO:             IPython: 9.4.0
2025-11-04 09:07:28,195:INFO:          ipywidgets: 8.1.7
2025-11-04 09:07:28,195:INFO:                tqdm: 4.67.1
2025-11-04 09:07:28,195:INFO:               numpy: 1.26.4
2025-11-04 09:07:28,195:INFO:              pandas: 2.1.4
2025-11-04 09:07:28,196:INFO:              jinja2: 3.1.6
2025-11-04 09:07:28,196:INFO:               scipy: 1.11.4
2025-11-04 09:07:28,196:INFO:              joblib: 1.3.2
2025-11-04 09:07:28,196:INFO:             sklearn: 1.4.2
2025-11-04 09:07:28,196:INFO:                pyod: 2.0.5
2025-11-04 09:07:28,196:INFO:            imblearn: 0.14.0
2025-11-04 09:07:28,196:INFO:   category_encoders: 2.7.0
2025-11-04 09:07:28,196:INFO:            lightgbm: 4.6.0
2025-11-04 09:07:28,196:INFO:               numba: 0.61.0
2025-11-04 09:07:28,196:INFO:            requests: 2.32.5
2025-11-04 09:07:28,196:INFO:          matplotlib: 3.7.5
2025-11-04 09:07:28,196:INFO:          scikitplot: 0.3.7
2025-11-04 09:07:28,196:INFO:         yellowbrick: 1.5
2025-11-04 09:07:28,196:INFO:              plotly: 5.24.1
2025-11-04 09:07:28,196:INFO:    plotly-resampler: Not installed
2025-11-04 09:07:28,196:INFO:             kaleido: 1.1.0
2025-11-04 09:07:28,196:INFO:           schemdraw: 0.15
2025-11-04 09:07:28,196:INFO:         statsmodels: 0.14.5
2025-11-04 09:07:28,196:INFO:              sktime: 0.26.0
2025-11-04 09:07:28,196:INFO:               tbats: 1.1.3
2025-11-04 09:07:28,196:INFO:            pmdarima: 2.0.4
2025-11-04 09:07:28,196:INFO:              psutil: 7.0.0
2025-11-04 09:07:28,196:INFO:          markupsafe: 2.1.5
2025-11-04 09:07:28,196:INFO:             pickle5: Not installed
2025-11-04 09:07:28,196:INFO:         cloudpickle: 3.1.1
2025-11-04 09:07:28,196:INFO:         deprecation: 2.1.0
2025-11-04 09:07:28,196:INFO:              xxhash: 3.5.0
2025-11-04 09:07:28,196:INFO:           wurlitzer: Not installed
2025-11-04 09:07:28,196:INFO:PyCaret optional dependencies:
2025-11-04 09:07:28,197:INFO:                shap: 0.44.1
2025-11-04 09:07:28,197:INFO:           interpret: 0.7.2
2025-11-04 09:07:28,197:INFO:                umap: 0.5.7
2025-11-04 09:07:28,197:INFO:     ydata_profiling: 4.17.0
2025-11-04 09:07:28,197:INFO:  explainerdashboard: 0.5.1
2025-11-04 09:07:28,197:INFO:             autoviz: Not installed
2025-11-04 09:07:28,197:INFO:           fairlearn: 0.7.0
2025-11-04 09:07:28,197:INFO:          deepchecks: Not installed
2025-11-04 09:07:28,197:INFO:             xgboost: 3.0.5
2025-11-04 09:07:28,197:INFO:            catboost: 1.2.8
2025-11-04 09:07:28,197:INFO:              kmodes: 0.12.2
2025-11-04 09:07:28,197:INFO:             mlxtend: 0.23.4
2025-11-04 09:07:28,197:INFO:       statsforecast: 1.5.0
2025-11-04 09:07:28,197:INFO:        tune_sklearn: Not installed
2025-11-04 09:07:28,197:INFO:                 ray: Not installed
2025-11-04 09:07:28,197:INFO:            hyperopt: 0.2.7
2025-11-04 09:07:28,197:INFO:              optuna: 4.5.0
2025-11-04 09:07:28,197:INFO:               skopt: 0.10.2
2025-11-04 09:07:28,197:INFO:              mlflow: 3.4.0
2025-11-04 09:07:28,197:INFO:              gradio: 5.48.0
2025-11-04 09:07:28,197:INFO:             fastapi: 0.118.0
2025-11-04 09:07:28,197:INFO:             uvicorn: 0.37.0
2025-11-04 09:07:28,197:INFO:              m2cgen: 0.10.0
2025-11-04 09:07:28,197:INFO:           evidently: 0.4.40
2025-11-04 09:07:28,197:INFO:               fugue: 0.8.7
2025-11-04 09:07:28,197:INFO:           streamlit: 1.50.0
2025-11-04 09:07:28,197:INFO:             prophet: Not installed
2025-11-04 09:07:28,197:INFO:None
2025-11-04 09:07:28,197:INFO:Set up data.
2025-11-04 09:07:28,212:INFO:Set up folding strategy.
2025-11-04 09:07:28,213:INFO:Set up train/test split.
2025-11-04 09:07:28,218:INFO:Set up index.
2025-11-04 09:07:28,218:INFO:Assigning column types.
2025-11-04 09:07:28,221:INFO:Engine successfully changes for model 'lr' to 'sklearn'.
2025-11-04 09:07:28,221:INFO:Engine for model 'lasso' has not been set explicitly, hence returning None.
2025-11-04 09:07:28,225:INFO:Engine for model 'ridge' has not been set explicitly, hence returning None.
2025-11-04 09:07:28,230:INFO:Engine for model 'en' has not been set explicitly, hence returning None.
2025-11-04 09:07:28,288:INFO:Engine for model 'svm' has not been set explicitly, hence returning None.
2025-11-04 09:07:28,360:INFO:Engine for model 'knn' has not been set explicitly, hence returning None.
2025-11-04 09:07:28,360:INFO:Soft dependency imported: xgboost: 3.0.5
2025-11-04 09:07:28,363:INFO:Soft dependency imported: catboost: 1.2.8
2025-11-04 09:07:28,363:INFO:Engine for model 'lasso' has not been set explicitly, hence returning None.
2025-11-04 09:07:28,368:INFO:Engine for model 'ridge' has not been set explicitly, hence returning None.
2025-11-04 09:07:28,372:INFO:Engine for model 'en' has not been set explicitly, hence returning None.
2025-11-04 09:07:28,452:INFO:Engine for model 'svm' has not been set explicitly, hence returning None.
2025-11-04 09:07:28,503:INFO:Engine for model 'knn' has not been set explicitly, hence returning None.
2025-11-04 09:07:28,504:INFO:Soft dependency imported: xgboost: 3.0.5
2025-11-04 09:07:28,506:INFO:Soft dependency imported: catboost: 1.2.8
2025-11-04 09:07:28,507:INFO:Engine successfully changes for model 'lasso' to 'sklearn'.
2025-11-04 09:07:28,515:INFO:Engine for model 'ridge' has not been set explicitly, hence returning None.
2025-11-04 09:07:28,520:INFO:Engine for model 'en' has not been set explicitly, hence returning None.
2025-11-04 09:07:28,584:INFO:Engine for model 'svm' has not been set explicitly, hence returning None.
2025-11-04 09:07:28,630:INFO:Engine for model 'knn' has not been set explicitly, hence returning None.
2025-11-04 09:07:28,630:INFO:Soft dependency imported: xgboost: 3.0.5
2025-11-04 09:07:28,633:INFO:Soft dependency imported: catboost: 1.2.8
2025-11-04 09:07:28,638:INFO:Engine for model 'ridge' has not been set explicitly, hence returning None.
2025-11-04 09:07:28,643:INFO:Engine for model 'en' has not been set explicitly, hence returning None.
2025-11-04 09:07:28,724:INFO:Engine for model 'svm' has not been set explicitly, hence returning None.
2025-11-04 09:07:28,781:INFO:Engine for model 'knn' has not been set explicitly, hence returning None.
2025-11-04 09:07:28,782:INFO:Soft dependency imported: xgboost: 3.0.5
2025-11-04 09:07:28,785:INFO:Soft dependency imported: catboost: 1.2.8
2025-11-04 09:07:28,786:INFO:Engine successfully changes for model 'ridge' to 'sklearn'.
2025-11-04 09:07:28,797:INFO:Engine for model 'en' has not been set explicitly, hence returning None.
2025-11-04 09:07:28,857:INFO:Engine for model 'svm' has not been set explicitly, hence returning None.
2025-11-04 09:07:28,900:INFO:Engine for model 'knn' has not been set explicitly, hence returning None.
2025-11-04 09:07:28,901:INFO:Soft dependency imported: xgboost: 3.0.5
2025-11-04 09:07:28,904:INFO:Soft dependency imported: catboost: 1.2.8
2025-11-04 09:07:28,914:INFO:Engine for model 'en' has not been set explicitly, hence returning None.
2025-11-04 09:07:28,974:INFO:Engine for model 'svm' has not been set explicitly, hence returning None.
2025-11-04 09:07:29,017:INFO:Engine for model 'knn' has not been set explicitly, hence returning None.
2025-11-04 09:07:29,017:INFO:Soft dependency imported: xgboost: 3.0.5
2025-11-04 09:07:29,020:INFO:Soft dependency imported: catboost: 1.2.8
2025-11-04 09:07:29,020:INFO:Engine successfully changes for model 'en' to 'sklearn'.
2025-11-04 09:07:29,091:INFO:Engine for model 'svm' has not been set explicitly, hence returning None.
2025-11-04 09:07:29,141:INFO:Engine for model 'knn' has not been set explicitly, hence returning None.
2025-11-04 09:07:29,142:INFO:Soft dependency imported: xgboost: 3.0.5
2025-11-04 09:07:29,147:INFO:Soft dependency imported: catboost: 1.2.8
2025-11-04 09:07:29,224:INFO:Engine for model 'svm' has not been set explicitly, hence returning None.
2025-11-04 09:07:29,264:INFO:Engine for model 'knn' has not been set explicitly, hence returning None.
2025-11-04 09:07:29,265:INFO:Soft dependency imported: xgboost: 3.0.5
2025-11-04 09:07:29,267:INFO:Soft dependency imported: catboost: 1.2.8
2025-11-04 09:07:29,268:INFO:Engine successfully changes for model 'knn' to 'sklearn'.
2025-11-04 09:07:29,349:INFO:Engine for model 'svm' has not been set explicitly, hence returning None.
2025-11-04 09:07:29,389:INFO:Soft dependency imported: xgboost: 3.0.5
2025-11-04 09:07:29,392:INFO:Soft dependency imported: catboost: 1.2.8
2025-11-04 09:07:29,476:INFO:Engine for model 'svm' has not been set explicitly, hence returning None.
2025-11-04 09:07:29,569:INFO:Soft dependency imported: xgboost: 3.0.5
2025-11-04 09:07:29,572:INFO:Soft dependency imported: catboost: 1.2.8
2025-11-04 09:07:29,573:INFO:Engine successfully changes for model 'svm' to 'sklearn'.
2025-11-04 09:07:29,773:INFO:Soft dependency imported: xgboost: 3.0.5
2025-11-04 09:07:29,776:INFO:Soft dependency imported: catboost: 1.2.8
2025-11-04 09:07:29,881:INFO:Soft dependency imported: xgboost: 3.0.5
2025-11-04 09:07:29,884:INFO:Soft dependency imported: catboost: 1.2.8
2025-11-04 09:07:29,885:INFO:Preparing preprocessing pipeline...
2025-11-04 09:07:29,885:INFO:Set up simple imputation.
2025-11-04 09:07:29,889:INFO:Set up encoding of categorical features.
2025-11-04 09:07:29,889:INFO:Set up removing outliers.
2025-11-04 09:07:30,061:INFO:Finished creating preprocessing pipeline.
2025-11-04 09:07:30,069:INFO:Pipeline: Pipeline(memory=FastMemory(location=C:\TEMP\joblib),
         steps=[('numerical_imputer',
                 TransformerWrapper(include=['YearsCodePro'],
                                    transformer=SimpleImputer())),
                ('categorical_imputer',
                 TransformerWrapper(include=['Country', 'EdLevel'],
                                    transformer=SimpleImputer(strategy='most_frequent'))),
                ('onehot_encoding',
                 TransformerWrapper(include=['EdLevel'],
                                    transformer=OneHotEncoder(cols=['EdLevel'],
                                                              handle_missing='return_nan',
                                                              use_cat_names=True))),
                ('rest_encoding',
                 TransformerWrapper(include=['Country'],
                                    transformer=TargetEncoder(cols=['Country'],
                                                              handle_missing='return_nan'))),
                ('remove_outliers',
                 TransformerWrapper(transformer=RemoveOutliers(random_state=23)))])
2025-11-04 09:07:30,069:INFO:Creating final display dataframe.
2025-11-04 09:07:32,151:INFO:Setup _display_container:                     Description             Value
0                    Session id                23
1                        Target            Salary
2                   Target type        Regression
3           Original data shape        (37923, 4)
4        Transformed data shape        (36597, 7)
5   Transformed train set shape        (25220, 7)
6    Transformed test set shape        (11377, 7)
7              Numeric features                 1
8          Categorical features                 2
9                    Preprocess              True
10              Imputation type            simple
11           Numeric imputation              mean
12       Categorical imputation              mode
13     Maximum one-hot encoding                25
14              Encoding method              None
15              Remove outliers              True
16           Outliers threshold              0.05
17               Fold Generator             KFold
18                  Fold Number                10
19                     CPU Jobs                -1
20                      Use GPU             False
21               Log Experiment             False
22              Experiment Name  reg-default-name
23                          USI              077c
2025-11-04 09:07:32,326:INFO:Soft dependency imported: xgboost: 3.0.5
2025-11-04 09:07:32,328:INFO:Soft dependency imported: catboost: 1.2.8
2025-11-04 09:07:32,469:INFO:Soft dependency imported: xgboost: 3.0.5
2025-11-04 09:07:32,474:INFO:Soft dependency imported: catboost: 1.2.8
2025-11-04 09:07:32,477:INFO:setup() successfully completed in 4.29s...............
2025-11-04 09:07:32,492:INFO:gpu_param set to False
2025-11-04 09:07:32,608:INFO:Soft dependency imported: xgboost: 3.0.5
2025-11-04 09:07:32,611:INFO:Soft dependency imported: catboost: 1.2.8
2025-11-04 09:07:32,816:INFO:Soft dependency imported: xgboost: 3.0.5
2025-11-04 09:07:32,820:INFO:Soft dependency imported: catboost: 1.2.8
2025-11-04 09:07:32,853:INFO:Initializing compare_models()
2025-11-04 09:07:32,853:INFO:compare_models(self=<pycaret.regression.oop.RegressionExperiment object at 0x00000259E29CA290>, include=None, exclude=None, fold=None, round=4, cross_validation=True, sort=R2, n_select=1, budget_time=None, turbo=True, errors=ignore, fit_kwargs=None, groups=None, experiment_custom_tags=None, probability_threshold=None, verbose=True, parallel=None, caller_params={'self': <pycaret.regression.oop.RegressionExperiment object at 0x00000259E29CA290>, 'include': None, 'exclude': None, 'fold': None, 'round': 4, 'cross_validation': True, 'sort': 'R2', 'n_select': 1, 'budget_time': None, 'turbo': True, 'errors': 'ignore', 'fit_kwargs': None, 'groups': None, 'experiment_custom_tags': None, 'engine': None, 'verbose': True, 'parallel': None, '__class__': <class 'pycaret.regression.oop.RegressionExperiment'>})
2025-11-04 09:07:32,853:INFO:Checking exceptions
2025-11-04 09:07:32,859:INFO:Preparing display monitor
2025-11-04 09:07:32,882:INFO:Initializing Linear Regression
2025-11-04 09:07:32,883:INFO:Total runtime is 1.7154216766357423e-05 minutes
2025-11-04 09:07:32,885:INFO:SubProcess create_model() called ==================================
2025-11-04 09:07:32,885:INFO:Initializing create_model()
2025-11-04 09:07:32,885:INFO:create_model(self=<pycaret.regression.oop.RegressionExperiment object at 0x00000259E29CA290>, estimator=lr, fold=KFold(n_splits=10, random_state=None, shuffle=False), round=4, cross_validation=True, predict=True, fit_kwargs={}, groups=None, refit=False, probability_threshold=None, experiment_custom_tags=None, verbose=False, system=False, add_to_model_list=True, metrics=None, display=<pycaret.internal.display.display.CommonDisplay object at 0x00000259E11DD410>, model_only=True, return_train_score=False, error_score=0.0, kwargs={})
2025-11-04 09:07:32,885:INFO:Checking exceptions
2025-11-04 09:07:32,885:INFO:Importing libraries
2025-11-04 09:07:32,885:INFO:Copying training dataset
2025-11-04 09:07:32,892:INFO:Defining folds
2025-11-04 09:07:32,892:INFO:Declaring metric variables
2025-11-04 09:07:32,896:INFO:Importing untrained model
2025-11-04 09:07:32,899:INFO:Linear Regression Imported successfully
2025-11-04 09:07:32,905:INFO:Starting cross validation
2025-11-04 09:07:32,912:INFO:Cross validating with KFold(n_splits=10, random_state=None, shuffle=False), n_jobs=-1
2025-11-04 09:07:33,679:INFO:Calculating mean and std
2025-11-04 09:07:33,680:INFO:Creating metrics dataframe
2025-11-04 09:07:33,683:INFO:Uploading results into container
2025-11-04 09:07:33,684:INFO:Uploading model into container now
2025-11-04 09:07:33,685:INFO:_master_model_container: 1
2025-11-04 09:07:33,685:INFO:_display_container: 2
2025-11-04 09:07:33,685:INFO:LinearRegression(n_jobs=-1)
2025-11-04 09:07:33,685:INFO:create_model() successfully completed......................................
2025-11-04 09:07:34,023:INFO:SubProcess create_model() end ==================================
2025-11-04 09:07:34,024:INFO:Creating metrics dataframe
2025-11-04 09:07:34,029:INFO:Initializing Lasso Regression
2025-11-04 09:07:34,029:INFO:Total runtime is 0.019117228190104165 minutes
2025-11-04 09:07:34,033:INFO:SubProcess create_model() called ==================================
2025-11-04 09:07:34,033:INFO:Initializing create_model()
2025-11-04 09:07:34,033:INFO:create_model(self=<pycaret.regression.oop.RegressionExperiment object at 0x00000259E29CA290>, estimator=lasso, fold=KFold(n_splits=10, random_state=None, shuffle=False), round=4, cross_validation=True, predict=True, fit_kwargs={}, groups=None, refit=False, probability_threshold=None, experiment_custom_tags=None, verbose=False, system=False, add_to_model_list=True, metrics=None, display=<pycaret.internal.display.display.CommonDisplay object at 0x00000259E11DD410>, model_only=True, return_train_score=False, error_score=0.0, kwargs={})
2025-11-04 09:07:34,033:INFO:Checking exceptions
2025-11-04 09:07:34,033:INFO:Importing libraries
2025-11-04 09:07:34,033:INFO:Copying training dataset
2025-11-04 09:07:34,041:INFO:Defining folds
2025-11-04 09:07:34,041:INFO:Declaring metric variables
2025-11-04 09:07:34,044:INFO:Importing untrained model
2025-11-04 09:07:34,047:INFO:Lasso Regression Imported successfully
2025-11-04 09:07:34,052:INFO:Starting cross validation
2025-11-04 09:07:34,060:INFO:Cross validating with KFold(n_splits=10, random_state=None, shuffle=False), n_jobs=-1
2025-11-04 09:07:34,850:INFO:Calculating mean and std
2025-11-04 09:07:34,850:INFO:Creating metrics dataframe
2025-11-04 09:07:34,852:INFO:Uploading results into container
2025-11-04 09:07:34,853:INFO:Uploading model into container now
2025-11-04 09:07:34,854:INFO:_master_model_container: 2
2025-11-04 09:07:34,854:INFO:_display_container: 2
2025-11-04 09:07:34,854:INFO:Lasso(random_state=23)
2025-11-04 09:07:34,855:INFO:create_model() successfully completed......................................
2025-11-04 09:07:35,205:INFO:SubProcess create_model() end ==================================
2025-11-04 09:07:35,206:INFO:Creating metrics dataframe
2025-11-04 09:07:35,211:INFO:Initializing Ridge Regression
2025-11-04 09:07:35,211:INFO:Total runtime is 0.03882249196370442 minutes
2025-11-04 09:07:35,214:INFO:SubProcess create_model() called ==================================
2025-11-04 09:07:35,215:INFO:Initializing create_model()
2025-11-04 09:07:35,215:INFO:create_model(self=<pycaret.regression.oop.RegressionExperiment object at 0x00000259E29CA290>, estimator=ridge, fold=KFold(n_splits=10, random_state=None, shuffle=False), round=4, cross_validation=True, predict=True, fit_kwargs={}, groups=None, refit=False, probability_threshold=None, experiment_custom_tags=None, verbose=False, system=False, add_to_model_list=True, metrics=None, display=<pycaret.internal.display.display.CommonDisplay object at 0x00000259E11DD410>, model_only=True, return_train_score=False, error_score=0.0, kwargs={})
2025-11-04 09:07:35,215:INFO:Checking exceptions
2025-11-04 09:07:35,215:INFO:Importing libraries
2025-11-04 09:07:35,215:INFO:Copying training dataset
2025-11-04 09:07:35,223:INFO:Defining folds
2025-11-04 09:07:35,223:INFO:Declaring metric variables
2025-11-04 09:07:35,225:INFO:Importing untrained model
2025-11-04 09:07:35,229:INFO:Ridge Regression Imported successfully
2025-11-04 09:07:35,238:INFO:Starting cross validation
2025-11-04 09:07:35,247:INFO:Cross validating with KFold(n_splits=10, random_state=None, shuffle=False), n_jobs=-1
2025-11-04 09:07:36,050:INFO:Calculating mean and std
2025-11-04 09:07:36,051:INFO:Creating metrics dataframe
2025-11-04 09:07:36,053:INFO:Uploading results into container
2025-11-04 09:07:36,054:INFO:Uploading model into container now
2025-11-04 09:07:36,054:INFO:_master_model_container: 3
2025-11-04 09:07:36,054:INFO:_display_container: 2
2025-11-04 09:07:36,055:INFO:Ridge(random_state=23)
2025-11-04 09:07:36,055:INFO:create_model() successfully completed......................................
2025-11-04 09:07:36,388:INFO:SubProcess create_model() end ==================================
2025-11-04 09:07:36,389:INFO:Creating metrics dataframe
2025-11-04 09:07:36,404:INFO:Initializing Elastic Net
2025-11-04 09:07:36,404:INFO:Total runtime is 0.05871362288792928 minutes
2025-11-04 09:07:36,411:INFO:SubProcess create_model() called ==================================
2025-11-04 09:07:36,412:INFO:Initializing create_model()
2025-11-04 09:07:36,412:INFO:create_model(self=<pycaret.regression.oop.RegressionExperiment object at 0x00000259E29CA290>, estimator=en, fold=KFold(n_splits=10, random_state=None, shuffle=False), round=4, cross_validation=True, predict=True, fit_kwargs={}, groups=None, refit=False, probability_threshold=None, experiment_custom_tags=None, verbose=False, system=False, add_to_model_list=True, metrics=None, display=<pycaret.internal.display.display.CommonDisplay object at 0x00000259E11DD410>, model_only=True, return_train_score=False, error_score=0.0, kwargs={})
2025-11-04 09:07:36,412:INFO:Checking exceptions
2025-11-04 09:07:36,412:INFO:Importing libraries
2025-11-04 09:07:36,412:INFO:Copying training dataset
2025-11-04 09:07:36,426:INFO:Defining folds
2025-11-04 09:07:36,426:INFO:Declaring metric variables
2025-11-04 09:07:36,431:INFO:Importing untrained model
2025-11-04 09:07:36,436:INFO:Elastic Net Imported successfully
2025-11-04 09:07:36,443:INFO:Starting cross validation
2025-11-04 09:07:36,453:INFO:Cross validating with KFold(n_splits=10, random_state=None, shuffle=False), n_jobs=-1
2025-11-04 09:07:37,329:INFO:Calculating mean and std
2025-11-04 09:07:37,330:INFO:Creating metrics dataframe
2025-11-04 09:07:37,332:INFO:Uploading results into container
2025-11-04 09:07:37,332:INFO:Uploading model into container now
2025-11-04 09:07:37,333:INFO:_master_model_container: 4
2025-11-04 09:07:37,333:INFO:_display_container: 2
2025-11-04 09:07:37,333:INFO:ElasticNet(random_state=23)
2025-11-04 09:07:37,333:INFO:create_model() successfully completed......................................
2025-11-04 09:07:37,683:INFO:SubProcess create_model() end ==================================
2025-11-04 09:07:37,683:INFO:Creating metrics dataframe
2025-11-04 09:07:37,702:INFO:Initializing Least Angle Regression
2025-11-04 09:07:37,702:INFO:Total runtime is 0.08033970594406128 minutes
2025-11-04 09:07:37,710:INFO:SubProcess create_model() called ==================================
2025-11-04 09:07:37,711:INFO:Initializing create_model()
2025-11-04 09:07:37,712:INFO:create_model(self=<pycaret.regression.oop.RegressionExperiment object at 0x00000259E29CA290>, estimator=lar, fold=KFold(n_splits=10, random_state=None, shuffle=False), round=4, cross_validation=True, predict=True, fit_kwargs={}, groups=None, refit=False, probability_threshold=None, experiment_custom_tags=None, verbose=False, system=False, add_to_model_list=True, metrics=None, display=<pycaret.internal.display.display.CommonDisplay object at 0x00000259E11DD410>, model_only=True, return_train_score=False, error_score=0.0, kwargs={})
2025-11-04 09:07:37,712:INFO:Checking exceptions
2025-11-04 09:07:37,712:INFO:Importing libraries
2025-11-04 09:07:37,713:INFO:Copying training dataset
2025-11-04 09:07:37,731:INFO:Defining folds
2025-11-04 09:07:37,731:INFO:Declaring metric variables
2025-11-04 09:07:37,740:INFO:Importing untrained model
2025-11-04 09:07:37,745:INFO:Least Angle Regression Imported successfully
2025-11-04 09:07:37,758:INFO:Starting cross validation
2025-11-04 09:07:37,775:INFO:Cross validating with KFold(n_splits=10, random_state=None, shuffle=False), n_jobs=-1
2025-11-04 09:07:38,597:INFO:Calculating mean and std
2025-11-04 09:07:38,598:INFO:Creating metrics dataframe
2025-11-04 09:07:38,599:INFO:Uploading results into container
2025-11-04 09:07:38,601:INFO:Uploading model into container now
2025-11-04 09:07:38,601:INFO:_master_model_container: 5
2025-11-04 09:07:38,601:INFO:_display_container: 2
2025-11-04 09:07:38,601:INFO:Lars(random_state=23)
2025-11-04 09:07:38,601:INFO:create_model() successfully completed......................................
2025-11-04 09:07:38,943:INFO:SubProcess create_model() end ==================================
2025-11-04 09:07:38,944:INFO:Creating metrics dataframe
2025-11-04 09:07:38,964:INFO:Initializing Lasso Least Angle Regression
2025-11-04 09:07:38,964:INFO:Total runtime is 0.10137561162312826 minutes
2025-11-04 09:07:38,972:INFO:SubProcess create_model() called ==================================
2025-11-04 09:07:38,972:INFO:Initializing create_model()
2025-11-04 09:07:38,973:INFO:create_model(self=<pycaret.regression.oop.RegressionExperiment object at 0x00000259E29CA290>, estimator=llar, fold=KFold(n_splits=10, random_state=None, shuffle=False), round=4, cross_validation=True, predict=True, fit_kwargs={}, groups=None, refit=False, probability_threshold=None, experiment_custom_tags=None, verbose=False, system=False, add_to_model_list=True, metrics=None, display=<pycaret.internal.display.display.CommonDisplay object at 0x00000259E11DD410>, model_only=True, return_train_score=False, error_score=0.0, kwargs={})
2025-11-04 09:07:38,973:INFO:Checking exceptions
2025-11-04 09:07:38,973:INFO:Importing libraries
2025-11-04 09:07:38,973:INFO:Copying training dataset
2025-11-04 09:07:38,987:INFO:Defining folds
2025-11-04 09:07:38,988:INFO:Declaring metric variables
2025-11-04 09:07:38,996:INFO:Importing untrained model
2025-11-04 09:07:39,004:INFO:Lasso Least Angle Regression Imported successfully
2025-11-04 09:07:39,015:INFO:Starting cross validation
2025-11-04 09:07:39,031:INFO:Cross validating with KFold(n_splits=10, random_state=None, shuffle=False), n_jobs=-1
2025-11-04 09:09:52,585:INFO:PyCaret RegressionExperiment
2025-11-04 09:09:52,585:INFO:Logging name: reg-default-name
2025-11-04 09:09:52,585:INFO:ML Usecase: MLUsecase.REGRESSION
2025-11-04 09:09:52,585:INFO:version 3.3.2
2025-11-04 09:09:52,585:INFO:Initializing setup()
2025-11-04 09:09:52,585:INFO:self.USI: 754e
2025-11-04 09:09:52,585:INFO:self._variable_keys: {'X_test', 'data', 'X_train', 'transform_target_param', 'y', 'target_param', 'fold_generator', 'logging_param', 'fold_shuffle_param', 'exp_name_log', 'idx', 'exp_id', 'y_test', 'log_plots_param', '_ml_usecase', 'n_jobs_param', 'fold_groups_param', 'X', 'html_param', 'gpu_param', 'pipeline', 'USI', 'gpu_n_jobs_param', '_available_plots', 'y_train', 'seed', 'memory'}
2025-11-04 09:09:52,585:INFO:Checking environment
2025-11-04 09:09:52,585:INFO:python_version: 3.11.7
2025-11-04 09:09:52,585:INFO:python_build: ('tags/v3.11.7:fa7a6f2', 'Dec  4 2023 19:24:49')
2025-11-04 09:09:52,585:INFO:machine: AMD64
2025-11-04 09:09:52,585:INFO:platform: Windows-10-10.0.22631-SP0
2025-11-04 09:09:52,591:INFO:Memory: svmem(total=16841400320, available=6660845568, percent=60.4, used=10180554752, free=6660845568)
2025-11-04 09:09:52,591:INFO:Physical Core: 8
2025-11-04 09:09:52,591:INFO:Logical Core: 16
2025-11-04 09:09:52,591:INFO:Checking libraries
2025-11-04 09:09:52,591:INFO:System:
2025-11-04 09:09:52,591:INFO:    python: 3.11.7 (tags/v3.11.7:fa7a6f2, Dec  4 2023, 19:24:49) [MSC v.1937 64 bit (AMD64)]
2025-11-04 09:09:52,591:INFO:executable: c:\Users\Asus\Desktop\train\venv\Scripts\python.exe
2025-11-04 09:09:52,591:INFO:   machine: Windows-10-10.0.22631-SP0
2025-11-04 09:09:52,591:INFO:PyCaret required dependencies:
2025-11-04 09:09:52,592:INFO:                 pip: 23.2.1
2025-11-04 09:09:52,592:INFO:          setuptools: 80.9.0
2025-11-04 09:09:52,592:INFO:             pycaret: 3.3.2
2025-11-04 09:09:52,592:INFO:             IPython: 9.4.0
2025-11-04 09:09:52,592:INFO:          ipywidgets: 8.1.7
2025-11-04 09:09:52,592:INFO:                tqdm: 4.67.1
2025-11-04 09:09:52,592:INFO:               numpy: 1.26.4
2025-11-04 09:09:52,592:INFO:              pandas: 2.1.4
2025-11-04 09:09:52,592:INFO:              jinja2: 3.1.6
2025-11-04 09:09:52,592:INFO:               scipy: 1.11.4
2025-11-04 09:09:52,592:INFO:              joblib: 1.3.2
2025-11-04 09:09:52,592:INFO:             sklearn: 1.4.2
2025-11-04 09:09:52,592:INFO:                pyod: 2.0.5
2025-11-04 09:09:52,592:INFO:            imblearn: 0.14.0
2025-11-04 09:09:52,592:INFO:   category_encoders: 2.7.0
2025-11-04 09:09:52,592:INFO:            lightgbm: 4.6.0
2025-11-04 09:09:52,592:INFO:               numba: 0.61.0
2025-11-04 09:09:52,592:INFO:            requests: 2.32.5
2025-11-04 09:09:52,592:INFO:          matplotlib: 3.7.5
2025-11-04 09:09:52,592:INFO:          scikitplot: 0.3.7
2025-11-04 09:09:52,592:INFO:         yellowbrick: 1.5
2025-11-04 09:09:52,592:INFO:              plotly: 5.24.1
2025-11-04 09:09:52,593:INFO:    plotly-resampler: Not installed
2025-11-04 09:09:52,593:INFO:             kaleido: 1.1.0
2025-11-04 09:09:52,593:INFO:           schemdraw: 0.15
2025-11-04 09:09:52,593:INFO:         statsmodels: 0.14.5
2025-11-04 09:09:52,593:INFO:              sktime: 0.26.0
2025-11-04 09:09:52,593:INFO:               tbats: 1.1.3
2025-11-04 09:09:52,593:INFO:            pmdarima: 2.0.4
2025-11-04 09:09:52,593:INFO:              psutil: 7.0.0
2025-11-04 09:09:52,593:INFO:          markupsafe: 2.1.5
2025-11-04 09:09:52,593:INFO:             pickle5: Not installed
2025-11-04 09:09:52,593:INFO:         cloudpickle: 3.1.1
2025-11-04 09:09:52,593:INFO:         deprecation: 2.1.0
2025-11-04 09:09:52,593:INFO:              xxhash: 3.5.0
2025-11-04 09:09:52,593:INFO:           wurlitzer: Not installed
2025-11-04 09:09:52,593:INFO:PyCaret optional dependencies:
2025-11-04 09:09:52,593:INFO:                shap: 0.44.1
2025-11-04 09:09:52,593:INFO:           interpret: 0.7.2
2025-11-04 09:09:52,593:INFO:                umap: 0.5.7
2025-11-04 09:09:52,593:INFO:     ydata_profiling: 4.17.0
2025-11-04 09:09:52,593:INFO:  explainerdashboard: 0.5.1
2025-11-04 09:09:52,593:INFO:             autoviz: Not installed
2025-11-04 09:09:52,593:INFO:           fairlearn: 0.7.0
2025-11-04 09:09:52,593:INFO:          deepchecks: Not installed
2025-11-04 09:09:52,594:INFO:             xgboost: 3.0.5
2025-11-04 09:09:52,594:INFO:            catboost: 1.2.8
2025-11-04 09:09:52,594:INFO:              kmodes: 0.12.2
2025-11-04 09:09:52,594:INFO:             mlxtend: 0.23.4
2025-11-04 09:09:52,594:INFO:       statsforecast: 1.5.0
2025-11-04 09:09:52,594:INFO:        tune_sklearn: Not installed
2025-11-04 09:09:52,594:INFO:                 ray: Not installed
2025-11-04 09:09:52,594:INFO:            hyperopt: 0.2.7
2025-11-04 09:09:52,594:INFO:              optuna: 4.5.0
2025-11-04 09:09:52,594:INFO:               skopt: 0.10.2
2025-11-04 09:09:52,594:INFO:              mlflow: 3.4.0
2025-11-04 09:09:52,594:INFO:              gradio: 5.48.0
2025-11-04 09:09:52,594:INFO:             fastapi: 0.118.0
2025-11-04 09:09:52,594:INFO:             uvicorn: 0.37.0
2025-11-04 09:09:52,594:INFO:              m2cgen: 0.10.0
2025-11-04 09:09:52,594:INFO:           evidently: 0.4.40
2025-11-04 09:09:52,594:INFO:               fugue: 0.8.7
2025-11-04 09:09:52,594:INFO:           streamlit: 1.50.0
2025-11-04 09:09:52,594:INFO:             prophet: Not installed
2025-11-04 09:09:52,594:INFO:None
2025-11-04 09:09:52,594:INFO:Set up data.
2025-11-04 09:09:52,607:INFO:Set up folding strategy.
2025-11-04 09:09:52,607:INFO:Set up train/test split.
2025-11-04 09:09:52,613:INFO:Set up index.
2025-11-04 09:09:52,614:INFO:Assigning column types.
2025-11-04 09:09:52,616:INFO:Engine successfully changes for model 'lr' to 'sklearn'.
2025-11-04 09:09:52,616:INFO:Engine for model 'lasso' has not been set explicitly, hence returning None.
2025-11-04 09:09:52,621:INFO:Engine for model 'ridge' has not been set explicitly, hence returning None.
2025-11-04 09:09:52,625:INFO:Engine for model 'en' has not been set explicitly, hence returning None.
2025-11-04 09:09:52,693:INFO:Engine for model 'svm' has not been set explicitly, hence returning None.
2025-11-04 09:09:52,742:INFO:Engine for model 'knn' has not been set explicitly, hence returning None.
2025-11-04 09:09:52,742:INFO:Soft dependency imported: xgboost: 3.0.5
2025-11-04 09:09:52,745:INFO:Soft dependency imported: catboost: 1.2.8
2025-11-04 09:09:52,746:INFO:Engine for model 'lasso' has not been set explicitly, hence returning None.
2025-11-04 09:09:52,750:INFO:Engine for model 'ridge' has not been set explicitly, hence returning None.
2025-11-04 09:09:52,755:INFO:Engine for model 'en' has not been set explicitly, hence returning None.
2025-11-04 09:09:52,811:INFO:Engine for model 'svm' has not been set explicitly, hence returning None.
2025-11-04 09:09:52,854:INFO:Engine for model 'knn' has not been set explicitly, hence returning None.
2025-11-04 09:09:52,855:INFO:Soft dependency imported: xgboost: 3.0.5
2025-11-04 09:09:52,857:INFO:Soft dependency imported: catboost: 1.2.8
2025-11-04 09:09:52,858:INFO:Engine successfully changes for model 'lasso' to 'sklearn'.
2025-11-04 09:09:52,863:INFO:Engine for model 'ridge' has not been set explicitly, hence returning None.
2025-11-04 09:09:52,867:INFO:Engine for model 'en' has not been set explicitly, hence returning None.
2025-11-04 09:09:52,927:INFO:Engine for model 'svm' has not been set explicitly, hence returning None.
2025-11-04 09:09:52,980:INFO:Engine for model 'knn' has not been set explicitly, hence returning None.
2025-11-04 09:09:52,981:INFO:Soft dependency imported: xgboost: 3.0.5
2025-11-04 09:09:52,984:INFO:Soft dependency imported: catboost: 1.2.8
2025-11-04 09:09:52,991:INFO:Engine for model 'ridge' has not been set explicitly, hence returning None.
2025-11-04 09:09:52,995:INFO:Engine for model 'en' has not been set explicitly, hence returning None.
2025-11-04 09:09:53,061:INFO:Engine for model 'svm' has not been set explicitly, hence returning None.
2025-11-04 09:09:53,152:INFO:Engine for model 'knn' has not been set explicitly, hence returning None.
2025-11-04 09:09:53,152:INFO:Soft dependency imported: xgboost: 3.0.5
2025-11-04 09:09:53,159:INFO:Soft dependency imported: catboost: 1.2.8
2025-11-04 09:09:53,160:INFO:Engine successfully changes for model 'ridge' to 'sklearn'.
2025-11-04 09:09:53,180:INFO:Engine for model 'en' has not been set explicitly, hence returning None.
2025-11-04 09:09:53,292:INFO:Engine for model 'svm' has not been set explicitly, hence returning None.
2025-11-04 09:09:53,369:INFO:Engine for model 'knn' has not been set explicitly, hence returning None.
2025-11-04 09:09:53,370:INFO:Soft dependency imported: xgboost: 3.0.5
2025-11-04 09:09:53,372:INFO:Soft dependency imported: catboost: 1.2.8
2025-11-04 09:09:53,382:INFO:Engine for model 'en' has not been set explicitly, hence returning None.
2025-11-04 09:09:53,480:INFO:Engine for model 'svm' has not been set explicitly, hence returning None.
2025-11-04 09:09:53,522:INFO:Engine for model 'knn' has not been set explicitly, hence returning None.
2025-11-04 09:09:53,523:INFO:Soft dependency imported: xgboost: 3.0.5
2025-11-04 09:09:53,525:INFO:Soft dependency imported: catboost: 1.2.8
2025-11-04 09:09:53,526:INFO:Engine successfully changes for model 'en' to 'sklearn'.
2025-11-04 09:09:53,592:INFO:Engine for model 'svm' has not been set explicitly, hence returning None.
2025-11-04 09:09:53,646:INFO:Engine for model 'knn' has not been set explicitly, hence returning None.
2025-11-04 09:09:53,647:INFO:Soft dependency imported: xgboost: 3.0.5
2025-11-04 09:09:53,649:INFO:Soft dependency imported: catboost: 1.2.8
2025-11-04 09:09:53,737:INFO:Engine for model 'svm' has not been set explicitly, hence returning None.
2025-11-04 09:09:53,778:INFO:Engine for model 'knn' has not been set explicitly, hence returning None.
2025-11-04 09:09:53,779:INFO:Soft dependency imported: xgboost: 3.0.5
2025-11-04 09:09:53,782:INFO:Soft dependency imported: catboost: 1.2.8
2025-11-04 09:09:53,782:INFO:Engine successfully changes for model 'knn' to 'sklearn'.
2025-11-04 09:09:53,878:INFO:Engine for model 'svm' has not been set explicitly, hence returning None.
2025-11-04 09:09:53,927:INFO:Soft dependency imported: xgboost: 3.0.5
2025-11-04 09:09:53,930:INFO:Soft dependency imported: catboost: 1.2.8
2025-11-04 09:09:54,027:INFO:Engine for model 'svm' has not been set explicitly, hence returning None.
2025-11-04 09:09:54,097:INFO:Soft dependency imported: xgboost: 3.0.5
2025-11-04 09:09:54,099:INFO:Soft dependency imported: catboost: 1.2.8
2025-11-04 09:09:54,100:INFO:Engine successfully changes for model 'svm' to 'sklearn'.
2025-11-04 09:09:54,230:INFO:Soft dependency imported: xgboost: 3.0.5
2025-11-04 09:09:54,233:INFO:Soft dependency imported: catboost: 1.2.8
2025-11-04 09:09:54,422:INFO:Soft dependency imported: xgboost: 3.0.5
2025-11-04 09:09:54,424:INFO:Soft dependency imported: catboost: 1.2.8
2025-11-04 09:09:54,426:INFO:Preparing preprocessing pipeline...
2025-11-04 09:09:54,426:INFO:Set up simple imputation.
2025-11-04 09:09:54,431:INFO:Set up encoding of categorical features.
2025-11-04 09:09:54,432:INFO:Set up removing outliers.
2025-11-04 09:11:57,033:INFO:PyCaret RegressionExperiment
2025-11-04 09:11:57,034:INFO:Logging name: reg-default-name
2025-11-04 09:11:57,034:INFO:ML Usecase: MLUsecase.REGRESSION
2025-11-04 09:11:57,034:INFO:version 3.3.2
2025-11-04 09:11:57,034:INFO:Initializing setup()
2025-11-04 09:11:57,034:INFO:self.USI: ea32
2025-11-04 09:11:57,034:INFO:self._variable_keys: {'X_test', 'data', 'X_train', 'transform_target_param', 'y', 'target_param', 'fold_generator', 'logging_param', 'fold_shuffle_param', 'exp_name_log', 'idx', 'exp_id', 'y_test', 'log_plots_param', '_ml_usecase', 'n_jobs_param', 'fold_groups_param', 'X', 'html_param', 'gpu_param', 'pipeline', 'USI', 'gpu_n_jobs_param', '_available_plots', 'y_train', 'seed', 'memory'}
2025-11-04 09:11:57,034:INFO:Checking environment
2025-11-04 09:11:57,034:INFO:python_version: 3.11.7
2025-11-04 09:11:57,034:INFO:python_build: ('tags/v3.11.7:fa7a6f2', 'Dec  4 2023 19:24:49')
2025-11-04 09:11:57,034:INFO:machine: AMD64
2025-11-04 09:11:57,034:INFO:platform: Windows-10-10.0.22631-SP0
2025-11-04 09:11:57,038:INFO:Memory: svmem(total=16841400320, available=6612172800, percent=60.7, used=10229227520, free=6612172800)
2025-11-04 09:11:57,038:INFO:Physical Core: 8
2025-11-04 09:11:57,038:INFO:Logical Core: 16
2025-11-04 09:11:57,038:INFO:Checking libraries
2025-11-04 09:11:57,038:INFO:System:
2025-11-04 09:11:57,038:INFO:    python: 3.11.7 (tags/v3.11.7:fa7a6f2, Dec  4 2023, 19:24:49) [MSC v.1937 64 bit (AMD64)]
2025-11-04 09:11:57,038:INFO:executable: c:\Users\Asus\Desktop\train\venv\Scripts\python.exe
2025-11-04 09:11:57,038:INFO:   machine: Windows-10-10.0.22631-SP0
2025-11-04 09:11:57,038:INFO:PyCaret required dependencies:
2025-11-04 09:11:57,038:INFO:                 pip: 23.2.1
2025-11-04 09:11:57,038:INFO:          setuptools: 80.9.0
2025-11-04 09:11:57,038:INFO:             pycaret: 3.3.2
2025-11-04 09:11:57,039:INFO:             IPython: 9.4.0
2025-11-04 09:11:57,039:INFO:          ipywidgets: 8.1.7
2025-11-04 09:11:57,039:INFO:                tqdm: 4.67.1
2025-11-04 09:11:57,039:INFO:               numpy: 1.26.4
2025-11-04 09:11:57,039:INFO:              pandas: 2.1.4
2025-11-04 09:11:57,039:INFO:              jinja2: 3.1.6
2025-11-04 09:11:57,039:INFO:               scipy: 1.11.4
2025-11-04 09:11:57,039:INFO:              joblib: 1.3.2
2025-11-04 09:11:57,039:INFO:             sklearn: 1.4.2
2025-11-04 09:11:57,039:INFO:                pyod: 2.0.5
2025-11-04 09:11:57,039:INFO:            imblearn: 0.14.0
2025-11-04 09:11:57,039:INFO:   category_encoders: 2.7.0
2025-11-04 09:11:57,039:INFO:            lightgbm: 4.6.0
2025-11-04 09:11:57,039:INFO:               numba: 0.61.0
2025-11-04 09:11:57,039:INFO:            requests: 2.32.5
2025-11-04 09:11:57,039:INFO:          matplotlib: 3.7.5
2025-11-04 09:11:57,039:INFO:          scikitplot: 0.3.7
2025-11-04 09:11:57,039:INFO:         yellowbrick: 1.5
2025-11-04 09:11:57,039:INFO:              plotly: 5.24.1
2025-11-04 09:11:57,039:INFO:    plotly-resampler: Not installed
2025-11-04 09:11:57,039:INFO:             kaleido: 1.1.0
2025-11-04 09:11:57,039:INFO:           schemdraw: 0.15
2025-11-04 09:11:57,039:INFO:         statsmodels: 0.14.5
2025-11-04 09:11:57,039:INFO:              sktime: 0.26.0
2025-11-04 09:11:57,039:INFO:               tbats: 1.1.3
2025-11-04 09:11:57,039:INFO:            pmdarima: 2.0.4
2025-11-04 09:11:57,039:INFO:              psutil: 7.0.0
2025-11-04 09:11:57,039:INFO:          markupsafe: 2.1.5
2025-11-04 09:11:57,039:INFO:             pickle5: Not installed
2025-11-04 09:11:57,039:INFO:         cloudpickle: 3.1.1
2025-11-04 09:11:57,039:INFO:         deprecation: 2.1.0
2025-11-04 09:11:57,040:INFO:              xxhash: 3.5.0
2025-11-04 09:11:57,040:INFO:           wurlitzer: Not installed
2025-11-04 09:11:57,040:INFO:PyCaret optional dependencies:
2025-11-04 09:11:57,040:INFO:                shap: 0.44.1
2025-11-04 09:11:57,040:INFO:           interpret: 0.7.2
2025-11-04 09:11:57,040:INFO:                umap: 0.5.7
2025-11-04 09:11:57,040:INFO:     ydata_profiling: 4.17.0
2025-11-04 09:11:57,040:INFO:  explainerdashboard: 0.5.1
2025-11-04 09:11:57,040:INFO:             autoviz: Not installed
2025-11-04 09:11:57,040:INFO:           fairlearn: 0.7.0
2025-11-04 09:11:57,040:INFO:          deepchecks: Not installed
2025-11-04 09:11:57,040:INFO:             xgboost: 3.0.5
2025-11-04 09:11:57,040:INFO:            catboost: 1.2.8
2025-11-04 09:11:57,040:INFO:              kmodes: 0.12.2
2025-11-04 09:11:57,040:INFO:             mlxtend: 0.23.4
2025-11-04 09:11:57,040:INFO:       statsforecast: 1.5.0
2025-11-04 09:11:57,040:INFO:        tune_sklearn: Not installed
2025-11-04 09:11:57,040:INFO:                 ray: Not installed
2025-11-04 09:11:57,040:INFO:            hyperopt: 0.2.7
2025-11-04 09:11:57,040:INFO:              optuna: 4.5.0
2025-11-04 09:11:57,040:INFO:               skopt: 0.10.2
2025-11-04 09:11:57,040:INFO:              mlflow: 3.4.0
2025-11-04 09:11:57,040:INFO:              gradio: 5.48.0
2025-11-04 09:11:57,040:INFO:             fastapi: 0.118.0
2025-11-04 09:11:57,040:INFO:             uvicorn: 0.37.0
2025-11-04 09:11:57,040:INFO:              m2cgen: 0.10.0
2025-11-04 09:11:57,040:INFO:           evidently: 0.4.40
2025-11-04 09:11:57,040:INFO:               fugue: 0.8.7
2025-11-04 09:11:57,040:INFO:           streamlit: 1.50.0
2025-11-04 09:11:57,040:INFO:             prophet: Not installed
2025-11-04 09:11:57,040:INFO:None
2025-11-04 09:11:57,040:INFO:Set up data.
2025-11-04 09:11:57,052:INFO:Set up folding strategy.
2025-11-04 09:11:57,052:INFO:Set up train/test split.
2025-11-04 09:11:57,058:INFO:Set up index.
2025-11-04 09:11:57,058:INFO:Assigning column types.
2025-11-04 09:11:57,061:INFO:Engine successfully changes for model 'lr' to 'sklearn'.
2025-11-04 09:11:57,062:INFO:Engine for model 'lasso' has not been set explicitly, hence returning None.
2025-11-04 09:11:57,066:INFO:Engine for model 'ridge' has not been set explicitly, hence returning None.
2025-11-04 09:11:57,070:INFO:Engine for model 'en' has not been set explicitly, hence returning None.
2025-11-04 09:11:57,138:INFO:Engine for model 'svm' has not been set explicitly, hence returning None.
2025-11-04 09:11:57,187:INFO:Engine for model 'knn' has not been set explicitly, hence returning None.
2025-11-04 09:11:57,188:INFO:Soft dependency imported: xgboost: 3.0.5
2025-11-04 09:11:57,191:INFO:Soft dependency imported: catboost: 1.2.8
2025-11-04 09:11:57,192:INFO:Engine for model 'lasso' has not been set explicitly, hence returning None.
2025-11-04 09:11:57,197:INFO:Engine for model 'ridge' has not been set explicitly, hence returning None.
2025-11-04 09:11:57,201:INFO:Engine for model 'en' has not been set explicitly, hence returning None.
2025-11-04 09:11:57,266:INFO:Engine for model 'svm' has not been set explicitly, hence returning None.
2025-11-04 09:11:57,320:INFO:Engine for model 'knn' has not been set explicitly, hence returning None.
2025-11-04 09:11:57,320:INFO:Soft dependency imported: xgboost: 3.0.5
2025-11-04 09:11:57,323:INFO:Soft dependency imported: catboost: 1.2.8
2025-11-04 09:11:57,324:INFO:Engine successfully changes for model 'lasso' to 'sklearn'.
2025-11-04 09:11:57,330:INFO:Engine for model 'ridge' has not been set explicitly, hence returning None.
2025-11-04 09:11:57,335:INFO:Engine for model 'en' has not been set explicitly, hence returning None.
2025-11-04 09:11:57,424:INFO:Engine for model 'svm' has not been set explicitly, hence returning None.
2025-11-04 09:11:57,491:INFO:Engine for model 'knn' has not been set explicitly, hence returning None.
2025-11-04 09:11:57,491:INFO:Soft dependency imported: xgboost: 3.0.5
2025-11-04 09:11:57,494:INFO:Soft dependency imported: catboost: 1.2.8
2025-11-04 09:11:57,499:INFO:Engine for model 'ridge' has not been set explicitly, hence returning None.
2025-11-04 09:11:57,503:INFO:Engine for model 'en' has not been set explicitly, hence returning None.
2025-11-04 09:11:57,564:INFO:Engine for model 'svm' has not been set explicitly, hence returning None.
2025-11-04 09:11:57,658:INFO:Engine for model 'knn' has not been set explicitly, hence returning None.
2025-11-04 09:11:57,659:INFO:Soft dependency imported: xgboost: 3.0.5
2025-11-04 09:11:57,664:INFO:Soft dependency imported: catboost: 1.2.8
2025-11-04 09:11:57,666:INFO:Engine successfully changes for model 'ridge' to 'sklearn'.
2025-11-04 09:11:57,686:INFO:Engine for model 'en' has not been set explicitly, hence returning None.
2025-11-04 09:11:57,763:INFO:Engine for model 'svm' has not been set explicitly, hence returning None.
2025-11-04 09:11:57,829:INFO:Engine for model 'knn' has not been set explicitly, hence returning None.
2025-11-04 09:11:57,830:INFO:Soft dependency imported: xgboost: 3.0.5
2025-11-04 09:11:57,835:INFO:Soft dependency imported: catboost: 1.2.8
2025-11-04 09:11:57,856:INFO:Engine for model 'en' has not been set explicitly, hence returning None.
2025-11-04 09:11:57,944:INFO:Engine for model 'svm' has not been set explicitly, hence returning None.
2025-11-04 09:11:58,006:INFO:Engine for model 'knn' has not been set explicitly, hence returning None.
2025-11-04 09:11:58,007:INFO:Soft dependency imported: xgboost: 3.0.5
2025-11-04 09:11:58,011:INFO:Soft dependency imported: catboost: 1.2.8
2025-11-04 09:11:58,013:INFO:Engine successfully changes for model 'en' to 'sklearn'.
2025-11-04 09:11:58,116:INFO:Engine for model 'svm' has not been set explicitly, hence returning None.
2025-11-04 09:11:58,174:INFO:Engine for model 'knn' has not been set explicitly, hence returning None.
2025-11-04 09:11:58,175:INFO:Soft dependency imported: xgboost: 3.0.5
2025-11-04 09:11:58,178:INFO:Soft dependency imported: catboost: 1.2.8
2025-11-04 09:11:58,248:INFO:Engine for model 'svm' has not been set explicitly, hence returning None.
2025-11-04 09:11:58,298:INFO:Engine for model 'knn' has not been set explicitly, hence returning None.
2025-11-04 09:11:58,299:INFO:Soft dependency imported: xgboost: 3.0.5
2025-11-04 09:11:58,302:INFO:Soft dependency imported: catboost: 1.2.8
2025-11-04 09:11:58,303:INFO:Engine successfully changes for model 'knn' to 'sklearn'.
2025-11-04 09:11:58,433:INFO:Engine for model 'svm' has not been set explicitly, hence returning None.
2025-11-04 09:11:58,505:INFO:Soft dependency imported: xgboost: 3.0.5
2025-11-04 09:11:58,507:INFO:Soft dependency imported: catboost: 1.2.8
2025-11-04 09:11:58,606:INFO:Engine for model 'svm' has not been set explicitly, hence returning None.
2025-11-04 09:12:24,373:INFO:PyCaret RegressionExperiment
2025-11-04 09:12:24,373:INFO:Logging name: reg-default-name
2025-11-04 09:12:24,373:INFO:ML Usecase: MLUsecase.REGRESSION
2025-11-04 09:12:24,373:INFO:version 3.3.2
2025-11-04 09:12:24,373:INFO:Initializing setup()
2025-11-04 09:12:24,373:INFO:self.USI: 35c5
2025-11-04 09:12:24,373:INFO:self._variable_keys: {'X_test', 'data', 'X_train', 'transform_target_param', 'y', 'target_param', 'fold_generator', 'logging_param', 'fold_shuffle_param', 'exp_name_log', 'idx', 'exp_id', 'y_test', 'log_plots_param', '_ml_usecase', 'n_jobs_param', 'fold_groups_param', 'X', 'html_param', 'gpu_param', 'pipeline', 'USI', 'gpu_n_jobs_param', '_available_plots', 'y_train', 'seed', 'memory'}
2025-11-04 09:12:24,373:INFO:Checking environment
2025-11-04 09:12:24,373:INFO:python_version: 3.11.7
2025-11-04 09:12:24,374:INFO:python_build: ('tags/v3.11.7:fa7a6f2', 'Dec  4 2023 19:24:49')
2025-11-04 09:12:24,374:INFO:machine: AMD64
2025-11-04 09:12:24,374:INFO:platform: Windows-10-10.0.22631-SP0
2025-11-04 09:12:24,377:INFO:Memory: svmem(total=16841400320, available=6504140800, percent=61.4, used=10337259520, free=6504140800)
2025-11-04 09:12:24,377:INFO:Physical Core: 8
2025-11-04 09:12:24,377:INFO:Logical Core: 16
2025-11-04 09:12:24,377:INFO:Checking libraries
2025-11-04 09:12:24,377:INFO:System:
2025-11-04 09:12:24,377:INFO:    python: 3.11.7 (tags/v3.11.7:fa7a6f2, Dec  4 2023, 19:24:49) [MSC v.1937 64 bit (AMD64)]
2025-11-04 09:12:24,377:INFO:executable: c:\Users\Asus\Desktop\train\venv\Scripts\python.exe
2025-11-04 09:12:24,377:INFO:   machine: Windows-10-10.0.22631-SP0
2025-11-04 09:12:24,377:INFO:PyCaret required dependencies:
2025-11-04 09:12:24,377:INFO:                 pip: 23.2.1
2025-11-04 09:12:24,377:INFO:          setuptools: 80.9.0
2025-11-04 09:12:24,377:INFO:             pycaret: 3.3.2
2025-11-04 09:12:24,377:INFO:             IPython: 9.4.0
2025-11-04 09:12:24,377:INFO:          ipywidgets: 8.1.7
2025-11-04 09:12:24,378:INFO:                tqdm: 4.67.1
2025-11-04 09:12:24,378:INFO:               numpy: 1.26.4
2025-11-04 09:12:24,378:INFO:              pandas: 2.1.4
2025-11-04 09:12:24,378:INFO:              jinja2: 3.1.6
2025-11-04 09:12:24,378:INFO:               scipy: 1.11.4
2025-11-04 09:12:24,378:INFO:              joblib: 1.3.2
2025-11-04 09:12:24,378:INFO:             sklearn: 1.4.2
2025-11-04 09:12:24,378:INFO:                pyod: 2.0.5
2025-11-04 09:12:24,378:INFO:            imblearn: 0.14.0
2025-11-04 09:12:24,378:INFO:   category_encoders: 2.7.0
2025-11-04 09:12:24,378:INFO:            lightgbm: 4.6.0
2025-11-04 09:12:24,378:INFO:               numba: 0.61.0
2025-11-04 09:12:24,378:INFO:            requests: 2.32.5
2025-11-04 09:12:24,378:INFO:          matplotlib: 3.7.5
2025-11-04 09:12:24,378:INFO:          scikitplot: 0.3.7
2025-11-04 09:12:24,378:INFO:         yellowbrick: 1.5
2025-11-04 09:12:24,378:INFO:              plotly: 5.24.1
2025-11-04 09:12:24,378:INFO:    plotly-resampler: Not installed
2025-11-04 09:12:24,378:INFO:             kaleido: 1.1.0
2025-11-04 09:12:24,378:INFO:           schemdraw: 0.15
2025-11-04 09:12:24,378:INFO:         statsmodels: 0.14.5
2025-11-04 09:12:24,378:INFO:              sktime: 0.26.0
2025-11-04 09:12:24,378:INFO:               tbats: 1.1.3
2025-11-04 09:12:24,378:INFO:            pmdarima: 2.0.4
2025-11-04 09:12:24,378:INFO:              psutil: 7.0.0
2025-11-04 09:12:24,378:INFO:          markupsafe: 2.1.5
2025-11-04 09:12:24,378:INFO:             pickle5: Not installed
2025-11-04 09:12:24,378:INFO:         cloudpickle: 3.1.1
2025-11-04 09:12:24,378:INFO:         deprecation: 2.1.0
2025-11-04 09:12:24,378:INFO:              xxhash: 3.5.0
2025-11-04 09:12:24,379:INFO:           wurlitzer: Not installed
2025-11-04 09:12:24,379:INFO:PyCaret optional dependencies:
2025-11-04 09:12:24,379:INFO:                shap: 0.44.1
2025-11-04 09:12:24,379:INFO:           interpret: 0.7.2
2025-11-04 09:12:24,379:INFO:                umap: 0.5.7
2025-11-04 09:12:24,379:INFO:     ydata_profiling: 4.17.0
2025-11-04 09:12:24,379:INFO:  explainerdashboard: 0.5.1
2025-11-04 09:12:24,379:INFO:             autoviz: Not installed
2025-11-04 09:12:24,379:INFO:           fairlearn: 0.7.0
2025-11-04 09:12:24,379:INFO:          deepchecks: Not installed
2025-11-04 09:12:24,379:INFO:             xgboost: 3.0.5
2025-11-04 09:12:24,379:INFO:            catboost: 1.2.8
2025-11-04 09:12:24,379:INFO:              kmodes: 0.12.2
2025-11-04 09:12:24,379:INFO:             mlxtend: 0.23.4
2025-11-04 09:12:24,379:INFO:       statsforecast: 1.5.0
2025-11-04 09:12:24,379:INFO:        tune_sklearn: Not installed
2025-11-04 09:12:24,379:INFO:                 ray: Not installed
2025-11-04 09:12:24,379:INFO:            hyperopt: 0.2.7
2025-11-04 09:12:24,379:INFO:              optuna: 4.5.0
2025-11-04 09:12:24,379:INFO:               skopt: 0.10.2
2025-11-04 09:12:24,379:INFO:              mlflow: 3.4.0
2025-11-04 09:12:24,379:INFO:              gradio: 5.48.0
2025-11-04 09:12:24,379:INFO:             fastapi: 0.118.0
2025-11-04 09:12:24,379:INFO:             uvicorn: 0.37.0
2025-11-04 09:12:24,379:INFO:              m2cgen: 0.10.0
2025-11-04 09:12:24,379:INFO:           evidently: 0.4.40
2025-11-04 09:12:24,379:INFO:               fugue: 0.8.7
2025-11-04 09:12:24,379:INFO:           streamlit: 1.50.0
2025-11-04 09:12:24,379:INFO:             prophet: Not installed
2025-11-04 09:12:24,379:INFO:None
2025-11-04 09:12:24,379:INFO:Set up data.
2025-11-04 09:12:24,393:INFO:Set up folding strategy.
2025-11-04 09:12:24,393:INFO:Set up train/test split.
2025-11-04 09:12:24,397:INFO:Set up index.
2025-11-04 09:12:24,398:INFO:Assigning column types.
2025-11-04 09:12:24,402:INFO:Engine successfully changes for model 'lr' to 'sklearn'.
2025-11-04 09:12:24,402:INFO:Engine for model 'lasso' has not been set explicitly, hence returning None.
2025-11-04 09:12:24,408:INFO:Engine for model 'ridge' has not been set explicitly, hence returning None.
2025-11-04 09:12:24,412:INFO:Engine for model 'en' has not been set explicitly, hence returning None.
2025-11-04 09:12:24,474:INFO:Engine for model 'svm' has not been set explicitly, hence returning None.
2025-11-04 09:12:24,551:INFO:Engine for model 'knn' has not been set explicitly, hence returning None.
2025-11-04 09:12:24,552:INFO:Soft dependency imported: xgboost: 3.0.5
2025-11-04 09:12:24,554:INFO:Soft dependency imported: catboost: 1.2.8
2025-11-04 09:12:24,555:INFO:Engine for model 'lasso' has not been set explicitly, hence returning None.
2025-11-04 09:12:24,559:INFO:Engine for model 'ridge' has not been set explicitly, hence returning None.
2025-11-04 09:12:24,563:INFO:Engine for model 'en' has not been set explicitly, hence returning None.
2025-11-04 09:12:24,634:INFO:Engine for model 'svm' has not been set explicitly, hence returning None.
2025-11-04 09:12:24,677:INFO:Engine for model 'knn' has not been set explicitly, hence returning None.
2025-11-04 09:12:24,678:INFO:Soft dependency imported: xgboost: 3.0.5
2025-11-04 09:12:24,681:INFO:Soft dependency imported: catboost: 1.2.8
2025-11-04 09:12:24,682:INFO:Engine successfully changes for model 'lasso' to 'sklearn'.
2025-11-04 09:12:24,687:INFO:Engine for model 'ridge' has not been set explicitly, hence returning None.
2025-11-04 09:12:24,692:INFO:Engine for model 'en' has not been set explicitly, hence returning None.
2025-11-04 09:12:24,760:INFO:Engine for model 'svm' has not been set explicitly, hence returning None.
2025-11-04 09:12:24,814:INFO:Engine for model 'knn' has not been set explicitly, hence returning None.
2025-11-04 09:12:24,814:INFO:Soft dependency imported: xgboost: 3.0.5
2025-11-04 09:12:24,816:INFO:Soft dependency imported: catboost: 1.2.8
2025-11-04 09:12:24,821:INFO:Engine for model 'ridge' has not been set explicitly, hence returning None.
2025-11-04 09:12:24,824:INFO:Engine for model 'en' has not been set explicitly, hence returning None.
2025-11-04 09:12:24,894:INFO:Engine for model 'svm' has not been set explicitly, hence returning None.
2025-11-04 09:12:24,962:INFO:Engine for model 'knn' has not been set explicitly, hence returning None.
2025-11-04 09:12:24,963:INFO:Soft dependency imported: xgboost: 3.0.5
2025-11-04 09:12:24,966:INFO:Soft dependency imported: catboost: 1.2.8
2025-11-04 09:12:24,966:INFO:Engine successfully changes for model 'ridge' to 'sklearn'.
2025-11-04 09:12:24,975:INFO:Engine for model 'en' has not been set explicitly, hence returning None.
2025-11-04 09:12:25,066:INFO:Engine for model 'svm' has not been set explicitly, hence returning None.
2025-11-04 09:12:25,147:INFO:Engine for model 'knn' has not been set explicitly, hence returning None.
2025-11-04 09:12:25,148:INFO:Soft dependency imported: xgboost: 3.0.5
2025-11-04 09:12:25,157:INFO:Soft dependency imported: catboost: 1.2.8
2025-11-04 09:12:25,170:INFO:Engine for model 'en' has not been set explicitly, hence returning None.
2025-11-04 09:12:25,250:INFO:Engine for model 'svm' has not been set explicitly, hence returning None.
2025-11-04 09:12:25,334:INFO:Engine for model 'knn' has not been set explicitly, hence returning None.
2025-11-04 09:12:25,335:INFO:Soft dependency imported: xgboost: 3.0.5
2025-11-04 09:12:25,340:INFO:Soft dependency imported: catboost: 1.2.8
2025-11-04 09:12:25,341:INFO:Engine successfully changes for model 'en' to 'sklearn'.
2025-11-04 09:12:25,429:INFO:Engine for model 'svm' has not been set explicitly, hence returning None.
2025-11-04 09:12:25,476:INFO:Engine for model 'knn' has not been set explicitly, hence returning None.
2025-11-04 09:12:25,476:INFO:Soft dependency imported: xgboost: 3.0.5
2025-11-04 09:12:25,480:INFO:Soft dependency imported: catboost: 1.2.8
2025-11-04 09:12:25,564:INFO:Engine for model 'svm' has not been set explicitly, hence returning None.
2025-11-04 09:12:25,635:INFO:Engine for model 'knn' has not been set explicitly, hence returning None.
2025-11-04 09:12:25,636:INFO:Soft dependency imported: xgboost: 3.0.5
2025-11-04 09:12:25,640:INFO:Soft dependency imported: catboost: 1.2.8
2025-11-04 09:12:25,641:INFO:Engine successfully changes for model 'knn' to 'sklearn'.
2025-11-04 09:12:25,718:INFO:Engine for model 'svm' has not been set explicitly, hence returning None.
2025-11-04 09:12:25,776:INFO:Soft dependency imported: xgboost: 3.0.5
2025-11-04 09:12:25,779:INFO:Soft dependency imported: catboost: 1.2.8
2025-11-04 09:12:25,852:INFO:Engine for model 'svm' has not been set explicitly, hence returning None.
2025-11-04 09:12:25,893:INFO:Soft dependency imported: xgboost: 3.0.5
2025-11-04 09:12:25,896:INFO:Soft dependency imported: catboost: 1.2.8
2025-11-04 09:12:25,897:INFO:Engine successfully changes for model 'svm' to 'sklearn'.
2025-11-04 09:12:26,045:INFO:Soft dependency imported: xgboost: 3.0.5
2025-11-04 09:12:26,048:INFO:Soft dependency imported: catboost: 1.2.8
2025-11-04 09:12:26,201:INFO:Soft dependency imported: xgboost: 3.0.5
2025-11-04 09:12:26,205:INFO:Soft dependency imported: catboost: 1.2.8
2025-11-04 09:12:26,207:INFO:Preparing preprocessing pipeline...
2025-11-04 09:12:26,207:INFO:Set up simple imputation.
2025-11-04 09:12:26,214:INFO:Set up encoding of categorical features.
2025-11-04 09:12:26,214:INFO:Set up removing outliers.
2025-11-04 09:12:26,396:INFO:Finished creating preprocessing pipeline.
2025-11-04 09:12:26,407:INFO:Pipeline: Pipeline(memory=FastMemory(location=C:\TEMP\joblib),
         steps=[('numerical_imputer',
                 TransformerWrapper(include=['YearsCodePro'],
                                    transformer=SimpleImputer())),
                ('categorical_imputer',
                 TransformerWrapper(include=['Country', 'EdLevel'],
                                    transformer=SimpleImputer(strategy='most_frequent'))),
                ('onehot_encoding',
                 TransformerWrapper(include=['EdLevel'],
                                    transformer=OneHotEncoder(cols=['EdLevel'],
                                                              handle_missing='return_nan',
                                                              use_cat_names=True))),
                ('rest_encoding',
                 TransformerWrapper(include=['Country'],
                                    transformer=TargetEncoder(cols=['Country'],
                                                              handle_missing='return_nan'))),
                ('remove_outliers',
                 TransformerWrapper(transformer=RemoveOutliers(random_state=23)))])
2025-11-04 09:12:26,407:INFO:Creating final display dataframe.
2025-11-04 09:12:26,607:INFO:Setup _display_container:                     Description             Value
0                    Session id                23
1                        Target            Salary
2                   Target type        Regression
3           Original data shape        (37923, 4)
4        Transformed data shape        (36607, 7)
5   Transformed train set shape        (25230, 7)
6    Transformed test set shape        (11377, 7)
7              Numeric features                 1
8          Categorical features                 2
9                    Preprocess              True
10              Imputation type            simple
11           Numeric imputation              mean
12       Categorical imputation              mode
13     Maximum one-hot encoding                25
14              Encoding method              None
15              Remove outliers              True
16           Outliers threshold              0.05
17               Fold Generator             KFold
18                  Fold Number                10
19                     CPU Jobs                -1
20                      Use GPU             False
21               Log Experiment             False
22              Experiment Name  reg-default-name
23                          USI              35c5
2025-11-04 09:12:59,327:INFO:PyCaret RegressionExperiment
2025-11-04 09:12:59,327:INFO:Logging name: reg-default-name
2025-11-04 09:12:59,327:INFO:ML Usecase: MLUsecase.REGRESSION
2025-11-04 09:12:59,327:INFO:version 3.3.2
2025-11-04 09:12:59,327:INFO:Initializing setup()
2025-11-04 09:12:59,327:INFO:self.USI: 0adb
2025-11-04 09:12:59,327:INFO:self._variable_keys: {'X_test', 'data', 'X_train', 'transform_target_param', 'y', 'target_param', 'fold_generator', 'logging_param', 'fold_shuffle_param', 'exp_name_log', 'idx', 'exp_id', 'y_test', 'log_plots_param', '_ml_usecase', 'n_jobs_param', 'fold_groups_param', 'X', 'html_param', 'gpu_param', 'pipeline', 'USI', 'gpu_n_jobs_param', '_available_plots', 'y_train', 'seed', 'memory'}
2025-11-04 09:12:59,327:INFO:Checking environment
2025-11-04 09:12:59,327:INFO:python_version: 3.11.7
2025-11-04 09:12:59,327:INFO:python_build: ('tags/v3.11.7:fa7a6f2', 'Dec  4 2023 19:24:49')
2025-11-04 09:12:59,327:INFO:machine: AMD64
2025-11-04 09:12:59,327:INFO:platform: Windows-10-10.0.22631-SP0
2025-11-04 09:12:59,332:INFO:Memory: svmem(total=16841400320, available=6435319808, percent=61.8, used=10406080512, free=6435319808)
2025-11-04 09:12:59,332:INFO:Physical Core: 8
2025-11-04 09:12:59,332:INFO:Logical Core: 16
2025-11-04 09:12:59,332:INFO:Checking libraries
2025-11-04 09:12:59,332:INFO:System:
2025-11-04 09:12:59,332:INFO:    python: 3.11.7 (tags/v3.11.7:fa7a6f2, Dec  4 2023, 19:24:49) [MSC v.1937 64 bit (AMD64)]
2025-11-04 09:12:59,332:INFO:executable: c:\Users\Asus\Desktop\train\venv\Scripts\python.exe
2025-11-04 09:12:59,332:INFO:   machine: Windows-10-10.0.22631-SP0
2025-11-04 09:12:59,332:INFO:PyCaret required dependencies:
2025-11-04 09:12:59,332:INFO:                 pip: 23.2.1
2025-11-04 09:12:59,332:INFO:          setuptools: 80.9.0
2025-11-04 09:12:59,332:INFO:             pycaret: 3.3.2
2025-11-04 09:12:59,333:INFO:             IPython: 9.4.0
2025-11-04 09:12:59,333:INFO:          ipywidgets: 8.1.7
2025-11-04 09:12:59,333:INFO:                tqdm: 4.67.1
2025-11-04 09:12:59,333:INFO:               numpy: 1.26.4
2025-11-04 09:12:59,333:INFO:              pandas: 2.1.4
2025-11-04 09:12:59,333:INFO:              jinja2: 3.1.6
2025-11-04 09:12:59,333:INFO:               scipy: 1.11.4
2025-11-04 09:12:59,333:INFO:              joblib: 1.3.2
2025-11-04 09:12:59,333:INFO:             sklearn: 1.4.2
2025-11-04 09:12:59,333:INFO:                pyod: 2.0.5
2025-11-04 09:12:59,333:INFO:            imblearn: 0.14.0
2025-11-04 09:12:59,333:INFO:   category_encoders: 2.7.0
2025-11-04 09:12:59,333:INFO:            lightgbm: 4.6.0
2025-11-04 09:12:59,333:INFO:               numba: 0.61.0
2025-11-04 09:12:59,333:INFO:            requests: 2.32.5
2025-11-04 09:12:59,333:INFO:          matplotlib: 3.7.5
2025-11-04 09:12:59,333:INFO:          scikitplot: 0.3.7
2025-11-04 09:12:59,333:INFO:         yellowbrick: 1.5
2025-11-04 09:12:59,333:INFO:              plotly: 5.24.1
2025-11-04 09:12:59,333:INFO:    plotly-resampler: Not installed
2025-11-04 09:12:59,333:INFO:             kaleido: 1.1.0
2025-11-04 09:12:59,333:INFO:           schemdraw: 0.15
2025-11-04 09:12:59,333:INFO:         statsmodels: 0.14.5
2025-11-04 09:12:59,333:INFO:              sktime: 0.26.0
2025-11-04 09:12:59,333:INFO:               tbats: 1.1.3
2025-11-04 09:12:59,333:INFO:            pmdarima: 2.0.4
2025-11-04 09:12:59,334:INFO:              psutil: 7.0.0
2025-11-04 09:12:59,334:INFO:          markupsafe: 2.1.5
2025-11-04 09:12:59,334:INFO:             pickle5: Not installed
2025-11-04 09:12:59,334:INFO:         cloudpickle: 3.1.1
2025-11-04 09:12:59,334:INFO:         deprecation: 2.1.0
2025-11-04 09:12:59,334:INFO:              xxhash: 3.5.0
2025-11-04 09:12:59,334:INFO:           wurlitzer: Not installed
2025-11-04 09:12:59,334:INFO:PyCaret optional dependencies:
2025-11-04 09:12:59,334:INFO:                shap: 0.44.1
2025-11-04 09:12:59,334:INFO:           interpret: 0.7.2
2025-11-04 09:12:59,334:INFO:                umap: 0.5.7
2025-11-04 09:12:59,334:INFO:     ydata_profiling: 4.17.0
2025-11-04 09:12:59,334:INFO:  explainerdashboard: 0.5.1
2025-11-04 09:12:59,334:INFO:             autoviz: Not installed
2025-11-04 09:12:59,334:INFO:           fairlearn: 0.7.0
2025-11-04 09:12:59,334:INFO:          deepchecks: Not installed
2025-11-04 09:12:59,334:INFO:             xgboost: 3.0.5
2025-11-04 09:12:59,334:INFO:            catboost: 1.2.8
2025-11-04 09:12:59,334:INFO:              kmodes: 0.12.2
2025-11-04 09:12:59,334:INFO:             mlxtend: 0.23.4
2025-11-04 09:12:59,334:INFO:       statsforecast: 1.5.0
2025-11-04 09:12:59,334:INFO:        tune_sklearn: Not installed
2025-11-04 09:12:59,334:INFO:                 ray: Not installed
2025-11-04 09:12:59,334:INFO:            hyperopt: 0.2.7
2025-11-04 09:12:59,335:INFO:              optuna: 4.5.0
2025-11-04 09:12:59,335:INFO:               skopt: 0.10.2
2025-11-04 09:12:59,335:INFO:              mlflow: 3.4.0
2025-11-04 09:12:59,335:INFO:              gradio: 5.48.0
2025-11-04 09:12:59,335:INFO:             fastapi: 0.118.0
2025-11-04 09:12:59,335:INFO:             uvicorn: 0.37.0
2025-11-04 09:12:59,335:INFO:              m2cgen: 0.10.0
2025-11-04 09:12:59,335:INFO:           evidently: 0.4.40
2025-11-04 09:12:59,335:INFO:               fugue: 0.8.7
2025-11-04 09:12:59,335:INFO:           streamlit: 1.50.0
2025-11-04 09:12:59,335:INFO:             prophet: Not installed
2025-11-04 09:12:59,335:INFO:None
2025-11-04 09:12:59,335:INFO:Set up data.
2025-11-04 09:12:59,349:INFO:Set up folding strategy.
2025-11-04 09:12:59,350:INFO:Set up train/test split.
2025-11-04 09:12:59,355:INFO:Set up index.
2025-11-04 09:12:59,356:INFO:Assigning column types.
2025-11-04 09:12:59,359:INFO:Engine successfully changes for model 'lr' to 'sklearn'.
2025-11-04 09:12:59,359:INFO:Engine for model 'lasso' has not been set explicitly, hence returning None.
2025-11-04 09:12:59,363:INFO:Engine for model 'ridge' has not been set explicitly, hence returning None.
2025-11-04 09:12:59,368:INFO:Engine for model 'en' has not been set explicitly, hence returning None.
2025-11-04 09:12:59,435:INFO:Engine for model 'svm' has not been set explicitly, hence returning None.
2025-11-04 09:12:59,486:INFO:Engine for model 'knn' has not been set explicitly, hence returning None.
2025-11-04 09:12:59,488:INFO:Soft dependency imported: xgboost: 3.0.5
2025-11-04 09:12:59,492:INFO:Soft dependency imported: catboost: 1.2.8
2025-11-04 09:12:59,493:INFO:Engine for model 'lasso' has not been set explicitly, hence returning None.
2025-11-04 09:12:59,504:INFO:Engine for model 'ridge' has not been set explicitly, hence returning None.
2025-11-04 09:12:59,517:INFO:Engine for model 'en' has not been set explicitly, hence returning None.
2025-11-04 09:12:59,585:INFO:Engine for model 'svm' has not been set explicitly, hence returning None.
2025-11-04 09:12:59,638:INFO:Engine for model 'knn' has not been set explicitly, hence returning None.
2025-11-04 09:12:59,639:INFO:Soft dependency imported: xgboost: 3.0.5
2025-11-04 09:12:59,644:INFO:Soft dependency imported: catboost: 1.2.8
2025-11-04 09:12:59,646:INFO:Engine successfully changes for model 'lasso' to 'sklearn'.
2025-11-04 09:12:59,652:INFO:Engine for model 'ridge' has not been set explicitly, hence returning None.
2025-11-04 09:12:59,658:INFO:Engine for model 'en' has not been set explicitly, hence returning None.
2025-11-04 09:12:59,720:INFO:Engine for model 'svm' has not been set explicitly, hence returning None.
2025-11-04 09:12:59,763:INFO:Engine for model 'knn' has not been set explicitly, hence returning None.
2025-11-04 09:12:59,764:INFO:Soft dependency imported: xgboost: 3.0.5
2025-11-04 09:12:59,766:INFO:Soft dependency imported: catboost: 1.2.8
2025-11-04 09:12:59,774:INFO:Engine for model 'ridge' has not been set explicitly, hence returning None.
2025-11-04 09:12:59,780:INFO:Engine for model 'en' has not been set explicitly, hence returning None.
2025-11-04 09:12:59,847:INFO:Engine for model 'svm' has not been set explicitly, hence returning None.
2025-11-04 09:12:59,897:INFO:Engine for model 'knn' has not been set explicitly, hence returning None.
2025-11-04 09:12:59,899:INFO:Soft dependency imported: xgboost: 3.0.5
2025-11-04 09:12:59,901:INFO:Soft dependency imported: catboost: 1.2.8
2025-11-04 09:12:59,902:INFO:Engine successfully changes for model 'ridge' to 'sklearn'.
2025-11-04 09:12:59,913:INFO:Engine for model 'en' has not been set explicitly, hence returning None.
2025-11-04 09:12:59,980:INFO:Engine for model 'svm' has not been set explicitly, hence returning None.
2025-11-04 09:13:00,045:INFO:Engine for model 'knn' has not been set explicitly, hence returning None.
2025-11-04 09:13:00,046:INFO:Soft dependency imported: xgboost: 3.0.5
2025-11-04 09:13:00,050:INFO:Soft dependency imported: catboost: 1.2.8
2025-11-04 09:13:00,060:INFO:Engine for model 'en' has not been set explicitly, hence returning None.
2025-11-04 09:13:00,141:INFO:Engine for model 'svm' has not been set explicitly, hence returning None.
2025-11-04 09:13:00,188:INFO:Engine for model 'knn' has not been set explicitly, hence returning None.
2025-11-04 09:13:00,188:INFO:Soft dependency imported: xgboost: 3.0.5
2025-11-04 09:13:00,190:INFO:Soft dependency imported: catboost: 1.2.8
2025-11-04 09:13:00,191:INFO:Engine successfully changes for model 'en' to 'sklearn'.
2025-11-04 09:13:00,264:INFO:Engine for model 'svm' has not been set explicitly, hence returning None.
2025-11-04 09:13:00,315:INFO:Engine for model 'knn' has not been set explicitly, hence returning None.
2025-11-04 09:13:00,316:INFO:Soft dependency imported: xgboost: 3.0.5
2025-11-04 09:13:00,322:INFO:Soft dependency imported: catboost: 1.2.8
2025-11-04 09:13:00,408:INFO:Engine for model 'svm' has not been set explicitly, hence returning None.
2025-11-04 09:13:00,467:INFO:Engine for model 'knn' has not been set explicitly, hence returning None.
2025-11-04 09:13:00,468:INFO:Soft dependency imported: xgboost: 3.0.5
2025-11-04 09:13:00,473:INFO:Soft dependency imported: catboost: 1.2.8
2025-11-04 09:13:00,474:INFO:Engine successfully changes for model 'knn' to 'sklearn'.
2025-11-04 09:13:00,562:INFO:Engine for model 'svm' has not been set explicitly, hence returning None.
2025-11-04 09:13:00,610:INFO:Soft dependency imported: xgboost: 3.0.5
2025-11-04 09:13:00,615:INFO:Soft dependency imported: catboost: 1.2.8
2025-11-04 09:13:00,683:INFO:Engine for model 'svm' has not been set explicitly, hence returning None.
2025-11-04 09:13:00,723:INFO:Soft dependency imported: xgboost: 3.0.5
2025-11-04 09:13:00,726:INFO:Soft dependency imported: catboost: 1.2.8
2025-11-04 09:13:00,731:INFO:Engine successfully changes for model 'svm' to 'sklearn'.
2025-11-04 09:13:00,933:INFO:Soft dependency imported: xgboost: 3.0.5
2025-11-04 09:13:00,936:INFO:Soft dependency imported: catboost: 1.2.8
2025-11-04 09:13:01,099:INFO:Soft dependency imported: xgboost: 3.0.5
2025-11-04 09:13:01,103:INFO:Soft dependency imported: catboost: 1.2.8
2025-11-04 09:13:01,105:INFO:Preparing preprocessing pipeline...
2025-11-04 09:13:01,105:INFO:Set up simple imputation.
2025-11-04 09:13:01,108:INFO:Set up encoding of categorical features.
2025-11-04 09:13:01,109:INFO:Set up removing outliers.
2025-11-04 09:13:42,615:INFO:PyCaret RegressionExperiment
2025-11-04 09:13:42,616:INFO:Logging name: reg-default-name
2025-11-04 09:13:42,616:INFO:ML Usecase: MLUsecase.REGRESSION
2025-11-04 09:13:42,616:INFO:version 3.3.2
2025-11-04 09:13:42,616:INFO:Initializing setup()
2025-11-04 09:13:42,616:INFO:self.USI: e2e8
2025-11-04 09:13:42,616:INFO:self._variable_keys: {'X_test', 'data', 'X_train', 'transform_target_param', 'y', 'target_param', 'fold_generator', 'logging_param', 'fold_shuffle_param', 'exp_name_log', 'idx', 'exp_id', 'y_test', 'log_plots_param', '_ml_usecase', 'n_jobs_param', 'fold_groups_param', 'X', 'html_param', 'gpu_param', 'pipeline', 'USI', 'gpu_n_jobs_param', '_available_plots', 'y_train', 'seed', 'memory'}
2025-11-04 09:13:42,617:INFO:Checking environment
2025-11-04 09:13:42,617:INFO:python_version: 3.11.7
2025-11-04 09:13:42,617:INFO:python_build: ('tags/v3.11.7:fa7a6f2', 'Dec  4 2023 19:24:49')
2025-11-04 09:13:42,617:INFO:machine: AMD64
2025-11-04 09:13:42,617:INFO:platform: Windows-10-10.0.22631-SP0
2025-11-04 09:13:42,622:INFO:Memory: svmem(total=16841400320, available=6881640448, percent=59.1, used=9959759872, free=6881640448)
2025-11-04 09:13:42,622:INFO:Physical Core: 8
2025-11-04 09:13:42,622:INFO:Logical Core: 16
2025-11-04 09:13:42,622:INFO:Checking libraries
2025-11-04 09:13:42,623:INFO:System:
2025-11-04 09:13:42,623:INFO:    python: 3.11.7 (tags/v3.11.7:fa7a6f2, Dec  4 2023, 19:24:49) [MSC v.1937 64 bit (AMD64)]
2025-11-04 09:13:42,623:INFO:executable: c:\Users\Asus\Desktop\train\venv\Scripts\python.exe
2025-11-04 09:13:42,623:INFO:   machine: Windows-10-10.0.22631-SP0
2025-11-04 09:13:42,623:INFO:PyCaret required dependencies:
2025-11-04 09:13:42,623:INFO:                 pip: 23.2.1
2025-11-04 09:13:42,623:INFO:          setuptools: 80.9.0
2025-11-04 09:13:42,623:INFO:             pycaret: 3.3.2
2025-11-04 09:13:42,623:INFO:             IPython: 9.4.0
2025-11-04 09:13:42,623:INFO:          ipywidgets: 8.1.7
2025-11-04 09:13:42,623:INFO:                tqdm: 4.67.1
2025-11-04 09:13:42,623:INFO:               numpy: 1.26.4
2025-11-04 09:13:42,623:INFO:              pandas: 2.1.4
2025-11-04 09:13:42,623:INFO:              jinja2: 3.1.6
2025-11-04 09:13:42,623:INFO:               scipy: 1.11.4
2025-11-04 09:13:42,623:INFO:              joblib: 1.3.2
2025-11-04 09:13:42,624:INFO:             sklearn: 1.4.2
2025-11-04 09:13:42,624:INFO:                pyod: 2.0.5
2025-11-04 09:13:42,624:INFO:            imblearn: 0.14.0
2025-11-04 09:13:42,624:INFO:   category_encoders: 2.7.0
2025-11-04 09:13:42,624:INFO:            lightgbm: 4.6.0
2025-11-04 09:13:42,624:INFO:               numba: 0.61.0
2025-11-04 09:13:42,624:INFO:            requests: 2.32.5
2025-11-04 09:13:42,624:INFO:          matplotlib: 3.7.5
2025-11-04 09:13:42,624:INFO:          scikitplot: 0.3.7
2025-11-04 09:13:42,624:INFO:         yellowbrick: 1.5
2025-11-04 09:13:42,624:INFO:              plotly: 5.24.1
2025-11-04 09:13:42,624:INFO:    plotly-resampler: Not installed
2025-11-04 09:13:42,624:INFO:             kaleido: 1.1.0
2025-11-04 09:13:42,624:INFO:           schemdraw: 0.15
2025-11-04 09:13:42,625:INFO:         statsmodels: 0.14.5
2025-11-04 09:13:42,625:INFO:              sktime: 0.26.0
2025-11-04 09:13:42,625:INFO:               tbats: 1.1.3
2025-11-04 09:13:42,625:INFO:            pmdarima: 2.0.4
2025-11-04 09:13:42,625:INFO:              psutil: 7.0.0
2025-11-04 09:13:42,625:INFO:          markupsafe: 2.1.5
2025-11-04 09:13:42,625:INFO:             pickle5: Not installed
2025-11-04 09:13:42,625:INFO:         cloudpickle: 3.1.1
2025-11-04 09:13:42,625:INFO:         deprecation: 2.1.0
2025-11-04 09:13:42,625:INFO:              xxhash: 3.5.0
2025-11-04 09:13:42,625:INFO:           wurlitzer: Not installed
2025-11-04 09:13:42,625:INFO:PyCaret optional dependencies:
2025-11-04 09:13:42,626:INFO:                shap: 0.44.1
2025-11-04 09:13:42,626:INFO:           interpret: 0.7.2
2025-11-04 09:13:42,626:INFO:                umap: 0.5.7
2025-11-04 09:13:42,626:INFO:     ydata_profiling: 4.17.0
2025-11-04 09:13:42,626:INFO:  explainerdashboard: 0.5.1
2025-11-04 09:13:42,626:INFO:             autoviz: Not installed
2025-11-04 09:13:42,626:INFO:           fairlearn: 0.7.0
2025-11-04 09:13:42,626:INFO:          deepchecks: Not installed
2025-11-04 09:13:42,626:INFO:             xgboost: 3.0.5
2025-11-04 09:13:42,626:INFO:            catboost: 1.2.8
2025-11-04 09:13:42,626:INFO:              kmodes: 0.12.2
2025-11-04 09:13:42,627:INFO:             mlxtend: 0.23.4
2025-11-04 09:13:42,627:INFO:       statsforecast: 1.5.0
2025-11-04 09:13:42,627:INFO:        tune_sklearn: Not installed
2025-11-04 09:13:42,627:INFO:                 ray: Not installed
2025-11-04 09:13:42,627:INFO:            hyperopt: 0.2.7
2025-11-04 09:13:42,627:INFO:              optuna: 4.5.0
2025-11-04 09:13:42,627:INFO:               skopt: 0.10.2
2025-11-04 09:13:42,627:INFO:              mlflow: 3.4.0
2025-11-04 09:13:42,627:INFO:              gradio: 5.48.0
2025-11-04 09:13:42,627:INFO:             fastapi: 0.118.0
2025-11-04 09:13:42,627:INFO:             uvicorn: 0.37.0
2025-11-04 09:13:42,627:INFO:              m2cgen: 0.10.0
2025-11-04 09:13:42,627:INFO:           evidently: 0.4.40
2025-11-04 09:13:42,627:INFO:               fugue: 0.8.7
2025-11-04 09:13:42,627:INFO:           streamlit: 1.50.0
2025-11-04 09:13:42,627:INFO:             prophet: Not installed
2025-11-04 09:13:42,627:INFO:None
2025-11-04 09:13:42,627:INFO:Set up data.
2025-11-04 09:13:42,647:INFO:Set up folding strategy.
2025-11-04 09:13:42,647:INFO:Set up train/test split.
2025-11-04 09:13:42,652:INFO:Set up index.
2025-11-04 09:13:42,653:INFO:Assigning column types.
2025-11-04 09:13:42,658:INFO:Engine successfully changes for model 'lr' to 'sklearn'.
2025-11-04 09:13:42,658:INFO:Engine for model 'lasso' has not been set explicitly, hence returning None.
2025-11-04 09:13:42,664:INFO:Engine for model 'ridge' has not been set explicitly, hence returning None.
2025-11-04 09:13:42,669:INFO:Engine for model 'en' has not been set explicitly, hence returning None.
2025-11-04 09:13:42,773:INFO:Engine for model 'svm' has not been set explicitly, hence returning None.
2025-11-04 09:13:42,865:INFO:Engine for model 'knn' has not been set explicitly, hence returning None.
2025-11-04 09:13:42,867:INFO:Soft dependency imported: xgboost: 3.0.5
2025-11-04 09:13:42,872:INFO:Soft dependency imported: catboost: 1.2.8
2025-11-04 09:13:42,873:INFO:Engine for model 'lasso' has not been set explicitly, hence returning None.
2025-11-04 09:13:42,881:INFO:Engine for model 'ridge' has not been set explicitly, hence returning None.
2025-11-04 09:13:42,890:INFO:Engine for model 'en' has not been set explicitly, hence returning None.
2025-11-04 09:13:42,950:INFO:Engine for model 'svm' has not been set explicitly, hence returning None.
2025-11-04 09:13:42,996:INFO:Engine for model 'knn' has not been set explicitly, hence returning None.
2025-11-04 09:13:42,996:INFO:Soft dependency imported: xgboost: 3.0.5
2025-11-04 09:13:42,999:INFO:Soft dependency imported: catboost: 1.2.8
2025-11-04 09:13:42,999:INFO:Engine successfully changes for model 'lasso' to 'sklearn'.
2025-11-04 09:13:43,004:INFO:Engine for model 'ridge' has not been set explicitly, hence returning None.
2025-11-04 09:13:43,010:INFO:Engine for model 'en' has not been set explicitly, hence returning None.
2025-11-04 09:13:43,066:INFO:Engine for model 'svm' has not been set explicitly, hence returning None.
2025-11-04 09:13:43,110:INFO:Engine for model 'knn' has not been set explicitly, hence returning None.
2025-11-04 09:13:43,111:INFO:Soft dependency imported: xgboost: 3.0.5
2025-11-04 09:13:43,114:INFO:Soft dependency imported: catboost: 1.2.8
2025-11-04 09:13:43,119:INFO:Engine for model 'ridge' has not been set explicitly, hence returning None.
2025-11-04 09:13:43,125:INFO:Engine for model 'en' has not been set explicitly, hence returning None.
2025-11-04 09:13:43,185:INFO:Engine for model 'svm' has not been set explicitly, hence returning None.
2025-11-04 09:13:43,243:INFO:Engine for model 'knn' has not been set explicitly, hence returning None.
2025-11-04 09:13:43,245:INFO:Soft dependency imported: xgboost: 3.0.5
2025-11-04 09:13:43,248:INFO:Soft dependency imported: catboost: 1.2.8
2025-11-04 09:13:43,249:INFO:Engine successfully changes for model 'ridge' to 'sklearn'.
2025-11-04 09:13:43,263:INFO:Engine for model 'en' has not been set explicitly, hence returning None.
2025-11-04 09:13:43,327:INFO:Engine for model 'svm' has not been set explicitly, hence returning None.
2025-11-04 09:13:43,369:INFO:Engine for model 'knn' has not been set explicitly, hence returning None.
2025-11-04 09:13:43,369:INFO:Soft dependency imported: xgboost: 3.0.5
2025-11-04 09:13:43,372:INFO:Soft dependency imported: catboost: 1.2.8
2025-11-04 09:13:43,383:INFO:Engine for model 'en' has not been set explicitly, hence returning None.
2025-11-04 09:13:43,461:INFO:Engine for model 'svm' has not been set explicitly, hence returning None.
2025-11-04 09:13:43,536:INFO:Engine for model 'knn' has not been set explicitly, hence returning None.
2025-11-04 09:13:43,537:INFO:Soft dependency imported: xgboost: 3.0.5
2025-11-04 09:13:43,543:INFO:Soft dependency imported: catboost: 1.2.8
2025-11-04 09:13:43,545:INFO:Engine successfully changes for model 'en' to 'sklearn'.
2025-11-04 09:13:43,640:INFO:Engine for model 'svm' has not been set explicitly, hence returning None.
2025-11-04 09:13:43,699:INFO:Engine for model 'knn' has not been set explicitly, hence returning None.
2025-11-04 09:13:43,699:INFO:Soft dependency imported: xgboost: 3.0.5
2025-11-04 09:13:43,702:INFO:Soft dependency imported: catboost: 1.2.8
2025-11-04 09:13:43,783:INFO:Engine for model 'svm' has not been set explicitly, hence returning None.
2025-11-04 09:13:43,838:INFO:Engine for model 'knn' has not been set explicitly, hence returning None.
2025-11-04 09:13:43,839:INFO:Soft dependency imported: xgboost: 3.0.5
2025-11-04 09:13:43,841:INFO:Soft dependency imported: catboost: 1.2.8
2025-11-04 09:13:43,841:INFO:Engine successfully changes for model 'knn' to 'sklearn'.
2025-11-04 09:13:43,933:INFO:Engine for model 'svm' has not been set explicitly, hence returning None.
2025-11-04 09:13:43,991:INFO:Soft dependency imported: xgboost: 3.0.5
2025-11-04 09:13:43,993:INFO:Soft dependency imported: catboost: 1.2.8
2025-11-04 09:13:44,067:INFO:Engine for model 'svm' has not been set explicitly, hence returning None.
2025-11-04 09:13:44,114:INFO:Soft dependency imported: xgboost: 3.0.5
2025-11-04 09:13:44,116:INFO:Soft dependency imported: catboost: 1.2.8
2025-11-04 09:13:44,117:INFO:Engine successfully changes for model 'svm' to 'sklearn'.
2025-11-04 09:13:44,275:INFO:Soft dependency imported: xgboost: 3.0.5
2025-11-04 09:13:44,279:INFO:Soft dependency imported: catboost: 1.2.8
2025-11-04 09:13:44,416:INFO:Soft dependency imported: xgboost: 3.0.5
2025-11-04 09:13:44,418:INFO:Soft dependency imported: catboost: 1.2.8
2025-11-04 09:13:44,420:INFO:Preparing preprocessing pipeline...
2025-11-04 09:13:44,420:INFO:Set up simple imputation.
2025-11-04 09:13:44,424:INFO:Set up encoding of categorical features.
2025-11-04 09:13:44,424:INFO:Set up removing outliers.
2025-11-04 09:13:44,553:INFO:Finished creating preprocessing pipeline.
2025-11-04 09:13:44,561:INFO:Pipeline: Pipeline(memory=FastMemory(location=C:\TEMP\joblib),
         steps=[('numerical_imputer',
                 TransformerWrapper(include=['YearsCodePro'],
                                    transformer=SimpleImputer())),
                ('categorical_imputer',
                 TransformerWrapper(include=['Country', 'EdLevel'],
                                    transformer=SimpleImputer(strategy='most_frequent'))),
                ('onehot_encoding',
                 TransformerWrapper(include=['EdLevel'],
                                    transformer=OneHotEncoder(cols=['EdLevel'],
                                                              handle_missing='return_nan',
                                                              use_cat_names=True))),
                ('rest_encoding',
                 TransformerWrapper(include=['Country'],
                                    transformer=TargetEncoder(cols=['Country'],
                                                              handle_missing='return_nan'))),
                ('remove_outliers',
                 TransformerWrapper(transformer=RemoveOutliers(random_state=23)))])
2025-11-04 09:13:44,561:INFO:Creating final display dataframe.
2025-11-04 09:13:46,467:INFO:Setup _display_container:                     Description             Value
0                    Session id                23
1                        Target            Salary
2                   Target type        Regression
3           Original data shape        (35932, 4)
4        Transformed data shape        (34675, 7)
5   Transformed train set shape        (23895, 7)
6    Transformed test set shape        (10780, 7)
7              Numeric features                 1
8          Categorical features                 2
9                    Preprocess              True
10              Imputation type            simple
11           Numeric imputation              mean
12       Categorical imputation              mode
13     Maximum one-hot encoding                25
14              Encoding method              None
15              Remove outliers              True
16           Outliers threshold              0.05
17               Fold Generator             KFold
18                  Fold Number                10
19                     CPU Jobs                -1
20                      Use GPU             False
21               Log Experiment             False
22              Experiment Name  reg-default-name
23                          USI              e2e8
2025-11-04 09:13:46,599:INFO:Soft dependency imported: xgboost: 3.0.5
2025-11-04 09:13:46,603:INFO:Soft dependency imported: catboost: 1.2.8
2025-11-04 09:13:46,797:INFO:Soft dependency imported: xgboost: 3.0.5
2025-11-04 09:13:46,802:INFO:Soft dependency imported: catboost: 1.2.8
2025-11-04 09:13:46,803:INFO:setup() successfully completed in 4.2s...............
2025-11-04 09:13:58,119:INFO:Initializing compare_models()
2025-11-04 09:13:58,120:INFO:compare_models(self=<pycaret.regression.oop.RegressionExperiment object at 0x0000025A046F78D0>, include=None, exclude=None, fold=None, round=4, cross_validation=True, sort=R2, n_select=1, budget_time=None, turbo=True, errors=ignore, fit_kwargs=None, groups=None, experiment_custom_tags=None, probability_threshold=None, verbose=True, parallel=None, caller_params={'self': <pycaret.regression.oop.RegressionExperiment object at 0x0000025A046F78D0>, 'include': None, 'exclude': None, 'fold': None, 'round': 4, 'cross_validation': True, 'sort': 'R2', 'n_select': 1, 'budget_time': None, 'turbo': True, 'errors': 'ignore', 'fit_kwargs': None, 'groups': None, 'experiment_custom_tags': None, 'engine': None, 'verbose': True, 'parallel': None, '__class__': <class 'pycaret.regression.oop.RegressionExperiment'>})
2025-11-04 09:13:58,120:INFO:Checking exceptions
2025-11-04 09:13:58,125:INFO:Preparing display monitor
2025-11-04 09:13:58,159:INFO:Initializing Linear Regression
2025-11-04 09:13:58,159:INFO:Total runtime is 0.0 minutes
2025-11-04 09:13:58,164:INFO:SubProcess create_model() called ==================================
2025-11-04 09:13:58,164:INFO:Initializing create_model()
2025-11-04 09:13:58,164:INFO:create_model(self=<pycaret.regression.oop.RegressionExperiment object at 0x0000025A046F78D0>, estimator=lr, fold=KFold(n_splits=10, random_state=None, shuffle=False), round=4, cross_validation=True, predict=True, fit_kwargs={}, groups=None, refit=False, probability_threshold=None, experiment_custom_tags=None, verbose=False, system=False, add_to_model_list=True, metrics=None, display=<pycaret.internal.display.display.CommonDisplay object at 0x0000025A04642850>, model_only=True, return_train_score=False, error_score=0.0, kwargs={})
2025-11-04 09:13:58,164:INFO:Checking exceptions
2025-11-04 09:13:58,164:INFO:Importing libraries
2025-11-04 09:13:58,165:INFO:Copying training dataset
2025-11-04 09:13:58,177:INFO:Defining folds
2025-11-04 09:13:58,178:INFO:Declaring metric variables
2025-11-04 09:13:58,182:INFO:Importing untrained model
2025-11-04 09:13:58,186:INFO:Linear Regression Imported successfully
2025-11-04 09:13:58,193:INFO:Starting cross validation
2025-11-04 09:13:58,201:INFO:Cross validating with KFold(n_splits=10, random_state=None, shuffle=False), n_jobs=-1
2025-11-04 09:14:34,734:INFO:Calculating mean and std
2025-11-04 09:14:34,738:INFO:Creating metrics dataframe
2025-11-04 09:14:34,744:INFO:Uploading results into container
2025-11-04 09:14:34,747:INFO:Uploading model into container now
2025-11-04 09:14:34,748:INFO:_master_model_container: 1
2025-11-04 09:14:34,748:INFO:_display_container: 2
2025-11-04 09:14:34,749:INFO:LinearRegression(n_jobs=-1)
2025-11-04 09:14:34,749:INFO:create_model() successfully completed......................................
2025-11-04 09:14:35,288:INFO:SubProcess create_model() end ==================================
2025-11-04 09:14:35,288:INFO:Creating metrics dataframe
2025-11-04 09:14:35,296:INFO:Initializing Lasso Regression
2025-11-04 09:14:35,296:INFO:Total runtime is 0.6189600984255473 minutes
2025-11-04 09:14:35,299:INFO:SubProcess create_model() called ==================================
2025-11-04 09:14:35,300:INFO:Initializing create_model()
2025-11-04 09:14:35,300:INFO:create_model(self=<pycaret.regression.oop.RegressionExperiment object at 0x0000025A046F78D0>, estimator=lasso, fold=KFold(n_splits=10, random_state=None, shuffle=False), round=4, cross_validation=True, predict=True, fit_kwargs={}, groups=None, refit=False, probability_threshold=None, experiment_custom_tags=None, verbose=False, system=False, add_to_model_list=True, metrics=None, display=<pycaret.internal.display.display.CommonDisplay object at 0x0000025A04642850>, model_only=True, return_train_score=False, error_score=0.0, kwargs={})
2025-11-04 09:14:35,300:INFO:Checking exceptions
2025-11-04 09:14:35,301:INFO:Importing libraries
2025-11-04 09:14:35,301:INFO:Copying training dataset
2025-11-04 09:14:35,309:INFO:Defining folds
2025-11-04 09:14:35,309:INFO:Declaring metric variables
2025-11-04 09:14:35,314:INFO:Importing untrained model
2025-11-04 09:14:35,321:INFO:Lasso Regression Imported successfully
2025-11-04 09:14:35,330:INFO:Starting cross validation
2025-11-04 09:14:35,343:INFO:Cross validating with KFold(n_splits=10, random_state=None, shuffle=False), n_jobs=-1
2025-11-04 09:14:39,865:INFO:Calculating mean and std
2025-11-04 09:14:39,868:INFO:Creating metrics dataframe
2025-11-04 09:14:39,872:INFO:Uploading results into container
2025-11-04 09:14:39,874:INFO:Uploading model into container now
2025-11-04 09:14:39,875:INFO:_master_model_container: 2
2025-11-04 09:14:39,876:INFO:_display_container: 2
2025-11-04 09:14:39,876:INFO:Lasso(random_state=23)
2025-11-04 09:14:39,876:INFO:create_model() successfully completed......................................
2025-11-04 09:14:40,325:INFO:SubProcess create_model() end ==================================
2025-11-04 09:14:40,326:INFO:Creating metrics dataframe
2025-11-04 09:14:40,335:INFO:Initializing Ridge Regression
2025-11-04 09:14:40,335:INFO:Total runtime is 0.7029428084691366 minutes
2025-11-04 09:14:40,339:INFO:SubProcess create_model() called ==================================
2025-11-04 09:14:40,339:INFO:Initializing create_model()
2025-11-04 09:14:40,339:INFO:create_model(self=<pycaret.regression.oop.RegressionExperiment object at 0x0000025A046F78D0>, estimator=ridge, fold=KFold(n_splits=10, random_state=None, shuffle=False), round=4, cross_validation=True, predict=True, fit_kwargs={}, groups=None, refit=False, probability_threshold=None, experiment_custom_tags=None, verbose=False, system=False, add_to_model_list=True, metrics=None, display=<pycaret.internal.display.display.CommonDisplay object at 0x0000025A04642850>, model_only=True, return_train_score=False, error_score=0.0, kwargs={})
2025-11-04 09:14:40,340:INFO:Checking exceptions
2025-11-04 09:14:40,340:INFO:Importing libraries
2025-11-04 09:14:40,340:INFO:Copying training dataset
2025-11-04 09:14:40,348:INFO:Defining folds
2025-11-04 09:14:40,348:INFO:Declaring metric variables
2025-11-04 09:14:40,352:INFO:Importing untrained model
2025-11-04 09:14:40,358:INFO:Ridge Regression Imported successfully
2025-11-04 09:14:40,364:INFO:Starting cross validation
2025-11-04 09:14:40,375:INFO:Cross validating with KFold(n_splits=10, random_state=None, shuffle=False), n_jobs=-1
2025-11-04 09:14:41,140:INFO:Calculating mean and std
2025-11-04 09:14:41,141:INFO:Creating metrics dataframe
2025-11-04 09:14:41,143:INFO:Uploading results into container
2025-11-04 09:14:41,143:INFO:Uploading model into container now
2025-11-04 09:14:41,143:INFO:_master_model_container: 3
2025-11-04 09:14:41,143:INFO:_display_container: 2
2025-11-04 09:14:41,144:INFO:Ridge(random_state=23)
2025-11-04 09:14:41,144:INFO:create_model() successfully completed......................................
2025-11-04 09:14:41,567:INFO:SubProcess create_model() end ==================================
2025-11-04 09:14:41,568:INFO:Creating metrics dataframe
2025-11-04 09:14:41,575:INFO:Initializing Elastic Net
2025-11-04 09:14:41,575:INFO:Total runtime is 0.7236119429270427 minutes
2025-11-04 09:14:41,578:INFO:SubProcess create_model() called ==================================
2025-11-04 09:14:41,578:INFO:Initializing create_model()
2025-11-04 09:14:41,578:INFO:create_model(self=<pycaret.regression.oop.RegressionExperiment object at 0x0000025A046F78D0>, estimator=en, fold=KFold(n_splits=10, random_state=None, shuffle=False), round=4, cross_validation=True, predict=True, fit_kwargs={}, groups=None, refit=False, probability_threshold=None, experiment_custom_tags=None, verbose=False, system=False, add_to_model_list=True, metrics=None, display=<pycaret.internal.display.display.CommonDisplay object at 0x0000025A04642850>, model_only=True, return_train_score=False, error_score=0.0, kwargs={})
2025-11-04 09:14:41,578:INFO:Checking exceptions
2025-11-04 09:14:41,578:INFO:Importing libraries
2025-11-04 09:14:41,578:INFO:Copying training dataset
2025-11-04 09:14:41,585:INFO:Defining folds
2025-11-04 09:14:41,585:INFO:Declaring metric variables
2025-11-04 09:14:41,589:INFO:Importing untrained model
2025-11-04 09:14:41,593:INFO:Elastic Net Imported successfully
2025-11-04 09:14:41,598:INFO:Starting cross validation
2025-11-04 09:14:41,608:INFO:Cross validating with KFold(n_splits=10, random_state=None, shuffle=False), n_jobs=-1
2025-11-04 09:14:42,378:INFO:Calculating mean and std
2025-11-04 09:14:42,379:INFO:Creating metrics dataframe
2025-11-04 09:14:42,381:INFO:Uploading results into container
2025-11-04 09:14:42,381:INFO:Uploading model into container now
2025-11-04 09:14:42,382:INFO:_master_model_container: 4
2025-11-04 09:14:42,382:INFO:_display_container: 2
2025-11-04 09:14:42,382:INFO:ElasticNet(random_state=23)
2025-11-04 09:14:42,382:INFO:create_model() successfully completed......................................
2025-11-04 09:14:42,793:INFO:SubProcess create_model() end ==================================
2025-11-04 09:14:42,794:INFO:Creating metrics dataframe
2025-11-04 09:14:42,807:INFO:Initializing Least Angle Regression
2025-11-04 09:14:42,807:INFO:Total runtime is 0.7441350857416789 minutes
2025-11-04 09:14:42,811:INFO:SubProcess create_model() called ==================================
2025-11-04 09:14:42,811:INFO:Initializing create_model()
2025-11-04 09:14:42,811:INFO:create_model(self=<pycaret.regression.oop.RegressionExperiment object at 0x0000025A046F78D0>, estimator=lar, fold=KFold(n_splits=10, random_state=None, shuffle=False), round=4, cross_validation=True, predict=True, fit_kwargs={}, groups=None, refit=False, probability_threshold=None, experiment_custom_tags=None, verbose=False, system=False, add_to_model_list=True, metrics=None, display=<pycaret.internal.display.display.CommonDisplay object at 0x0000025A04642850>, model_only=True, return_train_score=False, error_score=0.0, kwargs={})
2025-11-04 09:14:42,811:INFO:Checking exceptions
2025-11-04 09:14:42,811:INFO:Importing libraries
2025-11-04 09:14:42,811:INFO:Copying training dataset
2025-11-04 09:14:42,819:INFO:Defining folds
2025-11-04 09:14:42,819:INFO:Declaring metric variables
2025-11-04 09:14:42,822:INFO:Importing untrained model
2025-11-04 09:14:42,825:INFO:Least Angle Regression Imported successfully
2025-11-04 09:14:42,830:INFO:Starting cross validation
2025-11-04 09:14:42,841:INFO:Cross validating with KFold(n_splits=10, random_state=None, shuffle=False), n_jobs=-1
2025-11-04 09:14:43,582:INFO:Calculating mean and std
2025-11-04 09:14:43,584:INFO:Creating metrics dataframe
2025-11-04 09:14:43,586:INFO:Uploading results into container
2025-11-04 09:14:43,586:INFO:Uploading model into container now
2025-11-04 09:14:43,587:INFO:_master_model_container: 5
2025-11-04 09:14:43,587:INFO:_display_container: 2
2025-11-04 09:14:43,587:INFO:Lars(random_state=23)
2025-11-04 09:14:43,587:INFO:create_model() successfully completed......................................
2025-11-04 09:14:43,980:INFO:SubProcess create_model() end ==================================
2025-11-04 09:14:43,980:INFO:Creating metrics dataframe
2025-11-04 09:14:43,989:INFO:Initializing Lasso Least Angle Regression
2025-11-04 09:14:43,990:INFO:Total runtime is 0.7638405998547871 minutes
2025-11-04 09:14:43,994:INFO:SubProcess create_model() called ==================================
2025-11-04 09:14:43,995:INFO:Initializing create_model()
2025-11-04 09:14:43,995:INFO:create_model(self=<pycaret.regression.oop.RegressionExperiment object at 0x0000025A046F78D0>, estimator=llar, fold=KFold(n_splits=10, random_state=None, shuffle=False), round=4, cross_validation=True, predict=True, fit_kwargs={}, groups=None, refit=False, probability_threshold=None, experiment_custom_tags=None, verbose=False, system=False, add_to_model_list=True, metrics=None, display=<pycaret.internal.display.display.CommonDisplay object at 0x0000025A04642850>, model_only=True, return_train_score=False, error_score=0.0, kwargs={})
2025-11-04 09:14:43,995:INFO:Checking exceptions
2025-11-04 09:14:43,995:INFO:Importing libraries
2025-11-04 09:14:43,995:INFO:Copying training dataset
2025-11-04 09:14:44,009:INFO:Defining folds
2025-11-04 09:14:44,009:INFO:Declaring metric variables
2025-11-04 09:14:44,014:INFO:Importing untrained model
2025-11-04 09:14:44,020:INFO:Lasso Least Angle Regression Imported successfully
2025-11-04 09:14:44,029:INFO:Starting cross validation
2025-11-04 09:14:44,037:INFO:Cross validating with KFold(n_splits=10, random_state=None, shuffle=False), n_jobs=-1
2025-11-04 09:14:44,789:INFO:Calculating mean and std
2025-11-04 09:14:44,790:INFO:Creating metrics dataframe
2025-11-04 09:14:44,792:INFO:Uploading results into container
2025-11-04 09:14:44,792:INFO:Uploading model into container now
2025-11-04 09:14:44,793:INFO:_master_model_container: 6
2025-11-04 09:14:44,793:INFO:_display_container: 2
2025-11-04 09:14:44,793:INFO:LassoLars(random_state=23)
2025-11-04 09:14:44,793:INFO:create_model() successfully completed......................................
2025-11-04 09:14:45,225:INFO:SubProcess create_model() end ==================================
2025-11-04 09:14:45,225:INFO:Creating metrics dataframe
2025-11-04 09:14:45,240:INFO:Initializing Orthogonal Matching Pursuit
2025-11-04 09:14:45,240:INFO:Total runtime is 0.7846855362256367 minutes
2025-11-04 09:14:45,245:INFO:SubProcess create_model() called ==================================
2025-11-04 09:14:45,246:INFO:Initializing create_model()
2025-11-04 09:14:45,246:INFO:create_model(self=<pycaret.regression.oop.RegressionExperiment object at 0x0000025A046F78D0>, estimator=omp, fold=KFold(n_splits=10, random_state=None, shuffle=False), round=4, cross_validation=True, predict=True, fit_kwargs={}, groups=None, refit=False, probability_threshold=None, experiment_custom_tags=None, verbose=False, system=False, add_to_model_list=True, metrics=None, display=<pycaret.internal.display.display.CommonDisplay object at 0x0000025A04642850>, model_only=True, return_train_score=False, error_score=0.0, kwargs={})
2025-11-04 09:14:45,246:INFO:Checking exceptions
2025-11-04 09:14:45,246:INFO:Importing libraries
2025-11-04 09:14:45,246:INFO:Copying training dataset
2025-11-04 09:14:45,257:INFO:Defining folds
2025-11-04 09:14:45,257:INFO:Declaring metric variables
2025-11-04 09:14:45,261:INFO:Importing untrained model
2025-11-04 09:14:45,267:INFO:Orthogonal Matching Pursuit Imported successfully
2025-11-04 09:14:45,274:INFO:Starting cross validation
2025-11-04 09:14:45,286:INFO:Cross validating with KFold(n_splits=10, random_state=None, shuffle=False), n_jobs=-1
2025-11-04 09:14:46,063:INFO:Calculating mean and std
2025-11-04 09:14:46,065:INFO:Creating metrics dataframe
2025-11-04 09:14:46,067:INFO:Uploading results into container
2025-11-04 09:14:46,068:INFO:Uploading model into container now
2025-11-04 09:14:46,068:INFO:_master_model_container: 7
2025-11-04 09:14:46,068:INFO:_display_container: 2
2025-11-04 09:14:46,068:INFO:OrthogonalMatchingPursuit()
2025-11-04 09:14:46,068:INFO:create_model() successfully completed......................................
2025-11-04 09:14:46,512:INFO:SubProcess create_model() end ==================================
2025-11-04 09:14:46,513:INFO:Creating metrics dataframe
2025-11-04 09:14:46,526:INFO:Initializing Bayesian Ridge
2025-11-04 09:14:46,526:INFO:Total runtime is 0.8061239918073018 minutes
2025-11-04 09:14:46,529:INFO:SubProcess create_model() called ==================================
2025-11-04 09:14:46,530:INFO:Initializing create_model()
2025-11-04 09:14:46,530:INFO:create_model(self=<pycaret.regression.oop.RegressionExperiment object at 0x0000025A046F78D0>, estimator=br, fold=KFold(n_splits=10, random_state=None, shuffle=False), round=4, cross_validation=True, predict=True, fit_kwargs={}, groups=None, refit=False, probability_threshold=None, experiment_custom_tags=None, verbose=False, system=False, add_to_model_list=True, metrics=None, display=<pycaret.internal.display.display.CommonDisplay object at 0x0000025A04642850>, model_only=True, return_train_score=False, error_score=0.0, kwargs={})
2025-11-04 09:14:46,530:INFO:Checking exceptions
2025-11-04 09:14:46,530:INFO:Importing libraries
2025-11-04 09:14:46,530:INFO:Copying training dataset
2025-11-04 09:14:46,540:INFO:Defining folds
2025-11-04 09:14:46,540:INFO:Declaring metric variables
2025-11-04 09:14:46,543:INFO:Importing untrained model
2025-11-04 09:14:46,547:INFO:Bayesian Ridge Imported successfully
2025-11-04 09:14:46,554:INFO:Starting cross validation
2025-11-04 09:14:46,563:INFO:Cross validating with KFold(n_splits=10, random_state=None, shuffle=False), n_jobs=-1
2025-11-04 09:14:47,290:INFO:Calculating mean and std
2025-11-04 09:14:47,291:INFO:Creating metrics dataframe
2025-11-04 09:14:47,293:INFO:Uploading results into container
2025-11-04 09:14:47,293:INFO:Uploading model into container now
2025-11-04 09:14:47,294:INFO:_master_model_container: 8
2025-11-04 09:14:47,294:INFO:_display_container: 2
2025-11-04 09:14:47,294:INFO:BayesianRidge()
2025-11-04 09:14:47,294:INFO:create_model() successfully completed......................................
2025-11-04 09:14:47,711:INFO:SubProcess create_model() end ==================================
2025-11-04 09:14:47,711:INFO:Creating metrics dataframe
2025-11-04 09:14:47,733:INFO:Initializing Passive Aggressive Regressor
2025-11-04 09:14:47,734:INFO:Total runtime is 0.8262364308039346 minutes
2025-11-04 09:14:47,742:INFO:SubProcess create_model() called ==================================
2025-11-04 09:14:47,742:INFO:Initializing create_model()
2025-11-04 09:14:47,742:INFO:create_model(self=<pycaret.regression.oop.RegressionExperiment object at 0x0000025A046F78D0>, estimator=par, fold=KFold(n_splits=10, random_state=None, shuffle=False), round=4, cross_validation=True, predict=True, fit_kwargs={}, groups=None, refit=False, probability_threshold=None, experiment_custom_tags=None, verbose=False, system=False, add_to_model_list=True, metrics=None, display=<pycaret.internal.display.display.CommonDisplay object at 0x0000025A04642850>, model_only=True, return_train_score=False, error_score=0.0, kwargs={})
2025-11-04 09:14:47,743:INFO:Checking exceptions
2025-11-04 09:14:47,743:INFO:Importing libraries
2025-11-04 09:14:47,743:INFO:Copying training dataset
2025-11-04 09:14:47,765:INFO:Defining folds
2025-11-04 09:14:47,766:INFO:Declaring metric variables
2025-11-04 09:14:47,774:INFO:Importing untrained model
2025-11-04 09:14:47,782:INFO:Passive Aggressive Regressor Imported successfully
2025-11-04 09:14:47,791:INFO:Starting cross validation
2025-11-04 09:14:47,802:INFO:Cross validating with KFold(n_splits=10, random_state=None, shuffle=False), n_jobs=-1
2025-11-04 09:14:48,600:INFO:Calculating mean and std
2025-11-04 09:14:48,601:INFO:Creating metrics dataframe
2025-11-04 09:14:48,604:INFO:Uploading results into container
2025-11-04 09:14:48,605:INFO:Uploading model into container now
2025-11-04 09:14:48,606:INFO:_master_model_container: 9
2025-11-04 09:14:48,606:INFO:_display_container: 2
2025-11-04 09:14:48,606:INFO:PassiveAggressiveRegressor(random_state=23)
2025-11-04 09:14:48,606:INFO:create_model() successfully completed......................................
2025-11-04 09:14:49,043:INFO:SubProcess create_model() end ==================================
2025-11-04 09:14:49,043:INFO:Creating metrics dataframe
2025-11-04 09:14:49,068:INFO:Initializing Huber Regressor
2025-11-04 09:14:49,069:INFO:Total runtime is 0.8484923601150511 minutes
2025-11-04 09:14:49,079:INFO:SubProcess create_model() called ==================================
2025-11-04 09:14:49,080:INFO:Initializing create_model()
2025-11-04 09:14:49,080:INFO:create_model(self=<pycaret.regression.oop.RegressionExperiment object at 0x0000025A046F78D0>, estimator=huber, fold=KFold(n_splits=10, random_state=None, shuffle=False), round=4, cross_validation=True, predict=True, fit_kwargs={}, groups=None, refit=False, probability_threshold=None, experiment_custom_tags=None, verbose=False, system=False, add_to_model_list=True, metrics=None, display=<pycaret.internal.display.display.CommonDisplay object at 0x0000025A04642850>, model_only=True, return_train_score=False, error_score=0.0, kwargs={})
2025-11-04 09:14:49,080:INFO:Checking exceptions
2025-11-04 09:14:49,080:INFO:Importing libraries
2025-11-04 09:14:49,080:INFO:Copying training dataset
2025-11-04 09:14:49,101:INFO:Defining folds
2025-11-04 09:14:49,101:INFO:Declaring metric variables
2025-11-04 09:14:49,107:INFO:Importing untrained model
2025-11-04 09:14:49,112:INFO:Huber Regressor Imported successfully
2025-11-04 09:14:49,119:INFO:Starting cross validation
2025-11-04 09:14:49,129:INFO:Cross validating with KFold(n_splits=10, random_state=None, shuffle=False), n_jobs=-1
2025-11-04 09:14:49,914:INFO:Calculating mean and std
2025-11-04 09:14:49,915:INFO:Creating metrics dataframe
2025-11-04 09:14:49,916:INFO:Uploading results into container
2025-11-04 09:14:49,917:INFO:Uploading model into container now
2025-11-04 09:14:49,917:INFO:_master_model_container: 10
2025-11-04 09:14:49,917:INFO:_display_container: 2
2025-11-04 09:14:49,917:INFO:HuberRegressor()
2025-11-04 09:14:49,917:INFO:create_model() successfully completed......................................
2025-11-04 09:14:50,322:INFO:SubProcess create_model() end ==================================
2025-11-04 09:14:50,322:INFO:Creating metrics dataframe
2025-11-04 09:14:50,335:INFO:Initializing K Neighbors Regressor
2025-11-04 09:14:50,335:INFO:Total runtime is 0.869614255428314 minutes
2025-11-04 09:14:50,341:INFO:SubProcess create_model() called ==================================
2025-11-04 09:14:50,341:INFO:Initializing create_model()
2025-11-04 09:14:50,342:INFO:create_model(self=<pycaret.regression.oop.RegressionExperiment object at 0x0000025A046F78D0>, estimator=knn, fold=KFold(n_splits=10, random_state=None, shuffle=False), round=4, cross_validation=True, predict=True, fit_kwargs={}, groups=None, refit=False, probability_threshold=None, experiment_custom_tags=None, verbose=False, system=False, add_to_model_list=True, metrics=None, display=<pycaret.internal.display.display.CommonDisplay object at 0x0000025A04642850>, model_only=True, return_train_score=False, error_score=0.0, kwargs={})
2025-11-04 09:14:50,342:INFO:Checking exceptions
2025-11-04 09:14:50,342:INFO:Importing libraries
2025-11-04 09:14:50,342:INFO:Copying training dataset
2025-11-04 09:14:50,356:INFO:Defining folds
2025-11-04 09:14:50,357:INFO:Declaring metric variables
2025-11-04 09:14:50,360:INFO:Importing untrained model
2025-11-04 09:14:50,365:INFO:K Neighbors Regressor Imported successfully
2025-11-04 09:14:50,372:INFO:Starting cross validation
2025-11-04 09:14:50,380:INFO:Cross validating with KFold(n_splits=10, random_state=None, shuffle=False), n_jobs=-1
2025-11-04 09:14:51,253:INFO:Calculating mean and std
2025-11-04 09:14:51,255:INFO:Creating metrics dataframe
2025-11-04 09:14:51,256:INFO:Uploading results into container
2025-11-04 09:14:51,257:INFO:Uploading model into container now
2025-11-04 09:14:51,257:INFO:_master_model_container: 11
2025-11-04 09:14:51,257:INFO:_display_container: 2
2025-11-04 09:14:51,258:INFO:KNeighborsRegressor(n_jobs=-1)
2025-11-04 09:14:51,258:INFO:create_model() successfully completed......................................
2025-11-04 09:14:51,695:INFO:SubProcess create_model() end ==================================
2025-11-04 09:14:51,695:INFO:Creating metrics dataframe
2025-11-04 09:14:51,704:INFO:Initializing Decision Tree Regressor
2025-11-04 09:14:51,705:INFO:Total runtime is 0.8924341440200804 minutes
2025-11-04 09:14:51,708:INFO:SubProcess create_model() called ==================================
2025-11-04 09:14:51,708:INFO:Initializing create_model()
2025-11-04 09:14:51,708:INFO:create_model(self=<pycaret.regression.oop.RegressionExperiment object at 0x0000025A046F78D0>, estimator=dt, fold=KFold(n_splits=10, random_state=None, shuffle=False), round=4, cross_validation=True, predict=True, fit_kwargs={}, groups=None, refit=False, probability_threshold=None, experiment_custom_tags=None, verbose=False, system=False, add_to_model_list=True, metrics=None, display=<pycaret.internal.display.display.CommonDisplay object at 0x0000025A04642850>, model_only=True, return_train_score=False, error_score=0.0, kwargs={})
2025-11-04 09:14:51,709:INFO:Checking exceptions
2025-11-04 09:14:51,709:INFO:Importing libraries
2025-11-04 09:14:51,709:INFO:Copying training dataset
2025-11-04 09:14:51,718:INFO:Defining folds
2025-11-04 09:14:51,719:INFO:Declaring metric variables
2025-11-04 09:14:51,722:INFO:Importing untrained model
2025-11-04 09:14:51,725:INFO:Decision Tree Regressor Imported successfully
2025-11-04 09:14:51,730:INFO:Starting cross validation
2025-11-04 09:14:51,738:INFO:Cross validating with KFold(n_splits=10, random_state=None, shuffle=False), n_jobs=-1
2025-11-04 09:14:52,581:INFO:Calculating mean and std
2025-11-04 09:14:52,582:INFO:Creating metrics dataframe
2025-11-04 09:14:52,586:INFO:Uploading results into container
2025-11-04 09:14:52,587:INFO:Uploading model into container now
2025-11-04 09:14:52,587:INFO:_master_model_container: 12
2025-11-04 09:14:52,587:INFO:_display_container: 2
2025-11-04 09:14:52,588:INFO:DecisionTreeRegressor(random_state=23)
2025-11-04 09:14:52,588:INFO:create_model() successfully completed......................................
2025-11-04 09:14:53,035:INFO:SubProcess create_model() end ==================================
2025-11-04 09:14:53,035:INFO:Creating metrics dataframe
2025-11-04 09:14:53,045:INFO:Initializing Random Forest Regressor
2025-11-04 09:14:53,046:INFO:Total runtime is 0.9147949934005736 minutes
2025-11-04 09:14:53,053:INFO:SubProcess create_model() called ==================================
2025-11-04 09:14:53,053:INFO:Initializing create_model()
2025-11-04 09:14:53,053:INFO:create_model(self=<pycaret.regression.oop.RegressionExperiment object at 0x0000025A046F78D0>, estimator=rf, fold=KFold(n_splits=10, random_state=None, shuffle=False), round=4, cross_validation=True, predict=True, fit_kwargs={}, groups=None, refit=False, probability_threshold=None, experiment_custom_tags=None, verbose=False, system=False, add_to_model_list=True, metrics=None, display=<pycaret.internal.display.display.CommonDisplay object at 0x0000025A04642850>, model_only=True, return_train_score=False, error_score=0.0, kwargs={})
2025-11-04 09:14:53,054:INFO:Checking exceptions
2025-11-04 09:14:53,054:INFO:Importing libraries
2025-11-04 09:14:53,054:INFO:Copying training dataset
2025-11-04 09:14:53,071:INFO:Defining folds
2025-11-04 09:14:53,071:INFO:Declaring metric variables
2025-11-04 09:14:53,076:INFO:Importing untrained model
2025-11-04 09:14:53,082:INFO:Random Forest Regressor Imported successfully
2025-11-04 09:14:53,091:INFO:Starting cross validation
2025-11-04 09:14:53,103:INFO:Cross validating with KFold(n_splits=10, random_state=None, shuffle=False), n_jobs=-1
2025-11-04 09:14:55,415:INFO:Calculating mean and std
2025-11-04 09:14:55,416:INFO:Creating metrics dataframe
2025-11-04 09:14:55,418:INFO:Uploading results into container
2025-11-04 09:14:55,419:INFO:Uploading model into container now
2025-11-04 09:14:55,419:INFO:_master_model_container: 13
2025-11-04 09:14:55,419:INFO:_display_container: 2
2025-11-04 09:14:55,420:INFO:RandomForestRegressor(n_jobs=-1, random_state=23)
2025-11-04 09:14:55,420:INFO:create_model() successfully completed......................................
2025-11-04 09:14:55,849:INFO:SubProcess create_model() end ==================================
2025-11-04 09:14:55,850:INFO:Creating metrics dataframe
2025-11-04 09:14:55,863:INFO:Initializing Extra Trees Regressor
2025-11-04 09:14:55,863:INFO:Total runtime is 0.9617315332094827 minutes
2025-11-04 09:14:55,869:INFO:SubProcess create_model() called ==================================
2025-11-04 09:14:55,869:INFO:Initializing create_model()
2025-11-04 09:14:55,869:INFO:create_model(self=<pycaret.regression.oop.RegressionExperiment object at 0x0000025A046F78D0>, estimator=et, fold=KFold(n_splits=10, random_state=None, shuffle=False), round=4, cross_validation=True, predict=True, fit_kwargs={}, groups=None, refit=False, probability_threshold=None, experiment_custom_tags=None, verbose=False, system=False, add_to_model_list=True, metrics=None, display=<pycaret.internal.display.display.CommonDisplay object at 0x0000025A04642850>, model_only=True, return_train_score=False, error_score=0.0, kwargs={})
2025-11-04 09:14:55,870:INFO:Checking exceptions
2025-11-04 09:14:55,870:INFO:Importing libraries
2025-11-04 09:14:55,870:INFO:Copying training dataset
2025-11-04 09:14:55,883:INFO:Defining folds
2025-11-04 09:14:55,883:INFO:Declaring metric variables
2025-11-04 09:14:55,888:INFO:Importing untrained model
2025-11-04 09:14:55,892:INFO:Extra Trees Regressor Imported successfully
2025-11-04 09:14:55,897:INFO:Starting cross validation
2025-11-04 09:14:55,909:INFO:Cross validating with KFold(n_splits=10, random_state=None, shuffle=False), n_jobs=-1
2025-11-04 09:14:58,017:INFO:Calculating mean and std
2025-11-04 09:14:58,018:INFO:Creating metrics dataframe
2025-11-04 09:14:58,020:INFO:Uploading results into container
2025-11-04 09:14:58,021:INFO:Uploading model into container now
2025-11-04 09:14:58,021:INFO:_master_model_container: 14
2025-11-04 09:14:58,021:INFO:_display_container: 2
2025-11-04 09:14:58,022:INFO:ExtraTreesRegressor(n_jobs=-1, random_state=23)
2025-11-04 09:14:58,022:INFO:create_model() successfully completed......................................
2025-11-04 09:14:58,437:INFO:SubProcess create_model() end ==================================
2025-11-04 09:14:58,437:INFO:Creating metrics dataframe
2025-11-04 09:14:58,447:INFO:Initializing AdaBoost Regressor
2025-11-04 09:14:58,447:INFO:Total runtime is 1.0048028310139971 minutes
2025-11-04 09:14:58,454:INFO:SubProcess create_model() called ==================================
2025-11-04 09:14:58,454:INFO:Initializing create_model()
2025-11-04 09:14:58,454:INFO:create_model(self=<pycaret.regression.oop.RegressionExperiment object at 0x0000025A046F78D0>, estimator=ada, fold=KFold(n_splits=10, random_state=None, shuffle=False), round=4, cross_validation=True, predict=True, fit_kwargs={}, groups=None, refit=False, probability_threshold=None, experiment_custom_tags=None, verbose=False, system=False, add_to_model_list=True, metrics=None, display=<pycaret.internal.display.display.CommonDisplay object at 0x0000025A04642850>, model_only=True, return_train_score=False, error_score=0.0, kwargs={})
2025-11-04 09:14:58,454:INFO:Checking exceptions
2025-11-04 09:14:58,455:INFO:Importing libraries
2025-11-04 09:14:58,455:INFO:Copying training dataset
2025-11-04 09:14:58,470:INFO:Defining folds
2025-11-04 09:14:58,471:INFO:Declaring metric variables
2025-11-04 09:14:58,479:INFO:Importing untrained model
2025-11-04 09:14:58,489:INFO:AdaBoost Regressor Imported successfully
2025-11-04 09:14:58,502:INFO:Starting cross validation
2025-11-04 09:14:58,520:INFO:Cross validating with KFold(n_splits=10, random_state=None, shuffle=False), n_jobs=-1
2025-11-04 09:14:59,438:INFO:Calculating mean and std
2025-11-04 09:14:59,439:INFO:Creating metrics dataframe
2025-11-04 09:14:59,442:INFO:Uploading results into container
2025-11-04 09:14:59,443:INFO:Uploading model into container now
2025-11-04 09:14:59,443:INFO:_master_model_container: 15
2025-11-04 09:14:59,443:INFO:_display_container: 2
2025-11-04 09:14:59,444:INFO:AdaBoostRegressor(random_state=23)
2025-11-04 09:14:59,444:INFO:create_model() successfully completed......................................
2025-11-04 09:14:59,914:INFO:SubProcess create_model() end ==================================
2025-11-04 09:14:59,914:INFO:Creating metrics dataframe
2025-11-04 09:14:59,934:INFO:Initializing Gradient Boosting Regressor
2025-11-04 09:14:59,934:INFO:Total runtime is 1.029586060841878 minutes
2025-11-04 09:14:59,941:INFO:SubProcess create_model() called ==================================
2025-11-04 09:14:59,941:INFO:Initializing create_model()
2025-11-04 09:14:59,941:INFO:create_model(self=<pycaret.regression.oop.RegressionExperiment object at 0x0000025A046F78D0>, estimator=gbr, fold=KFold(n_splits=10, random_state=None, shuffle=False), round=4, cross_validation=True, predict=True, fit_kwargs={}, groups=None, refit=False, probability_threshold=None, experiment_custom_tags=None, verbose=False, system=False, add_to_model_list=True, metrics=None, display=<pycaret.internal.display.display.CommonDisplay object at 0x0000025A04642850>, model_only=True, return_train_score=False, error_score=0.0, kwargs={})
2025-11-04 09:14:59,941:INFO:Checking exceptions
2025-11-04 09:14:59,941:INFO:Importing libraries
2025-11-04 09:14:59,941:INFO:Copying training dataset
2025-11-04 09:14:59,956:INFO:Defining folds
2025-11-04 09:14:59,957:INFO:Declaring metric variables
2025-11-04 09:14:59,961:INFO:Importing untrained model
2025-11-04 09:14:59,965:INFO:Gradient Boosting Regressor Imported successfully
2025-11-04 09:14:59,972:INFO:Starting cross validation
2025-11-04 09:14:59,980:INFO:Cross validating with KFold(n_splits=10, random_state=None, shuffle=False), n_jobs=-1
2025-11-04 09:15:01,581:INFO:Calculating mean and std
2025-11-04 09:15:01,582:INFO:Creating metrics dataframe
2025-11-04 09:15:01,584:INFO:Uploading results into container
2025-11-04 09:15:01,584:INFO:Uploading model into container now
2025-11-04 09:15:01,585:INFO:_master_model_container: 16
2025-11-04 09:15:01,585:INFO:_display_container: 2
2025-11-04 09:15:01,585:INFO:GradientBoostingRegressor(random_state=23)
2025-11-04 09:15:01,585:INFO:create_model() successfully completed......................................
2025-11-04 09:15:02,033:INFO:SubProcess create_model() end ==================================
2025-11-04 09:15:02,034:INFO:Creating metrics dataframe
2025-11-04 09:15:02,054:INFO:Initializing Extreme Gradient Boosting
2025-11-04 09:15:02,054:INFO:Total runtime is 1.0649293144543963 minutes
2025-11-04 09:15:02,060:INFO:SubProcess create_model() called ==================================
2025-11-04 09:15:02,061:INFO:Initializing create_model()
2025-11-04 09:15:02,061:INFO:create_model(self=<pycaret.regression.oop.RegressionExperiment object at 0x0000025A046F78D0>, estimator=xgboost, fold=KFold(n_splits=10, random_state=None, shuffle=False), round=4, cross_validation=True, predict=True, fit_kwargs={}, groups=None, refit=False, probability_threshold=None, experiment_custom_tags=None, verbose=False, system=False, add_to_model_list=True, metrics=None, display=<pycaret.internal.display.display.CommonDisplay object at 0x0000025A04642850>, model_only=True, return_train_score=False, error_score=0.0, kwargs={})
2025-11-04 09:15:02,061:INFO:Checking exceptions
2025-11-04 09:15:02,061:INFO:Importing libraries
2025-11-04 09:15:02,062:INFO:Copying training dataset
2025-11-04 09:15:02,076:INFO:Defining folds
2025-11-04 09:15:02,076:INFO:Declaring metric variables
2025-11-04 09:15:02,082:INFO:Importing untrained model
2025-11-04 09:15:02,086:INFO:Extreme Gradient Boosting Imported successfully
2025-11-04 09:15:02,094:INFO:Starting cross validation
2025-11-04 09:15:02,105:INFO:Cross validating with KFold(n_splits=10, random_state=None, shuffle=False), n_jobs=-1
2025-11-04 09:15:04,269:INFO:Calculating mean and std
2025-11-04 09:15:04,271:INFO:Creating metrics dataframe
2025-11-04 09:15:04,274:INFO:Uploading results into container
2025-11-04 09:15:04,274:INFO:Uploading model into container now
2025-11-04 09:15:04,276:INFO:_master_model_container: 17
2025-11-04 09:15:04,276:INFO:_display_container: 2
2025-11-04 09:15:04,276:INFO:XGBRegressor(base_score=None, booster='gbtree', callbacks=None,
             colsample_bylevel=None, colsample_bynode=None,
             colsample_bytree=None, device='cpu', early_stopping_rounds=None,
             enable_categorical=False, eval_metric=None, feature_types=None,
             feature_weights=None, gamma=None, grow_policy=None,
             importance_type=None, interaction_constraints=None,
             learning_rate=None, max_bin=None, max_cat_threshold=None,
             max_cat_to_onehot=None, max_delta_step=None, max_depth=None,
             max_leaves=None, min_child_weight=None, missing=nan,
             monotone_constraints=None, multi_strategy=None, n_estimators=None,
             n_jobs=-1, num_parallel_tree=None, ...)
2025-11-04 09:15:04,276:INFO:create_model() successfully completed......................................
2025-11-04 09:15:04,684:INFO:SubProcess create_model() end ==================================
2025-11-04 09:15:04,685:INFO:Creating metrics dataframe
2025-11-04 09:15:04,693:INFO:Initializing Light Gradient Boosting Machine
2025-11-04 09:15:04,693:INFO:Total runtime is 1.1089135050773617 minutes
2025-11-04 09:15:04,697:INFO:SubProcess create_model() called ==================================
2025-11-04 09:15:04,698:INFO:Initializing create_model()
2025-11-04 09:15:04,698:INFO:create_model(self=<pycaret.regression.oop.RegressionExperiment object at 0x0000025A046F78D0>, estimator=lightgbm, fold=KFold(n_splits=10, random_state=None, shuffle=False), round=4, cross_validation=True, predict=True, fit_kwargs={}, groups=None, refit=False, probability_threshold=None, experiment_custom_tags=None, verbose=False, system=False, add_to_model_list=True, metrics=None, display=<pycaret.internal.display.display.CommonDisplay object at 0x0000025A04642850>, model_only=True, return_train_score=False, error_score=0.0, kwargs={})
2025-11-04 09:15:04,698:INFO:Checking exceptions
2025-11-04 09:15:04,698:INFO:Importing libraries
2025-11-04 09:15:04,698:INFO:Copying training dataset
2025-11-04 09:15:04,709:INFO:Defining folds
2025-11-04 09:15:04,709:INFO:Declaring metric variables
2025-11-04 09:15:04,713:INFO:Importing untrained model
2025-11-04 09:15:04,716:INFO:Light Gradient Boosting Machine Imported successfully
2025-11-04 09:15:04,722:INFO:Starting cross validation
2025-11-04 09:15:04,728:INFO:Cross validating with KFold(n_splits=10, random_state=None, shuffle=False), n_jobs=-1
2025-11-04 09:15:06,227:INFO:Calculating mean and std
2025-11-04 09:15:06,228:INFO:Creating metrics dataframe
2025-11-04 09:15:06,231:INFO:Uploading results into container
2025-11-04 09:15:06,231:INFO:Uploading model into container now
2025-11-04 09:15:06,232:INFO:_master_model_container: 18
2025-11-04 09:15:06,232:INFO:_display_container: 2
2025-11-04 09:15:06,233:INFO:LGBMRegressor(n_jobs=-1, random_state=23)
2025-11-04 09:15:06,233:INFO:create_model() successfully completed......................................
2025-11-04 09:15:06,624:INFO:SubProcess create_model() end ==================================
2025-11-04 09:15:06,624:INFO:Creating metrics dataframe
2025-11-04 09:15:06,635:INFO:Initializing CatBoost Regressor
2025-11-04 09:15:06,635:INFO:Total runtime is 1.1412665168444311 minutes
2025-11-04 09:15:06,638:INFO:SubProcess create_model() called ==================================
2025-11-04 09:15:06,638:INFO:Initializing create_model()
2025-11-04 09:15:06,638:INFO:create_model(self=<pycaret.regression.oop.RegressionExperiment object at 0x0000025A046F78D0>, estimator=catboost, fold=KFold(n_splits=10, random_state=None, shuffle=False), round=4, cross_validation=True, predict=True, fit_kwargs={}, groups=None, refit=False, probability_threshold=None, experiment_custom_tags=None, verbose=False, system=False, add_to_model_list=True, metrics=None, display=<pycaret.internal.display.display.CommonDisplay object at 0x0000025A04642850>, model_only=True, return_train_score=False, error_score=0.0, kwargs={})
2025-11-04 09:15:06,638:INFO:Checking exceptions
2025-11-04 09:15:06,638:INFO:Importing libraries
2025-11-04 09:15:06,638:INFO:Copying training dataset
2025-11-04 09:15:06,647:INFO:Defining folds
2025-11-04 09:15:06,647:INFO:Declaring metric variables
2025-11-04 09:15:06,651:INFO:Importing untrained model
2025-11-04 09:15:06,654:INFO:CatBoost Regressor Imported successfully
2025-11-04 09:15:06,659:INFO:Starting cross validation
2025-11-04 09:15:06,668:INFO:Cross validating with KFold(n_splits=10, random_state=None, shuffle=False), n_jobs=-1
2025-11-04 09:15:18,835:INFO:Calculating mean and std
2025-11-04 09:15:18,836:INFO:Creating metrics dataframe
2025-11-04 09:15:18,838:INFO:Uploading results into container
2025-11-04 09:15:18,839:INFO:Uploading model into container now
2025-11-04 09:15:18,839:INFO:_master_model_container: 19
2025-11-04 09:15:18,839:INFO:_display_container: 2
2025-11-04 09:15:18,840:INFO:<catboost.core.CatBoostRegressor object at 0x0000025A01601ED0>
2025-11-04 09:15:18,840:INFO:create_model() successfully completed......................................
2025-11-04 09:15:19,261:INFO:SubProcess create_model() end ==================================
2025-11-04 09:15:19,261:INFO:Creating metrics dataframe
2025-11-04 09:15:19,283:INFO:Initializing Dummy Regressor
2025-11-04 09:15:19,283:INFO:Total runtime is 1.3520709315935766 minutes
2025-11-04 09:15:19,289:INFO:SubProcess create_model() called ==================================
2025-11-04 09:15:19,290:INFO:Initializing create_model()
2025-11-04 09:15:19,290:INFO:create_model(self=<pycaret.regression.oop.RegressionExperiment object at 0x0000025A046F78D0>, estimator=dummy, fold=KFold(n_splits=10, random_state=None, shuffle=False), round=4, cross_validation=True, predict=True, fit_kwargs={}, groups=None, refit=False, probability_threshold=None, experiment_custom_tags=None, verbose=False, system=False, add_to_model_list=True, metrics=None, display=<pycaret.internal.display.display.CommonDisplay object at 0x0000025A04642850>, model_only=True, return_train_score=False, error_score=0.0, kwargs={})
2025-11-04 09:15:19,291:INFO:Checking exceptions
2025-11-04 09:15:19,291:INFO:Importing libraries
2025-11-04 09:15:19,291:INFO:Copying training dataset
2025-11-04 09:15:19,305:INFO:Defining folds
2025-11-04 09:15:19,305:INFO:Declaring metric variables
2025-11-04 09:15:19,312:INFO:Importing untrained model
2025-11-04 09:15:19,318:INFO:Dummy Regressor Imported successfully
2025-11-04 09:15:19,327:INFO:Starting cross validation
2025-11-04 09:15:19,340:INFO:Cross validating with KFold(n_splits=10, random_state=None, shuffle=False), n_jobs=-1
2025-11-04 09:15:20,102:INFO:Calculating mean and std
2025-11-04 09:15:20,103:INFO:Creating metrics dataframe
2025-11-04 09:15:20,105:INFO:Uploading results into container
2025-11-04 09:15:20,105:INFO:Uploading model into container now
2025-11-04 09:15:20,106:INFO:_master_model_container: 20
2025-11-04 09:15:20,106:INFO:_display_container: 2
2025-11-04 09:15:20,106:INFO:DummyRegressor()
2025-11-04 09:15:20,106:INFO:create_model() successfully completed......................................
2025-11-04 09:15:20,562:INFO:SubProcess create_model() end ==================================
2025-11-04 09:15:20,562:INFO:Creating metrics dataframe
2025-11-04 09:15:20,593:INFO:Initializing create_model()
2025-11-04 09:15:20,594:INFO:create_model(self=<pycaret.regression.oop.RegressionExperiment object at 0x0000025A046F78D0>, estimator=LinearRegression(n_jobs=-1), fold=KFold(n_splits=10, random_state=None, shuffle=False), round=4, cross_validation=False, predict=False, fit_kwargs={}, groups=None, refit=True, probability_threshold=None, experiment_custom_tags=None, verbose=False, system=False, add_to_model_list=True, metrics=None, display=None, model_only=True, return_train_score=False, error_score=0.0, kwargs={})
2025-11-04 09:15:20,594:INFO:Checking exceptions
2025-11-04 09:15:20,597:INFO:Importing libraries
2025-11-04 09:15:20,597:INFO:Copying training dataset
2025-11-04 09:15:20,605:INFO:Defining folds
2025-11-04 09:15:20,605:INFO:Declaring metric variables
2025-11-04 09:15:20,605:INFO:Importing untrained model
2025-11-04 09:15:20,605:INFO:Declaring custom model
2025-11-04 09:15:20,606:INFO:Linear Regression Imported successfully
2025-11-04 09:15:20,614:INFO:Cross validation set to False
2025-11-04 09:15:20,614:INFO:Fitting Model
2025-11-04 09:15:21,454:INFO:LinearRegression(n_jobs=-1)
2025-11-04 09:15:21,454:INFO:create_model() successfully completed......................................
2025-11-04 09:15:21,910:INFO:_master_model_container: 20
2025-11-04 09:15:21,910:INFO:_display_container: 2
2025-11-04 09:15:21,910:INFO:LinearRegression(n_jobs=-1)
2025-11-04 09:15:21,910:INFO:compare_models() successfully completed......................................
2025-11-04 09:31:28,978:INFO:PyCaret RegressionExperiment
2025-11-04 09:31:28,978:INFO:Logging name: reg-default-name
2025-11-04 09:31:28,979:INFO:ML Usecase: MLUsecase.REGRESSION
2025-11-04 09:31:28,979:INFO:version 3.3.2
2025-11-04 09:31:28,979:INFO:Initializing setup()
2025-11-04 09:31:28,979:INFO:self.USI: 8693
2025-11-04 09:31:28,979:INFO:self._variable_keys: {'X_test', 'data', 'X_train', 'transform_target_param', 'y', 'target_param', 'fold_generator', 'logging_param', 'fold_shuffle_param', 'exp_name_log', 'idx', 'exp_id', 'y_test', 'log_plots_param', '_ml_usecase', 'n_jobs_param', 'fold_groups_param', 'X', 'html_param', 'gpu_param', 'pipeline', 'USI', 'gpu_n_jobs_param', '_available_plots', 'y_train', 'seed', 'memory'}
2025-11-04 09:31:28,979:INFO:Checking environment
2025-11-04 09:31:28,979:INFO:python_version: 3.11.7
2025-11-04 09:31:28,979:INFO:python_build: ('tags/v3.11.7:fa7a6f2', 'Dec  4 2023 19:24:49')
2025-11-04 09:31:28,979:INFO:machine: AMD64
2025-11-04 09:31:28,979:INFO:platform: Windows-10-10.0.22631-SP0
2025-11-04 09:31:28,983:INFO:Memory: svmem(total=16841400320, available=6338654208, percent=62.4, used=10502746112, free=6338654208)
2025-11-04 09:31:28,983:INFO:Physical Core: 8
2025-11-04 09:31:28,983:INFO:Logical Core: 16
2025-11-04 09:31:28,983:INFO:Checking libraries
2025-11-04 09:31:28,983:INFO:System:
2025-11-04 09:31:28,983:INFO:    python: 3.11.7 (tags/v3.11.7:fa7a6f2, Dec  4 2023, 19:24:49) [MSC v.1937 64 bit (AMD64)]
2025-11-04 09:31:28,983:INFO:executable: c:\Users\Asus\Desktop\train\venv\Scripts\python.exe
2025-11-04 09:31:28,983:INFO:   machine: Windows-10-10.0.22631-SP0
2025-11-04 09:31:28,983:INFO:PyCaret required dependencies:
2025-11-04 09:31:28,983:INFO:                 pip: 23.2.1
2025-11-04 09:31:28,983:INFO:          setuptools: 80.9.0
2025-11-04 09:31:28,983:INFO:             pycaret: 3.3.2
2025-11-04 09:31:28,983:INFO:             IPython: 9.4.0
2025-11-04 09:31:28,983:INFO:          ipywidgets: 8.1.7
2025-11-04 09:31:28,983:INFO:                tqdm: 4.67.1
2025-11-04 09:31:28,983:INFO:               numpy: 1.26.4
2025-11-04 09:31:28,983:INFO:              pandas: 2.1.4
2025-11-04 09:31:28,983:INFO:              jinja2: 3.1.6
2025-11-04 09:31:28,983:INFO:               scipy: 1.11.4
2025-11-04 09:31:28,983:INFO:              joblib: 1.3.2
2025-11-04 09:31:28,983:INFO:             sklearn: 1.4.2
2025-11-04 09:31:28,983:INFO:                pyod: 2.0.5
2025-11-04 09:31:28,983:INFO:            imblearn: 0.14.0
2025-11-04 09:31:28,983:INFO:   category_encoders: 2.7.0
2025-11-04 09:31:28,983:INFO:            lightgbm: 4.6.0
2025-11-04 09:31:28,983:INFO:               numba: 0.61.0
2025-11-04 09:31:28,983:INFO:            requests: 2.32.5
2025-11-04 09:31:28,983:INFO:          matplotlib: 3.7.5
2025-11-04 09:31:28,983:INFO:          scikitplot: 0.3.7
2025-11-04 09:31:28,983:INFO:         yellowbrick: 1.5
2025-11-04 09:31:28,984:INFO:              plotly: 5.24.1
2025-11-04 09:31:28,984:INFO:    plotly-resampler: Not installed
2025-11-04 09:31:28,984:INFO:             kaleido: 1.1.0
2025-11-04 09:31:28,984:INFO:           schemdraw: 0.15
2025-11-04 09:31:28,984:INFO:         statsmodels: 0.14.5
2025-11-04 09:31:28,984:INFO:              sktime: 0.26.0
2025-11-04 09:31:28,984:INFO:               tbats: 1.1.3
2025-11-04 09:31:28,984:INFO:            pmdarima: 2.0.4
2025-11-04 09:31:28,984:INFO:              psutil: 7.0.0
2025-11-04 09:31:28,984:INFO:          markupsafe: 2.1.5
2025-11-04 09:31:28,984:INFO:             pickle5: Not installed
2025-11-04 09:31:28,984:INFO:         cloudpickle: 3.1.1
2025-11-04 09:31:28,984:INFO:         deprecation: 2.1.0
2025-11-04 09:31:28,984:INFO:              xxhash: 3.5.0
2025-11-04 09:31:28,984:INFO:           wurlitzer: Not installed
2025-11-04 09:31:28,984:INFO:PyCaret optional dependencies:
2025-11-04 09:31:28,984:INFO:                shap: 0.44.1
2025-11-04 09:31:28,984:INFO:           interpret: 0.7.2
2025-11-04 09:31:28,984:INFO:                umap: 0.5.7
2025-11-04 09:31:28,984:INFO:     ydata_profiling: 4.17.0
2025-11-04 09:31:28,984:INFO:  explainerdashboard: 0.5.1
2025-11-04 09:31:28,984:INFO:             autoviz: Not installed
2025-11-04 09:31:28,984:INFO:           fairlearn: 0.7.0
2025-11-04 09:31:28,984:INFO:          deepchecks: Not installed
2025-11-04 09:31:28,984:INFO:             xgboost: 3.0.5
2025-11-04 09:31:28,984:INFO:            catboost: 1.2.8
2025-11-04 09:31:28,984:INFO:              kmodes: 0.12.2
2025-11-04 09:31:28,984:INFO:             mlxtend: 0.23.4
2025-11-04 09:31:28,984:INFO:       statsforecast: 1.5.0
2025-11-04 09:31:28,984:INFO:        tune_sklearn: Not installed
2025-11-04 09:31:28,984:INFO:                 ray: Not installed
2025-11-04 09:31:28,984:INFO:            hyperopt: 0.2.7
2025-11-04 09:31:28,984:INFO:              optuna: 4.5.0
2025-11-04 09:31:28,984:INFO:               skopt: 0.10.2
2025-11-04 09:31:28,984:INFO:              mlflow: 3.4.0
2025-11-04 09:31:28,984:INFO:              gradio: 5.48.0
2025-11-04 09:31:28,984:INFO:             fastapi: 0.118.0
2025-11-04 09:31:28,984:INFO:             uvicorn: 0.37.0
2025-11-04 09:31:28,984:INFO:              m2cgen: 0.10.0
2025-11-04 09:31:28,984:INFO:           evidently: 0.4.40
2025-11-04 09:31:28,984:INFO:               fugue: 0.8.7
2025-11-04 09:31:28,984:INFO:           streamlit: 1.50.0
2025-11-04 09:31:28,984:INFO:             prophet: Not installed
2025-11-04 09:31:28,985:INFO:None
2025-11-04 09:31:28,985:INFO:Set up data.
2025-11-04 09:31:28,996:INFO:Set up folding strategy.
2025-11-04 09:31:28,996:INFO:Set up train/test split.
2025-11-04 09:31:29,001:INFO:Set up index.
2025-11-04 09:31:29,002:INFO:Assigning column types.
2025-11-04 09:31:29,005:INFO:Engine successfully changes for model 'lr' to 'sklearn'.
2025-11-04 09:31:29,005:INFO:Engine for model 'lasso' has not been set explicitly, hence returning None.
2025-11-04 09:31:29,009:INFO:Engine for model 'ridge' has not been set explicitly, hence returning None.
2025-11-04 09:31:29,012:INFO:Engine for model 'en' has not been set explicitly, hence returning None.
2025-11-04 09:31:29,053:INFO:Engine for model 'svm' has not been set explicitly, hence returning None.
2025-11-04 09:31:29,083:INFO:Engine for model 'knn' has not been set explicitly, hence returning None.
2025-11-04 09:31:29,084:INFO:Soft dependency imported: xgboost: 3.0.5
2025-11-04 09:31:29,086:INFO:Soft dependency imported: catboost: 1.2.8
2025-11-04 09:31:29,086:INFO:Engine for model 'lasso' has not been set explicitly, hence returning None.
2025-11-04 09:31:29,089:INFO:Engine for model 'ridge' has not been set explicitly, hence returning None.
2025-11-04 09:31:29,092:INFO:Engine for model 'en' has not been set explicitly, hence returning None.
2025-11-04 09:31:29,132:INFO:Engine for model 'svm' has not been set explicitly, hence returning None.
2025-11-04 09:31:29,162:INFO:Engine for model 'knn' has not been set explicitly, hence returning None.
2025-11-04 09:31:29,162:INFO:Soft dependency imported: xgboost: 3.0.5
2025-11-04 09:31:29,164:INFO:Soft dependency imported: catboost: 1.2.8
2025-11-04 09:31:29,164:INFO:Engine successfully changes for model 'lasso' to 'sklearn'.
2025-11-04 09:31:29,167:INFO:Engine for model 'ridge' has not been set explicitly, hence returning None.
2025-11-04 09:31:29,170:INFO:Engine for model 'en' has not been set explicitly, hence returning None.
2025-11-04 09:31:29,211:INFO:Engine for model 'svm' has not been set explicitly, hence returning None.
2025-11-04 09:31:29,244:INFO:Engine for model 'knn' has not been set explicitly, hence returning None.
2025-11-04 09:31:29,244:INFO:Soft dependency imported: xgboost: 3.0.5
2025-11-04 09:31:29,246:INFO:Soft dependency imported: catboost: 1.2.8
2025-11-04 09:31:29,250:INFO:Engine for model 'ridge' has not been set explicitly, hence returning None.
2025-11-04 09:31:29,253:INFO:Engine for model 'en' has not been set explicitly, hence returning None.
2025-11-04 09:31:29,292:INFO:Engine for model 'svm' has not been set explicitly, hence returning None.
2025-11-04 09:31:29,322:INFO:Engine for model 'knn' has not been set explicitly, hence returning None.
2025-11-04 09:31:29,322:INFO:Soft dependency imported: xgboost: 3.0.5
2025-11-04 09:31:29,324:INFO:Soft dependency imported: catboost: 1.2.8
2025-11-04 09:31:29,325:INFO:Engine successfully changes for model 'ridge' to 'sklearn'.
2025-11-04 09:31:29,331:INFO:Engine for model 'en' has not been set explicitly, hence returning None.
2025-11-04 09:31:29,371:INFO:Engine for model 'svm' has not been set explicitly, hence returning None.
2025-11-04 09:31:29,401:INFO:Engine for model 'knn' has not been set explicitly, hence returning None.
2025-11-04 09:31:29,401:INFO:Soft dependency imported: xgboost: 3.0.5
2025-11-04 09:31:29,403:INFO:Soft dependency imported: catboost: 1.2.8
2025-11-04 09:31:29,410:INFO:Engine for model 'en' has not been set explicitly, hence returning None.
2025-11-04 09:31:29,452:INFO:Engine for model 'svm' has not been set explicitly, hence returning None.
2025-11-04 09:31:29,485:INFO:Engine for model 'knn' has not been set explicitly, hence returning None.
2025-11-04 09:31:29,486:INFO:Soft dependency imported: xgboost: 3.0.5
2025-11-04 09:31:29,488:INFO:Soft dependency imported: catboost: 1.2.8
2025-11-04 09:31:29,488:INFO:Engine successfully changes for model 'en' to 'sklearn'.
2025-11-04 09:31:29,537:INFO:Engine for model 'svm' has not been set explicitly, hence returning None.
2025-11-04 09:31:29,570:INFO:Engine for model 'knn' has not been set explicitly, hence returning None.
2025-11-04 09:31:29,570:INFO:Soft dependency imported: xgboost: 3.0.5
2025-11-04 09:31:29,572:INFO:Soft dependency imported: catboost: 1.2.8
2025-11-04 09:31:29,622:INFO:Engine for model 'svm' has not been set explicitly, hence returning None.
2025-11-04 09:31:29,654:INFO:Engine for model 'knn' has not been set explicitly, hence returning None.
2025-11-04 09:31:29,655:INFO:Soft dependency imported: xgboost: 3.0.5
2025-11-04 09:31:29,656:INFO:Soft dependency imported: catboost: 1.2.8
2025-11-04 09:31:29,657:INFO:Engine successfully changes for model 'knn' to 'sklearn'.
2025-11-04 09:31:29,704:INFO:Engine for model 'svm' has not been set explicitly, hence returning None.
2025-11-04 09:31:29,734:INFO:Soft dependency imported: xgboost: 3.0.5
2025-11-04 09:31:29,735:INFO:Soft dependency imported: catboost: 1.2.8
2025-11-04 09:31:29,784:INFO:Engine for model 'svm' has not been set explicitly, hence returning None.
2025-11-04 09:31:29,817:INFO:Soft dependency imported: xgboost: 3.0.5
2025-11-04 09:31:29,819:INFO:Soft dependency imported: catboost: 1.2.8
2025-11-04 09:31:29,819:INFO:Engine successfully changes for model 'svm' to 'sklearn'.
2025-11-04 09:31:29,903:INFO:Soft dependency imported: xgboost: 3.0.5
2025-11-04 09:31:29,905:INFO:Soft dependency imported: catboost: 1.2.8
2025-11-04 09:31:29,985:INFO:Soft dependency imported: xgboost: 3.0.5
2025-11-04 09:31:29,987:INFO:Soft dependency imported: catboost: 1.2.8
2025-11-04 09:31:29,989:INFO:Preparing preprocessing pipeline...
2025-11-04 09:31:29,989:INFO:Set up simple imputation.
2025-11-04 09:31:29,991:INFO:Set up encoding of categorical features.
2025-11-04 09:31:30,073:INFO:Finished creating preprocessing pipeline.
2025-11-04 09:31:30,080:INFO:Pipeline: Pipeline(memory=FastMemory(location=C:\TEMP\joblib),
         steps=[('numerical_imputer',
                 TransformerWrapper(include=['YearsCodePro'],
                                    transformer=SimpleImputer())),
                ('categorical_imputer',
                 TransformerWrapper(include=['Country', 'EdLevel'],
                                    transformer=SimpleImputer(strategy='most_frequent'))),
                ('onehot_encoding',
                 TransformerWrapper(include=['EdLevel'],
                                    transformer=OneHotEncoder(cols=['EdLevel'],
                                                              handle_missing='return_nan',
                                                              use_cat_names=True))),
                ('rest_encoding',
                 TransformerWrapper(include=['Country'],
                                    transformer=TargetEncoder(cols=['Country'],
                                                              handle_missing='return_nan')))])
2025-11-04 09:31:30,081:INFO:Creating final display dataframe.
2025-11-04 09:31:30,237:INFO:Setup _display_container:                     Description             Value
0                    Session id                23
1                        Target            Salary
2                   Target type        Regression
3           Original data shape        (37923, 4)
4        Transformed data shape        (37923, 7)
5   Transformed train set shape        (26546, 7)
6    Transformed test set shape        (11377, 7)
7              Numeric features                 1
8          Categorical features                 2
9                    Preprocess              True
10              Imputation type            simple
11           Numeric imputation              mean
12       Categorical imputation              mode
13     Maximum one-hot encoding                25
14              Encoding method              None
15               Fold Generator             KFold
16                  Fold Number                10
17                     CPU Jobs                -1
18                      Use GPU             False
19               Log Experiment             False
20              Experiment Name  reg-default-name
21                          USI              8693
2025-11-04 09:31:30,324:INFO:Soft dependency imported: xgboost: 3.0.5
2025-11-04 09:31:30,326:INFO:Soft dependency imported: catboost: 1.2.8
2025-11-04 09:31:30,407:INFO:Soft dependency imported: xgboost: 3.0.5
2025-11-04 09:31:30,409:INFO:Soft dependency imported: catboost: 1.2.8
2025-11-04 09:31:30,410:INFO:setup() successfully completed in 1.44s...............
2025-11-04 09:31:34,883:INFO:gpu_param set to False
2025-11-04 09:31:34,966:INFO:Soft dependency imported: xgboost: 3.0.5
2025-11-04 09:31:34,968:INFO:Soft dependency imported: catboost: 1.2.8
2025-11-04 09:31:35,043:INFO:Soft dependency imported: xgboost: 3.0.5
2025-11-04 09:31:35,045:INFO:Soft dependency imported: catboost: 1.2.8
2025-11-04 09:31:37,183:INFO:Initializing compare_models()
2025-11-04 09:31:37,183:INFO:compare_models(self=<pycaret.regression.oop.RegressionExperiment object at 0x0000025A1C01C950>, include=None, exclude=None, fold=None, round=4, cross_validation=True, sort=R2, n_select=1, budget_time=None, turbo=True, errors=ignore, fit_kwargs=None, groups=None, experiment_custom_tags=None, probability_threshold=None, verbose=True, parallel=None, caller_params={'self': <pycaret.regression.oop.RegressionExperiment object at 0x0000025A1C01C950>, 'include': None, 'exclude': None, 'fold': None, 'round': 4, 'cross_validation': True, 'sort': 'R2', 'n_select': 1, 'budget_time': None, 'turbo': True, 'errors': 'ignore', 'fit_kwargs': None, 'groups': None, 'experiment_custom_tags': None, 'engine': None, 'verbose': True, 'parallel': None, '__class__': <class 'pycaret.regression.oop.RegressionExperiment'>})
2025-11-04 09:31:37,183:INFO:Checking exceptions
2025-11-04 09:31:37,186:INFO:Preparing display monitor
2025-11-04 09:31:37,199:INFO:Initializing Linear Regression
2025-11-04 09:31:37,200:INFO:Total runtime is 1.660585403442383e-05 minutes
2025-11-04 09:31:37,202:INFO:SubProcess create_model() called ==================================
2025-11-04 09:31:37,202:INFO:Initializing create_model()
2025-11-04 09:31:37,202:INFO:create_model(self=<pycaret.regression.oop.RegressionExperiment object at 0x0000025A1C01C950>, estimator=lr, fold=KFold(n_splits=10, random_state=None, shuffle=False), round=4, cross_validation=True, predict=True, fit_kwargs={}, groups=None, refit=False, probability_threshold=None, experiment_custom_tags=None, verbose=False, system=False, add_to_model_list=True, metrics=None, display=<pycaret.internal.display.display.CommonDisplay object at 0x0000025A1B2AB810>, model_only=True, return_train_score=False, error_score=0.0, kwargs={})
2025-11-04 09:31:37,202:INFO:Checking exceptions
2025-11-04 09:31:37,202:INFO:Importing libraries
2025-11-04 09:31:37,202:INFO:Copying training dataset
2025-11-04 09:31:37,208:INFO:Defining folds
2025-11-04 09:31:37,208:INFO:Declaring metric variables
2025-11-04 09:31:37,210:INFO:Importing untrained model
2025-11-04 09:31:37,212:INFO:Linear Regression Imported successfully
2025-11-04 09:31:37,215:INFO:Starting cross validation
2025-11-04 09:31:37,216:INFO:Cross validating with KFold(n_splits=10, random_state=None, shuffle=False), n_jobs=-1
2025-11-04 09:31:41,294:INFO:Calculating mean and std
2025-11-04 09:31:41,298:INFO:Creating metrics dataframe
2025-11-04 09:31:41,302:INFO:Uploading results into container
2025-11-04 09:31:41,303:INFO:Uploading model into container now
2025-11-04 09:31:41,304:INFO:_master_model_container: 1
2025-11-04 09:31:41,304:INFO:_display_container: 2
2025-11-04 09:31:41,305:INFO:LinearRegression(n_jobs=-1)
2025-11-04 09:31:41,305:INFO:create_model() successfully completed......................................
2025-11-04 09:31:41,732:INFO:SubProcess create_model() end ==================================
2025-11-04 09:31:41,732:INFO:Creating metrics dataframe
2025-11-04 09:31:41,736:INFO:Initializing Lasso Regression
2025-11-04 09:31:41,736:INFO:Total runtime is 0.07561185359954835 minutes
2025-11-04 09:31:41,738:INFO:SubProcess create_model() called ==================================
2025-11-04 09:31:41,738:INFO:Initializing create_model()
2025-11-04 09:31:41,738:INFO:create_model(self=<pycaret.regression.oop.RegressionExperiment object at 0x0000025A1C01C950>, estimator=lasso, fold=KFold(n_splits=10, random_state=None, shuffle=False), round=4, cross_validation=True, predict=True, fit_kwargs={}, groups=None, refit=False, probability_threshold=None, experiment_custom_tags=None, verbose=False, system=False, add_to_model_list=True, metrics=None, display=<pycaret.internal.display.display.CommonDisplay object at 0x0000025A1B2AB810>, model_only=True, return_train_score=False, error_score=0.0, kwargs={})
2025-11-04 09:31:41,738:INFO:Checking exceptions
2025-11-04 09:31:41,738:INFO:Importing libraries
2025-11-04 09:31:41,738:INFO:Copying training dataset
2025-11-04 09:31:41,743:INFO:Defining folds
2025-11-04 09:31:41,743:INFO:Declaring metric variables
2025-11-04 09:31:41,745:INFO:Importing untrained model
2025-11-04 09:31:41,747:INFO:Lasso Regression Imported successfully
2025-11-04 09:31:41,751:INFO:Starting cross validation
2025-11-04 09:31:41,752:INFO:Cross validating with KFold(n_splits=10, random_state=None, shuffle=False), n_jobs=-1
2025-11-04 09:31:44,675:INFO:Calculating mean and std
2025-11-04 09:31:44,676:INFO:Creating metrics dataframe
2025-11-04 09:31:44,679:INFO:Uploading results into container
2025-11-04 09:31:44,680:INFO:Uploading model into container now
2025-11-04 09:31:44,680:INFO:_master_model_container: 2
2025-11-04 09:31:44,682:INFO:_display_container: 2
2025-11-04 09:31:44,682:INFO:Lasso(random_state=23)
2025-11-04 09:31:44,682:INFO:create_model() successfully completed......................................
2025-11-04 09:31:45,010:INFO:SubProcess create_model() end ==================================
2025-11-04 09:31:45,011:INFO:Creating metrics dataframe
2025-11-04 09:31:45,015:INFO:Initializing Ridge Regression
2025-11-04 09:31:45,015:INFO:Total runtime is 0.130266805489858 minutes
2025-11-04 09:31:45,017:INFO:SubProcess create_model() called ==================================
2025-11-04 09:31:45,017:INFO:Initializing create_model()
2025-11-04 09:31:45,017:INFO:create_model(self=<pycaret.regression.oop.RegressionExperiment object at 0x0000025A1C01C950>, estimator=ridge, fold=KFold(n_splits=10, random_state=None, shuffle=False), round=4, cross_validation=True, predict=True, fit_kwargs={}, groups=None, refit=False, probability_threshold=None, experiment_custom_tags=None, verbose=False, system=False, add_to_model_list=True, metrics=None, display=<pycaret.internal.display.display.CommonDisplay object at 0x0000025A1B2AB810>, model_only=True, return_train_score=False, error_score=0.0, kwargs={})
2025-11-04 09:31:45,017:INFO:Checking exceptions
2025-11-04 09:31:45,017:INFO:Importing libraries
2025-11-04 09:31:45,017:INFO:Copying training dataset
2025-11-04 09:31:45,023:INFO:Defining folds
2025-11-04 09:31:45,023:INFO:Declaring metric variables
2025-11-04 09:31:45,025:INFO:Importing untrained model
2025-11-04 09:31:45,027:INFO:Ridge Regression Imported successfully
2025-11-04 09:31:45,031:INFO:Starting cross validation
2025-11-04 09:31:45,032:INFO:Cross validating with KFold(n_splits=10, random_state=None, shuffle=False), n_jobs=-1
2025-11-04 09:31:45,196:INFO:Calculating mean and std
2025-11-04 09:31:45,197:INFO:Creating metrics dataframe
2025-11-04 09:31:45,199:INFO:Uploading results into container
2025-11-04 09:31:45,199:INFO:Uploading model into container now
2025-11-04 09:31:45,199:INFO:_master_model_container: 3
2025-11-04 09:31:45,199:INFO:_display_container: 2
2025-11-04 09:31:45,199:INFO:Ridge(random_state=23)
2025-11-04 09:31:45,200:INFO:create_model() successfully completed......................................
2025-11-04 09:31:45,480:INFO:SubProcess create_model() end ==================================
2025-11-04 09:31:45,480:INFO:Creating metrics dataframe
2025-11-04 09:31:45,485:INFO:Initializing Elastic Net
2025-11-04 09:31:45,485:INFO:Total runtime is 0.13809127807617189 minutes
2025-11-04 09:31:45,487:INFO:SubProcess create_model() called ==================================
2025-11-04 09:31:45,487:INFO:Initializing create_model()
2025-11-04 09:31:45,487:INFO:create_model(self=<pycaret.regression.oop.RegressionExperiment object at 0x0000025A1C01C950>, estimator=en, fold=KFold(n_splits=10, random_state=None, shuffle=False), round=4, cross_validation=True, predict=True, fit_kwargs={}, groups=None, refit=False, probability_threshold=None, experiment_custom_tags=None, verbose=False, system=False, add_to_model_list=True, metrics=None, display=<pycaret.internal.display.display.CommonDisplay object at 0x0000025A1B2AB810>, model_only=True, return_train_score=False, error_score=0.0, kwargs={})
2025-11-04 09:31:45,487:INFO:Checking exceptions
2025-11-04 09:31:45,487:INFO:Importing libraries
2025-11-04 09:31:45,487:INFO:Copying training dataset
2025-11-04 09:31:45,492:INFO:Defining folds
2025-11-04 09:31:45,493:INFO:Declaring metric variables
2025-11-04 09:31:45,495:INFO:Importing untrained model
2025-11-04 09:31:45,498:INFO:Elastic Net Imported successfully
2025-11-04 09:31:45,501:INFO:Starting cross validation
2025-11-04 09:31:45,502:INFO:Cross validating with KFold(n_splits=10, random_state=None, shuffle=False), n_jobs=-1
2025-11-04 09:31:45,689:INFO:Calculating mean and std
2025-11-04 09:31:45,690:INFO:Creating metrics dataframe
2025-11-04 09:31:45,691:INFO:Uploading results into container
2025-11-04 09:31:45,692:INFO:Uploading model into container now
2025-11-04 09:31:45,692:INFO:_master_model_container: 4
2025-11-04 09:31:45,692:INFO:_display_container: 2
2025-11-04 09:31:45,692:INFO:ElasticNet(random_state=23)
2025-11-04 09:31:45,692:INFO:create_model() successfully completed......................................
2025-11-04 09:31:45,971:INFO:SubProcess create_model() end ==================================
2025-11-04 09:31:45,971:INFO:Creating metrics dataframe
2025-11-04 09:31:45,976:INFO:Initializing Least Angle Regression
2025-11-04 09:31:45,976:INFO:Total runtime is 0.14627487659454347 minutes
2025-11-04 09:31:45,978:INFO:SubProcess create_model() called ==================================
2025-11-04 09:31:45,979:INFO:Initializing create_model()
2025-11-04 09:31:45,979:INFO:create_model(self=<pycaret.regression.oop.RegressionExperiment object at 0x0000025A1C01C950>, estimator=lar, fold=KFold(n_splits=10, random_state=None, shuffle=False), round=4, cross_validation=True, predict=True, fit_kwargs={}, groups=None, refit=False, probability_threshold=None, experiment_custom_tags=None, verbose=False, system=False, add_to_model_list=True, metrics=None, display=<pycaret.internal.display.display.CommonDisplay object at 0x0000025A1B2AB810>, model_only=True, return_train_score=False, error_score=0.0, kwargs={})
2025-11-04 09:31:45,979:INFO:Checking exceptions
2025-11-04 09:31:45,979:INFO:Importing libraries
2025-11-04 09:31:45,979:INFO:Copying training dataset
2025-11-04 09:31:45,984:INFO:Defining folds
2025-11-04 09:31:45,984:INFO:Declaring metric variables
2025-11-04 09:31:45,987:INFO:Importing untrained model
2025-11-04 09:31:45,989:INFO:Least Angle Regression Imported successfully
2025-11-04 09:31:45,992:INFO:Starting cross validation
2025-11-04 09:31:45,994:INFO:Cross validating with KFold(n_splits=10, random_state=None, shuffle=False), n_jobs=-1
2025-11-04 09:31:46,165:INFO:Calculating mean and std
2025-11-04 09:31:46,166:INFO:Creating metrics dataframe
2025-11-04 09:31:46,167:INFO:Uploading results into container
2025-11-04 09:31:46,167:INFO:Uploading model into container now
2025-11-04 09:31:46,168:INFO:_master_model_container: 5
2025-11-04 09:31:46,168:INFO:_display_container: 2
2025-11-04 09:31:46,168:INFO:Lars(random_state=23)
2025-11-04 09:31:46,168:INFO:create_model() successfully completed......................................
2025-11-04 09:31:46,450:INFO:SubProcess create_model() end ==================================
2025-11-04 09:31:46,451:INFO:Creating metrics dataframe
2025-11-04 09:31:46,456:INFO:Initializing Lasso Least Angle Regression
2025-11-04 09:31:46,456:INFO:Total runtime is 0.15427948236465455 minutes
2025-11-04 09:31:46,458:INFO:SubProcess create_model() called ==================================
2025-11-04 09:31:46,458:INFO:Initializing create_model()
2025-11-04 09:31:46,458:INFO:create_model(self=<pycaret.regression.oop.RegressionExperiment object at 0x0000025A1C01C950>, estimator=llar, fold=KFold(n_splits=10, random_state=None, shuffle=False), round=4, cross_validation=True, predict=True, fit_kwargs={}, groups=None, refit=False, probability_threshold=None, experiment_custom_tags=None, verbose=False, system=False, add_to_model_list=True, metrics=None, display=<pycaret.internal.display.display.CommonDisplay object at 0x0000025A1B2AB810>, model_only=True, return_train_score=False, error_score=0.0, kwargs={})
2025-11-04 09:31:46,458:INFO:Checking exceptions
2025-11-04 09:31:46,458:INFO:Importing libraries
2025-11-04 09:31:46,458:INFO:Copying training dataset
2025-11-04 09:31:46,463:INFO:Defining folds
2025-11-04 09:31:46,463:INFO:Declaring metric variables
2025-11-04 09:31:46,466:INFO:Importing untrained model
2025-11-04 09:31:46,468:INFO:Lasso Least Angle Regression Imported successfully
2025-11-04 09:31:46,471:INFO:Starting cross validation
2025-11-04 09:31:46,472:INFO:Cross validating with KFold(n_splits=10, random_state=None, shuffle=False), n_jobs=-1
2025-11-04 09:31:46,659:INFO:Calculating mean and std
2025-11-04 09:31:46,659:INFO:Creating metrics dataframe
2025-11-04 09:31:46,662:INFO:Uploading results into container
2025-11-04 09:31:46,662:INFO:Uploading model into container now
2025-11-04 09:31:46,663:INFO:_master_model_container: 6
2025-11-04 09:31:46,663:INFO:_display_container: 2
2025-11-04 09:31:46,663:INFO:LassoLars(random_state=23)
2025-11-04 09:31:46,663:INFO:create_model() successfully completed......................................
2025-11-04 09:31:46,984:INFO:SubProcess create_model() end ==================================
2025-11-04 09:31:46,984:INFO:Creating metrics dataframe
2025-11-04 09:31:46,989:INFO:Initializing Orthogonal Matching Pursuit
2025-11-04 09:31:46,989:INFO:Total runtime is 0.16316415468851728 minutes
2025-11-04 09:31:46,992:INFO:SubProcess create_model() called ==================================
2025-11-04 09:31:46,992:INFO:Initializing create_model()
2025-11-04 09:31:46,992:INFO:create_model(self=<pycaret.regression.oop.RegressionExperiment object at 0x0000025A1C01C950>, estimator=omp, fold=KFold(n_splits=10, random_state=None, shuffle=False), round=4, cross_validation=True, predict=True, fit_kwargs={}, groups=None, refit=False, probability_threshold=None, experiment_custom_tags=None, verbose=False, system=False, add_to_model_list=True, metrics=None, display=<pycaret.internal.display.display.CommonDisplay object at 0x0000025A1B2AB810>, model_only=True, return_train_score=False, error_score=0.0, kwargs={})
2025-11-04 09:31:46,992:INFO:Checking exceptions
2025-11-04 09:31:46,992:INFO:Importing libraries
2025-11-04 09:31:46,992:INFO:Copying training dataset
2025-11-04 09:31:46,998:INFO:Defining folds
2025-11-04 09:31:46,998:INFO:Declaring metric variables
2025-11-04 09:31:47,000:INFO:Importing untrained model
2025-11-04 09:31:47,003:INFO:Orthogonal Matching Pursuit Imported successfully
2025-11-04 09:31:47,007:INFO:Starting cross validation
2025-11-04 09:31:47,008:INFO:Cross validating with KFold(n_splits=10, random_state=None, shuffle=False), n_jobs=-1
2025-11-04 09:31:47,239:INFO:Calculating mean and std
2025-11-04 09:31:47,240:INFO:Creating metrics dataframe
2025-11-04 09:31:47,241:INFO:Uploading results into container
2025-11-04 09:31:47,241:INFO:Uploading model into container now
2025-11-04 09:31:47,241:INFO:_master_model_container: 7
2025-11-04 09:31:47,242:INFO:_display_container: 2
2025-11-04 09:31:47,242:INFO:OrthogonalMatchingPursuit()
2025-11-04 09:31:47,242:INFO:create_model() successfully completed......................................
2025-11-04 09:31:47,532:INFO:SubProcess create_model() end ==================================
2025-11-04 09:31:47,532:INFO:Creating metrics dataframe
2025-11-04 09:31:47,537:INFO:Initializing Bayesian Ridge
2025-11-04 09:31:47,537:INFO:Total runtime is 0.1722918510437012 minutes
2025-11-04 09:31:47,540:INFO:SubProcess create_model() called ==================================
2025-11-04 09:31:47,540:INFO:Initializing create_model()
2025-11-04 09:31:47,540:INFO:create_model(self=<pycaret.regression.oop.RegressionExperiment object at 0x0000025A1C01C950>, estimator=br, fold=KFold(n_splits=10, random_state=None, shuffle=False), round=4, cross_validation=True, predict=True, fit_kwargs={}, groups=None, refit=False, probability_threshold=None, experiment_custom_tags=None, verbose=False, system=False, add_to_model_list=True, metrics=None, display=<pycaret.internal.display.display.CommonDisplay object at 0x0000025A1B2AB810>, model_only=True, return_train_score=False, error_score=0.0, kwargs={})
2025-11-04 09:31:47,540:INFO:Checking exceptions
2025-11-04 09:31:47,540:INFO:Importing libraries
2025-11-04 09:31:47,540:INFO:Copying training dataset
2025-11-04 09:31:47,546:INFO:Defining folds
2025-11-04 09:31:47,546:INFO:Declaring metric variables
2025-11-04 09:31:47,548:INFO:Importing untrained model
2025-11-04 09:31:47,550:INFO:Bayesian Ridge Imported successfully
2025-11-04 09:31:47,553:INFO:Starting cross validation
2025-11-04 09:31:47,554:INFO:Cross validating with KFold(n_splits=10, random_state=None, shuffle=False), n_jobs=-1
2025-11-04 09:31:47,728:INFO:Calculating mean and std
2025-11-04 09:31:47,729:INFO:Creating metrics dataframe
2025-11-04 09:31:47,730:INFO:Uploading results into container
2025-11-04 09:31:47,730:INFO:Uploading model into container now
2025-11-04 09:31:47,731:INFO:_master_model_container: 8
2025-11-04 09:31:47,731:INFO:_display_container: 2
2025-11-04 09:31:47,731:INFO:BayesianRidge()
2025-11-04 09:31:47,731:INFO:create_model() successfully completed......................................
2025-11-04 09:31:48,000:INFO:SubProcess create_model() end ==================================
2025-11-04 09:31:48,000:INFO:Creating metrics dataframe
2025-11-04 09:31:48,006:INFO:Initializing Passive Aggressive Regressor
2025-11-04 09:31:48,006:INFO:Total runtime is 0.18011061350504562 minutes
2025-11-04 09:31:48,008:INFO:SubProcess create_model() called ==================================
2025-11-04 09:31:48,008:INFO:Initializing create_model()
2025-11-04 09:31:48,008:INFO:create_model(self=<pycaret.regression.oop.RegressionExperiment object at 0x0000025A1C01C950>, estimator=par, fold=KFold(n_splits=10, random_state=None, shuffle=False), round=4, cross_validation=True, predict=True, fit_kwargs={}, groups=None, refit=False, probability_threshold=None, experiment_custom_tags=None, verbose=False, system=False, add_to_model_list=True, metrics=None, display=<pycaret.internal.display.display.CommonDisplay object at 0x0000025A1B2AB810>, model_only=True, return_train_score=False, error_score=0.0, kwargs={})
2025-11-04 09:31:48,008:INFO:Checking exceptions
2025-11-04 09:31:48,008:INFO:Importing libraries
2025-11-04 09:31:48,008:INFO:Copying training dataset
2025-11-04 09:31:48,014:INFO:Defining folds
2025-11-04 09:31:48,015:INFO:Declaring metric variables
2025-11-04 09:31:48,017:INFO:Importing untrained model
2025-11-04 09:31:48,019:INFO:Passive Aggressive Regressor Imported successfully
2025-11-04 09:31:48,022:INFO:Starting cross validation
2025-11-04 09:31:48,023:INFO:Cross validating with KFold(n_splits=10, random_state=None, shuffle=False), n_jobs=-1
2025-11-04 09:31:48,188:INFO:Calculating mean and std
2025-11-04 09:31:48,189:INFO:Creating metrics dataframe
2025-11-04 09:31:48,189:INFO:Uploading results into container
2025-11-04 09:31:48,191:INFO:Uploading model into container now
2025-11-04 09:31:48,191:INFO:_master_model_container: 9
2025-11-04 09:31:48,191:INFO:_display_container: 2
2025-11-04 09:31:48,191:INFO:PassiveAggressiveRegressor(random_state=23)
2025-11-04 09:31:48,192:INFO:create_model() successfully completed......................................
2025-11-04 09:31:48,461:INFO:SubProcess create_model() end ==================================
2025-11-04 09:31:48,462:INFO:Creating metrics dataframe
2025-11-04 09:31:48,468:INFO:Initializing Huber Regressor
2025-11-04 09:31:48,468:INFO:Total runtime is 0.18780782620112105 minutes
2025-11-04 09:31:48,470:INFO:SubProcess create_model() called ==================================
2025-11-04 09:31:48,470:INFO:Initializing create_model()
2025-11-04 09:31:48,470:INFO:create_model(self=<pycaret.regression.oop.RegressionExperiment object at 0x0000025A1C01C950>, estimator=huber, fold=KFold(n_splits=10, random_state=None, shuffle=False), round=4, cross_validation=True, predict=True, fit_kwargs={}, groups=None, refit=False, probability_threshold=None, experiment_custom_tags=None, verbose=False, system=False, add_to_model_list=True, metrics=None, display=<pycaret.internal.display.display.CommonDisplay object at 0x0000025A1B2AB810>, model_only=True, return_train_score=False, error_score=0.0, kwargs={})
2025-11-04 09:31:48,470:INFO:Checking exceptions
2025-11-04 09:31:48,470:INFO:Importing libraries
2025-11-04 09:31:48,470:INFO:Copying training dataset
2025-11-04 09:31:48,475:INFO:Defining folds
2025-11-04 09:31:48,476:INFO:Declaring metric variables
2025-11-04 09:31:48,478:INFO:Importing untrained model
2025-11-04 09:31:48,480:INFO:Huber Regressor Imported successfully
2025-11-04 09:31:48,484:INFO:Starting cross validation
2025-11-04 09:31:48,485:INFO:Cross validating with KFold(n_splits=10, random_state=None, shuffle=False), n_jobs=-1
2025-11-04 09:31:48,762:INFO:Calculating mean and std
2025-11-04 09:31:48,763:INFO:Creating metrics dataframe
2025-11-04 09:31:48,764:INFO:Uploading results into container
2025-11-04 09:31:48,764:INFO:Uploading model into container now
2025-11-04 09:31:48,764:INFO:_master_model_container: 10
2025-11-04 09:31:48,764:INFO:_display_container: 2
2025-11-04 09:31:48,764:INFO:HuberRegressor()
2025-11-04 09:31:48,765:INFO:create_model() successfully completed......................................
2025-11-04 09:31:49,035:INFO:SubProcess create_model() end ==================================
2025-11-04 09:31:49,035:INFO:Creating metrics dataframe
2025-11-04 09:31:49,041:INFO:Initializing K Neighbors Regressor
2025-11-04 09:31:49,041:INFO:Total runtime is 0.19736241102218632 minutes
2025-11-04 09:31:49,043:INFO:SubProcess create_model() called ==================================
2025-11-04 09:31:49,043:INFO:Initializing create_model()
2025-11-04 09:31:49,043:INFO:create_model(self=<pycaret.regression.oop.RegressionExperiment object at 0x0000025A1C01C950>, estimator=knn, fold=KFold(n_splits=10, random_state=None, shuffle=False), round=4, cross_validation=True, predict=True, fit_kwargs={}, groups=None, refit=False, probability_threshold=None, experiment_custom_tags=None, verbose=False, system=False, add_to_model_list=True, metrics=None, display=<pycaret.internal.display.display.CommonDisplay object at 0x0000025A1B2AB810>, model_only=True, return_train_score=False, error_score=0.0, kwargs={})
2025-11-04 09:31:49,043:INFO:Checking exceptions
2025-11-04 09:31:49,043:INFO:Importing libraries
2025-11-04 09:31:49,043:INFO:Copying training dataset
2025-11-04 09:31:49,047:INFO:Defining folds
2025-11-04 09:31:49,047:INFO:Declaring metric variables
2025-11-04 09:31:49,051:INFO:Importing untrained model
2025-11-04 09:31:49,053:INFO:K Neighbors Regressor Imported successfully
2025-11-04 09:31:49,056:INFO:Starting cross validation
2025-11-04 09:31:49,057:INFO:Cross validating with KFold(n_splits=10, random_state=None, shuffle=False), n_jobs=-1
2025-11-04 09:31:49,334:INFO:Calculating mean and std
2025-11-04 09:31:49,335:INFO:Creating metrics dataframe
2025-11-04 09:31:49,336:INFO:Uploading results into container
2025-11-04 09:31:49,336:INFO:Uploading model into container now
2025-11-04 09:31:49,337:INFO:_master_model_container: 11
2025-11-04 09:31:49,337:INFO:_display_container: 2
2025-11-04 09:31:49,337:INFO:KNeighborsRegressor(n_jobs=-1)
2025-11-04 09:31:49,337:INFO:create_model() successfully completed......................................
2025-11-04 09:31:49,604:INFO:SubProcess create_model() end ==================================
2025-11-04 09:31:49,604:INFO:Creating metrics dataframe
2025-11-04 09:31:49,609:INFO:Initializing Decision Tree Regressor
2025-11-04 09:31:49,609:INFO:Total runtime is 0.20682820876439417 minutes
2025-11-04 09:31:49,612:INFO:SubProcess create_model() called ==================================
2025-11-04 09:31:49,612:INFO:Initializing create_model()
2025-11-04 09:31:49,612:INFO:create_model(self=<pycaret.regression.oop.RegressionExperiment object at 0x0000025A1C01C950>, estimator=dt, fold=KFold(n_splits=10, random_state=None, shuffle=False), round=4, cross_validation=True, predict=True, fit_kwargs={}, groups=None, refit=False, probability_threshold=None, experiment_custom_tags=None, verbose=False, system=False, add_to_model_list=True, metrics=None, display=<pycaret.internal.display.display.CommonDisplay object at 0x0000025A1B2AB810>, model_only=True, return_train_score=False, error_score=0.0, kwargs={})
2025-11-04 09:31:49,612:INFO:Checking exceptions
2025-11-04 09:31:49,612:INFO:Importing libraries
2025-11-04 09:31:49,613:INFO:Copying training dataset
2025-11-04 09:31:49,618:INFO:Defining folds
2025-11-04 09:31:49,618:INFO:Declaring metric variables
2025-11-04 09:31:49,620:INFO:Importing untrained model
2025-11-04 09:31:49,622:INFO:Decision Tree Regressor Imported successfully
2025-11-04 09:31:49,625:INFO:Starting cross validation
2025-11-04 09:31:49,626:INFO:Cross validating with KFold(n_splits=10, random_state=None, shuffle=False), n_jobs=-1
2025-11-04 09:31:49,807:INFO:Calculating mean and std
2025-11-04 09:31:49,808:INFO:Creating metrics dataframe
2025-11-04 09:31:49,809:INFO:Uploading results into container
2025-11-04 09:31:49,809:INFO:Uploading model into container now
2025-11-04 09:31:49,809:INFO:_master_model_container: 12
2025-11-04 09:31:49,809:INFO:_display_container: 2
2025-11-04 09:31:49,810:INFO:DecisionTreeRegressor(random_state=23)
2025-11-04 09:31:49,810:INFO:create_model() successfully completed......................................
2025-11-04 09:31:50,090:INFO:SubProcess create_model() end ==================================
2025-11-04 09:31:50,090:INFO:Creating metrics dataframe
2025-11-04 09:31:50,096:INFO:Initializing Random Forest Regressor
2025-11-04 09:31:50,096:INFO:Total runtime is 0.21494852304458623 minutes
2025-11-04 09:31:50,098:INFO:SubProcess create_model() called ==================================
2025-11-04 09:31:50,098:INFO:Initializing create_model()
2025-11-04 09:31:50,099:INFO:create_model(self=<pycaret.regression.oop.RegressionExperiment object at 0x0000025A1C01C950>, estimator=rf, fold=KFold(n_splits=10, random_state=None, shuffle=False), round=4, cross_validation=True, predict=True, fit_kwargs={}, groups=None, refit=False, probability_threshold=None, experiment_custom_tags=None, verbose=False, system=False, add_to_model_list=True, metrics=None, display=<pycaret.internal.display.display.CommonDisplay object at 0x0000025A1B2AB810>, model_only=True, return_train_score=False, error_score=0.0, kwargs={})
2025-11-04 09:31:50,099:INFO:Checking exceptions
2025-11-04 09:31:50,099:INFO:Importing libraries
2025-11-04 09:31:50,099:INFO:Copying training dataset
2025-11-04 09:31:50,104:INFO:Defining folds
2025-11-04 09:31:50,104:INFO:Declaring metric variables
2025-11-04 09:31:50,106:INFO:Importing untrained model
2025-11-04 09:31:50,108:INFO:Random Forest Regressor Imported successfully
2025-11-04 09:31:50,112:INFO:Starting cross validation
2025-11-04 09:31:50,113:INFO:Cross validating with KFold(n_splits=10, random_state=None, shuffle=False), n_jobs=-1
2025-11-04 09:31:51,945:INFO:Calculating mean and std
2025-11-04 09:31:51,946:INFO:Creating metrics dataframe
2025-11-04 09:31:51,947:INFO:Uploading results into container
2025-11-04 09:31:51,947:INFO:Uploading model into container now
2025-11-04 09:31:51,947:INFO:_master_model_container: 13
2025-11-04 09:31:51,947:INFO:_display_container: 2
2025-11-04 09:31:51,948:INFO:RandomForestRegressor(n_jobs=-1, random_state=23)
2025-11-04 09:31:51,948:INFO:create_model() successfully completed......................................
2025-11-04 09:31:52,236:INFO:SubProcess create_model() end ==================================
2025-11-04 09:31:52,236:INFO:Creating metrics dataframe
2025-11-04 09:31:52,242:INFO:Initializing Extra Trees Regressor
2025-11-04 09:31:52,242:INFO:Total runtime is 0.25071111122767137 minutes
2025-11-04 09:31:52,245:INFO:SubProcess create_model() called ==================================
2025-11-04 09:31:52,245:INFO:Initializing create_model()
2025-11-04 09:31:52,245:INFO:create_model(self=<pycaret.regression.oop.RegressionExperiment object at 0x0000025A1C01C950>, estimator=et, fold=KFold(n_splits=10, random_state=None, shuffle=False), round=4, cross_validation=True, predict=True, fit_kwargs={}, groups=None, refit=False, probability_threshold=None, experiment_custom_tags=None, verbose=False, system=False, add_to_model_list=True, metrics=None, display=<pycaret.internal.display.display.CommonDisplay object at 0x0000025A1B2AB810>, model_only=True, return_train_score=False, error_score=0.0, kwargs={})
2025-11-04 09:31:52,245:INFO:Checking exceptions
2025-11-04 09:31:52,245:INFO:Importing libraries
2025-11-04 09:31:52,245:INFO:Copying training dataset
2025-11-04 09:31:52,251:INFO:Defining folds
2025-11-04 09:31:52,252:INFO:Declaring metric variables
2025-11-04 09:31:52,254:INFO:Importing untrained model
2025-11-04 09:31:52,256:INFO:Extra Trees Regressor Imported successfully
2025-11-04 09:31:52,261:INFO:Starting cross validation
2025-11-04 09:31:52,261:INFO:Cross validating with KFold(n_splits=10, random_state=None, shuffle=False), n_jobs=-1
2025-11-04 09:31:53,747:INFO:Calculating mean and std
2025-11-04 09:31:53,749:INFO:Creating metrics dataframe
2025-11-04 09:31:53,750:INFO:Uploading results into container
2025-11-04 09:31:53,750:INFO:Uploading model into container now
2025-11-04 09:31:53,750:INFO:_master_model_container: 14
2025-11-04 09:31:53,750:INFO:_display_container: 2
2025-11-04 09:31:53,751:INFO:ExtraTreesRegressor(n_jobs=-1, random_state=23)
2025-11-04 09:31:53,751:INFO:create_model() successfully completed......................................
2025-11-04 09:31:54,051:INFO:SubProcess create_model() end ==================================
2025-11-04 09:31:54,051:INFO:Creating metrics dataframe
2025-11-04 09:31:54,058:INFO:Initializing AdaBoost Regressor
2025-11-04 09:31:54,058:INFO:Total runtime is 0.280976148446401 minutes
2025-11-04 09:31:54,060:INFO:SubProcess create_model() called ==================================
2025-11-04 09:31:54,060:INFO:Initializing create_model()
2025-11-04 09:31:54,060:INFO:create_model(self=<pycaret.regression.oop.RegressionExperiment object at 0x0000025A1C01C950>, estimator=ada, fold=KFold(n_splits=10, random_state=None, shuffle=False), round=4, cross_validation=True, predict=True, fit_kwargs={}, groups=None, refit=False, probability_threshold=None, experiment_custom_tags=None, verbose=False, system=False, add_to_model_list=True, metrics=None, display=<pycaret.internal.display.display.CommonDisplay object at 0x0000025A1B2AB810>, model_only=True, return_train_score=False, error_score=0.0, kwargs={})
2025-11-04 09:31:54,060:INFO:Checking exceptions
2025-11-04 09:31:54,060:INFO:Importing libraries
2025-11-04 09:31:54,060:INFO:Copying training dataset
2025-11-04 09:31:54,066:INFO:Defining folds
2025-11-04 09:31:54,066:INFO:Declaring metric variables
2025-11-04 09:31:54,068:INFO:Importing untrained model
2025-11-04 09:31:54,070:INFO:AdaBoost Regressor Imported successfully
2025-11-04 09:31:54,074:INFO:Starting cross validation
2025-11-04 09:31:54,075:INFO:Cross validating with KFold(n_splits=10, random_state=None, shuffle=False), n_jobs=-1
2025-11-04 09:31:54,328:INFO:Calculating mean and std
2025-11-04 09:31:54,329:INFO:Creating metrics dataframe
2025-11-04 09:31:54,330:INFO:Uploading results into container
2025-11-04 09:31:54,330:INFO:Uploading model into container now
2025-11-04 09:31:54,330:INFO:_master_model_container: 15
2025-11-04 09:31:54,330:INFO:_display_container: 2
2025-11-04 09:31:54,331:INFO:AdaBoostRegressor(random_state=23)
2025-11-04 09:31:54,331:INFO:create_model() successfully completed......................................
2025-11-04 09:31:54,599:INFO:SubProcess create_model() end ==================================
2025-11-04 09:31:54,599:INFO:Creating metrics dataframe
2025-11-04 09:31:54,606:INFO:Initializing Gradient Boosting Regressor
2025-11-04 09:31:54,606:INFO:Total runtime is 0.2901118199030559 minutes
2025-11-04 09:31:54,608:INFO:SubProcess create_model() called ==================================
2025-11-04 09:31:54,608:INFO:Initializing create_model()
2025-11-04 09:31:54,608:INFO:create_model(self=<pycaret.regression.oop.RegressionExperiment object at 0x0000025A1C01C950>, estimator=gbr, fold=KFold(n_splits=10, random_state=None, shuffle=False), round=4, cross_validation=True, predict=True, fit_kwargs={}, groups=None, refit=False, probability_threshold=None, experiment_custom_tags=None, verbose=False, system=False, add_to_model_list=True, metrics=None, display=<pycaret.internal.display.display.CommonDisplay object at 0x0000025A1B2AB810>, model_only=True, return_train_score=False, error_score=0.0, kwargs={})
2025-11-04 09:31:54,608:INFO:Checking exceptions
2025-11-04 09:31:54,608:INFO:Importing libraries
2025-11-04 09:31:54,608:INFO:Copying training dataset
2025-11-04 09:31:54,613:INFO:Defining folds
2025-11-04 09:31:54,613:INFO:Declaring metric variables
2025-11-04 09:31:54,617:INFO:Importing untrained model
2025-11-04 09:31:54,619:INFO:Gradient Boosting Regressor Imported successfully
2025-11-04 09:31:54,623:INFO:Starting cross validation
2025-11-04 09:31:54,624:INFO:Cross validating with KFold(n_splits=10, random_state=None, shuffle=False), n_jobs=-1
2025-11-04 09:31:55,500:INFO:Calculating mean and std
2025-11-04 09:31:55,501:INFO:Creating metrics dataframe
2025-11-04 09:31:55,502:INFO:Uploading results into container
2025-11-04 09:31:55,502:INFO:Uploading model into container now
2025-11-04 09:31:55,503:INFO:_master_model_container: 16
2025-11-04 09:31:55,503:INFO:_display_container: 2
2025-11-04 09:31:55,503:INFO:GradientBoostingRegressor(random_state=23)
2025-11-04 09:31:55,503:INFO:create_model() successfully completed......................................
2025-11-04 09:31:55,795:INFO:SubProcess create_model() end ==================================
2025-11-04 09:31:55,796:INFO:Creating metrics dataframe
2025-11-04 09:31:55,802:INFO:Initializing Extreme Gradient Boosting
2025-11-04 09:31:55,802:INFO:Total runtime is 0.3100491881370545 minutes
2025-11-04 09:31:55,804:INFO:SubProcess create_model() called ==================================
2025-11-04 09:31:55,804:INFO:Initializing create_model()
2025-11-04 09:31:55,805:INFO:create_model(self=<pycaret.regression.oop.RegressionExperiment object at 0x0000025A1C01C950>, estimator=xgboost, fold=KFold(n_splits=10, random_state=None, shuffle=False), round=4, cross_validation=True, predict=True, fit_kwargs={}, groups=None, refit=False, probability_threshold=None, experiment_custom_tags=None, verbose=False, system=False, add_to_model_list=True, metrics=None, display=<pycaret.internal.display.display.CommonDisplay object at 0x0000025A1B2AB810>, model_only=True, return_train_score=False, error_score=0.0, kwargs={})
2025-11-04 09:31:55,805:INFO:Checking exceptions
2025-11-04 09:31:55,805:INFO:Importing libraries
2025-11-04 09:31:55,805:INFO:Copying training dataset
2025-11-04 09:31:55,810:INFO:Defining folds
2025-11-04 09:31:55,810:INFO:Declaring metric variables
2025-11-04 09:31:55,812:INFO:Importing untrained model
2025-11-04 09:31:55,815:INFO:Extreme Gradient Boosting Imported successfully
2025-11-04 09:31:55,818:INFO:Starting cross validation
2025-11-04 09:31:55,820:INFO:Cross validating with KFold(n_splits=10, random_state=None, shuffle=False), n_jobs=-1
2025-11-04 09:31:56,535:INFO:Calculating mean and std
2025-11-04 09:31:56,536:INFO:Creating metrics dataframe
2025-11-04 09:31:56,537:INFO:Uploading results into container
2025-11-04 09:31:56,537:INFO:Uploading model into container now
2025-11-04 09:31:56,538:INFO:_master_model_container: 17
2025-11-04 09:31:56,538:INFO:_display_container: 2
2025-11-04 09:31:56,539:INFO:XGBRegressor(base_score=None, booster='gbtree', callbacks=None,
             colsample_bylevel=None, colsample_bynode=None,
             colsample_bytree=None, device='cpu', early_stopping_rounds=None,
             enable_categorical=False, eval_metric=None, feature_types=None,
             feature_weights=None, gamma=None, grow_policy=None,
             importance_type=None, interaction_constraints=None,
             learning_rate=None, max_bin=None, max_cat_threshold=None,
             max_cat_to_onehot=None, max_delta_step=None, max_depth=None,
             max_leaves=None, min_child_weight=None, missing=nan,
             monotone_constraints=None, multi_strategy=None, n_estimators=None,
             n_jobs=-1, num_parallel_tree=None, ...)
2025-11-04 09:31:56,539:INFO:create_model() successfully completed......................................
2025-11-04 09:31:56,809:INFO:SubProcess create_model() end ==================================
2025-11-04 09:31:56,809:INFO:Creating metrics dataframe
2025-11-04 09:31:56,815:INFO:Initializing Light Gradient Boosting Machine
2025-11-04 09:31:56,815:INFO:Total runtime is 0.32692951758702604 minutes
2025-11-04 09:31:56,817:INFO:SubProcess create_model() called ==================================
2025-11-04 09:31:56,818:INFO:Initializing create_model()
2025-11-04 09:31:56,818:INFO:create_model(self=<pycaret.regression.oop.RegressionExperiment object at 0x0000025A1C01C950>, estimator=lightgbm, fold=KFold(n_splits=10, random_state=None, shuffle=False), round=4, cross_validation=True, predict=True, fit_kwargs={}, groups=None, refit=False, probability_threshold=None, experiment_custom_tags=None, verbose=False, system=False, add_to_model_list=True, metrics=None, display=<pycaret.internal.display.display.CommonDisplay object at 0x0000025A1B2AB810>, model_only=True, return_train_score=False, error_score=0.0, kwargs={})
2025-11-04 09:31:56,818:INFO:Checking exceptions
2025-11-04 09:31:56,818:INFO:Importing libraries
2025-11-04 09:31:56,818:INFO:Copying training dataset
2025-11-04 09:31:56,824:INFO:Defining folds
2025-11-04 09:31:56,824:INFO:Declaring metric variables
2025-11-04 09:31:56,826:INFO:Importing untrained model
2025-11-04 09:31:56,829:INFO:Light Gradient Boosting Machine Imported successfully
2025-11-04 09:31:56,832:INFO:Starting cross validation
2025-11-04 09:31:56,833:INFO:Cross validating with KFold(n_splits=10, random_state=None, shuffle=False), n_jobs=-1
2025-11-04 09:31:57,725:INFO:Calculating mean and std
2025-11-04 09:31:57,726:INFO:Creating metrics dataframe
2025-11-04 09:31:57,728:INFO:Uploading results into container
2025-11-04 09:31:57,728:INFO:Uploading model into container now
2025-11-04 09:31:57,729:INFO:_master_model_container: 18
2025-11-04 09:31:57,729:INFO:_display_container: 2
2025-11-04 09:31:57,730:INFO:LGBMRegressor(n_jobs=-1, random_state=23)
2025-11-04 09:31:57,730:INFO:create_model() successfully completed......................................
2025-11-04 09:31:58,040:INFO:SubProcess create_model() end ==================================
2025-11-04 09:31:58,040:INFO:Creating metrics dataframe
2025-11-04 09:31:58,047:INFO:Initializing CatBoost Regressor
2025-11-04 09:31:58,047:INFO:Total runtime is 0.3474592328071595 minutes
2025-11-04 09:31:58,049:INFO:SubProcess create_model() called ==================================
2025-11-04 09:31:58,050:INFO:Initializing create_model()
2025-11-04 09:31:58,050:INFO:create_model(self=<pycaret.regression.oop.RegressionExperiment object at 0x0000025A1C01C950>, estimator=catboost, fold=KFold(n_splits=10, random_state=None, shuffle=False), round=4, cross_validation=True, predict=True, fit_kwargs={}, groups=None, refit=False, probability_threshold=None, experiment_custom_tags=None, verbose=False, system=False, add_to_model_list=True, metrics=None, display=<pycaret.internal.display.display.CommonDisplay object at 0x0000025A1B2AB810>, model_only=True, return_train_score=False, error_score=0.0, kwargs={})
2025-11-04 09:31:58,050:INFO:Checking exceptions
2025-11-04 09:31:58,050:INFO:Importing libraries
2025-11-04 09:31:58,050:INFO:Copying training dataset
2025-11-04 09:31:58,055:INFO:Defining folds
2025-11-04 09:31:58,055:INFO:Declaring metric variables
2025-11-04 09:31:58,057:INFO:Importing untrained model
2025-11-04 09:31:58,059:INFO:CatBoost Regressor Imported successfully
2025-11-04 09:31:58,063:INFO:Starting cross validation
2025-11-04 09:31:58,064:INFO:Cross validating with KFold(n_splits=10, random_state=None, shuffle=False), n_jobs=-1
2025-11-04 09:32:10,317:INFO:Calculating mean and std
2025-11-04 09:32:10,318:INFO:Creating metrics dataframe
2025-11-04 09:32:10,319:INFO:Uploading results into container
2025-11-04 09:32:10,319:INFO:Uploading model into container now
2025-11-04 09:32:10,319:INFO:_master_model_container: 19
2025-11-04 09:32:10,319:INFO:_display_container: 2
2025-11-04 09:32:10,320:INFO:<catboost.core.CatBoostRegressor object at 0x00000259C5D0BB10>
2025-11-04 09:32:10,320:INFO:create_model() successfully completed......................................
2025-11-04 09:32:10,635:INFO:SubProcess create_model() end ==================================
2025-11-04 09:32:10,635:INFO:Creating metrics dataframe
2025-11-04 09:32:10,643:INFO:Initializing Dummy Regressor
2025-11-04 09:32:10,643:INFO:Total runtime is 0.5573892315228781 minutes
2025-11-04 09:32:10,645:INFO:SubProcess create_model() called ==================================
2025-11-04 09:32:10,645:INFO:Initializing create_model()
2025-11-04 09:32:10,645:INFO:create_model(self=<pycaret.regression.oop.RegressionExperiment object at 0x0000025A1C01C950>, estimator=dummy, fold=KFold(n_splits=10, random_state=None, shuffle=False), round=4, cross_validation=True, predict=True, fit_kwargs={}, groups=None, refit=False, probability_threshold=None, experiment_custom_tags=None, verbose=False, system=False, add_to_model_list=True, metrics=None, display=<pycaret.internal.display.display.CommonDisplay object at 0x0000025A1B2AB810>, model_only=True, return_train_score=False, error_score=0.0, kwargs={})
2025-11-04 09:32:10,645:INFO:Checking exceptions
2025-11-04 09:32:10,645:INFO:Importing libraries
2025-11-04 09:32:10,645:INFO:Copying training dataset
2025-11-04 09:32:10,651:INFO:Defining folds
2025-11-04 09:32:10,651:INFO:Declaring metric variables
2025-11-04 09:32:10,653:INFO:Importing untrained model
2025-11-04 09:32:10,655:INFO:Dummy Regressor Imported successfully
2025-11-04 09:32:10,658:INFO:Starting cross validation
2025-11-04 09:32:10,659:INFO:Cross validating with KFold(n_splits=10, random_state=None, shuffle=False), n_jobs=-1
2025-11-04 09:32:10,822:INFO:Calculating mean and std
2025-11-04 09:32:10,823:INFO:Creating metrics dataframe
2025-11-04 09:32:10,824:INFO:Uploading results into container
2025-11-04 09:32:10,824:INFO:Uploading model into container now
2025-11-04 09:32:10,824:INFO:_master_model_container: 20
2025-11-04 09:32:10,824:INFO:_display_container: 2
2025-11-04 09:32:10,825:INFO:DummyRegressor()
2025-11-04 09:32:10,825:INFO:create_model() successfully completed......................................
2025-11-04 09:32:11,137:INFO:SubProcess create_model() end ==================================
2025-11-04 09:32:11,137:INFO:Creating metrics dataframe
2025-11-04 09:32:11,151:INFO:Initializing create_model()
2025-11-04 09:32:11,151:INFO:create_model(self=<pycaret.regression.oop.RegressionExperiment object at 0x0000025A1C01C950>, estimator=ElasticNet(random_state=23), fold=KFold(n_splits=10, random_state=None, shuffle=False), round=4, cross_validation=False, predict=False, fit_kwargs={}, groups=None, refit=True, probability_threshold=None, experiment_custom_tags=None, verbose=False, system=False, add_to_model_list=True, metrics=None, display=None, model_only=True, return_train_score=False, error_score=0.0, kwargs={})
2025-11-04 09:32:11,151:INFO:Checking exceptions
2025-11-04 09:32:11,152:INFO:Importing libraries
2025-11-04 09:32:11,152:INFO:Copying training dataset
2025-11-04 09:32:11,158:INFO:Defining folds
2025-11-04 09:32:11,158:INFO:Declaring metric variables
2025-11-04 09:32:11,158:INFO:Importing untrained model
2025-11-04 09:32:11,158:INFO:Declaring custom model
2025-11-04 09:32:11,158:INFO:Elastic Net Imported successfully
2025-11-04 09:32:11,159:INFO:Cross validation set to False
2025-11-04 09:32:11,159:INFO:Fitting Model
2025-11-04 09:32:11,231:INFO:ElasticNet(random_state=23)
2025-11-04 09:32:11,231:INFO:create_model() successfully completed......................................
2025-11-04 09:32:11,570:INFO:_master_model_container: 20
2025-11-04 09:32:11,570:INFO:_display_container: 2
2025-11-04 09:32:11,571:INFO:ElasticNet(random_state=23)
2025-11-04 09:32:11,571:INFO:compare_models() successfully completed......................................
2025-11-04 09:39:52,472:INFO:PyCaret RegressionExperiment
2025-11-04 09:39:52,472:INFO:Logging name: reg-default-name
2025-11-04 09:39:52,472:INFO:ML Usecase: MLUsecase.REGRESSION
2025-11-04 09:39:52,472:INFO:version 3.3.2
2025-11-04 09:39:52,472:INFO:Initializing setup()
2025-11-04 09:39:52,472:INFO:self.USI: d493
2025-11-04 09:39:52,472:INFO:self._variable_keys: {'X_test', 'data', 'X_train', 'transform_target_param', 'y', 'target_param', 'fold_generator', 'logging_param', 'fold_shuffle_param', 'exp_name_log', 'idx', 'exp_id', 'y_test', 'log_plots_param', '_ml_usecase', 'n_jobs_param', 'fold_groups_param', 'X', 'html_param', 'gpu_param', 'pipeline', 'USI', 'gpu_n_jobs_param', '_available_plots', 'y_train', 'seed', 'memory'}
2025-11-04 09:39:52,472:INFO:Checking environment
2025-11-04 09:39:52,472:INFO:python_version: 3.11.7
2025-11-04 09:39:52,472:INFO:python_build: ('tags/v3.11.7:fa7a6f2', 'Dec  4 2023 19:24:49')
2025-11-04 09:39:52,472:INFO:machine: AMD64
2025-11-04 09:39:52,472:INFO:platform: Windows-10-10.0.22631-SP0
2025-11-04 09:39:52,476:INFO:Memory: svmem(total=16841400320, available=5892497408, percent=65.0, used=10948902912, free=5892497408)
2025-11-04 09:39:52,476:INFO:Physical Core: 8
2025-11-04 09:39:52,476:INFO:Logical Core: 16
2025-11-04 09:39:52,476:INFO:Checking libraries
2025-11-04 09:39:52,476:INFO:System:
2025-11-04 09:39:52,476:INFO:    python: 3.11.7 (tags/v3.11.7:fa7a6f2, Dec  4 2023, 19:24:49) [MSC v.1937 64 bit (AMD64)]
2025-11-04 09:39:52,476:INFO:executable: c:\Users\Asus\Desktop\train\venv\Scripts\python.exe
2025-11-04 09:39:52,476:INFO:   machine: Windows-10-10.0.22631-SP0
2025-11-04 09:39:52,476:INFO:PyCaret required dependencies:
2025-11-04 09:39:52,476:INFO:                 pip: 23.2.1
2025-11-04 09:39:52,476:INFO:          setuptools: 80.9.0
2025-11-04 09:39:52,476:INFO:             pycaret: 3.3.2
2025-11-04 09:39:52,476:INFO:             IPython: 9.4.0
2025-11-04 09:39:52,476:INFO:          ipywidgets: 8.1.7
2025-11-04 09:39:52,476:INFO:                tqdm: 4.67.1
2025-11-04 09:39:52,476:INFO:               numpy: 1.26.4
2025-11-04 09:39:52,476:INFO:              pandas: 2.1.4
2025-11-04 09:39:52,476:INFO:              jinja2: 3.1.6
2025-11-04 09:39:52,476:INFO:               scipy: 1.11.4
2025-11-04 09:39:52,476:INFO:              joblib: 1.3.2
2025-11-04 09:39:52,476:INFO:             sklearn: 1.4.2
2025-11-04 09:39:52,476:INFO:                pyod: 2.0.5
2025-11-04 09:39:52,476:INFO:            imblearn: 0.14.0
2025-11-04 09:39:52,476:INFO:   category_encoders: 2.7.0
2025-11-04 09:39:52,476:INFO:            lightgbm: 4.6.0
2025-11-04 09:39:52,476:INFO:               numba: 0.61.0
2025-11-04 09:39:52,477:INFO:            requests: 2.32.5
2025-11-04 09:39:52,477:INFO:          matplotlib: 3.7.5
2025-11-04 09:39:52,477:INFO:          scikitplot: 0.3.7
2025-11-04 09:39:52,477:INFO:         yellowbrick: 1.5
2025-11-04 09:39:52,477:INFO:              plotly: 5.24.1
2025-11-04 09:39:52,477:INFO:    plotly-resampler: Not installed
2025-11-04 09:39:52,477:INFO:             kaleido: 1.1.0
2025-11-04 09:39:52,477:INFO:           schemdraw: 0.15
2025-11-04 09:39:52,477:INFO:         statsmodels: 0.14.5
2025-11-04 09:39:52,477:INFO:              sktime: 0.26.0
2025-11-04 09:39:52,477:INFO:               tbats: 1.1.3
2025-11-04 09:39:52,477:INFO:            pmdarima: 2.0.4
2025-11-04 09:39:52,477:INFO:              psutil: 7.0.0
2025-11-04 09:39:52,477:INFO:          markupsafe: 2.1.5
2025-11-04 09:39:52,477:INFO:             pickle5: Not installed
2025-11-04 09:39:52,477:INFO:         cloudpickle: 3.1.1
2025-11-04 09:39:52,477:INFO:         deprecation: 2.1.0
2025-11-04 09:39:52,477:INFO:              xxhash: 3.5.0
2025-11-04 09:39:52,477:INFO:           wurlitzer: Not installed
2025-11-04 09:39:52,477:INFO:PyCaret optional dependencies:
2025-11-04 09:39:52,477:INFO:                shap: 0.44.1
2025-11-04 09:39:52,477:INFO:           interpret: 0.7.2
2025-11-04 09:39:52,477:INFO:                umap: 0.5.7
2025-11-04 09:39:52,477:INFO:     ydata_profiling: 4.17.0
2025-11-04 09:39:52,477:INFO:  explainerdashboard: 0.5.1
2025-11-04 09:39:52,477:INFO:             autoviz: Not installed
2025-11-04 09:39:52,477:INFO:           fairlearn: 0.7.0
2025-11-04 09:39:52,477:INFO:          deepchecks: Not installed
2025-11-04 09:39:52,477:INFO:             xgboost: 3.0.5
2025-11-04 09:39:52,477:INFO:            catboost: 1.2.8
2025-11-04 09:39:52,477:INFO:              kmodes: 0.12.2
2025-11-04 09:39:52,477:INFO:             mlxtend: 0.23.4
2025-11-04 09:39:52,477:INFO:       statsforecast: 1.5.0
2025-11-04 09:39:52,477:INFO:        tune_sklearn: Not installed
2025-11-04 09:39:52,477:INFO:                 ray: Not installed
2025-11-04 09:39:52,477:INFO:            hyperopt: 0.2.7
2025-11-04 09:39:52,477:INFO:              optuna: 4.5.0
2025-11-04 09:39:52,477:INFO:               skopt: 0.10.2
2025-11-04 09:39:52,477:INFO:              mlflow: 3.4.0
2025-11-04 09:39:52,477:INFO:              gradio: 5.48.0
2025-11-04 09:39:52,477:INFO:             fastapi: 0.118.0
2025-11-04 09:39:52,477:INFO:             uvicorn: 0.37.0
2025-11-04 09:39:52,477:INFO:              m2cgen: 0.10.0
2025-11-04 09:39:52,477:INFO:           evidently: 0.4.40
2025-11-04 09:39:52,477:INFO:               fugue: 0.8.7
2025-11-04 09:39:52,477:INFO:           streamlit: 1.50.0
2025-11-04 09:39:52,478:INFO:             prophet: Not installed
2025-11-04 09:39:52,478:INFO:None
2025-11-04 09:39:52,478:INFO:Set up data.
2025-11-04 09:39:52,486:INFO:Set up folding strategy.
2025-11-04 09:39:52,486:INFO:Set up train/test split.
2025-11-04 09:39:52,489:INFO:Set up index.
2025-11-04 09:39:52,490:INFO:Assigning column types.
2025-11-04 09:39:52,492:INFO:Engine successfully changes for model 'lr' to 'sklearn'.
2025-11-04 09:39:52,492:INFO:Engine for model 'lasso' has not been set explicitly, hence returning None.
2025-11-04 09:39:52,496:INFO:Engine for model 'ridge' has not been set explicitly, hence returning None.
2025-11-04 09:39:52,499:INFO:Engine for model 'en' has not been set explicitly, hence returning None.
2025-11-04 09:39:52,538:INFO:Engine for model 'svm' has not been set explicitly, hence returning None.
2025-11-04 09:39:52,569:INFO:Engine for model 'knn' has not been set explicitly, hence returning None.
2025-11-04 09:39:52,570:INFO:Soft dependency imported: xgboost: 3.0.5
2025-11-04 09:39:52,571:INFO:Soft dependency imported: catboost: 1.2.8
2025-11-04 09:39:52,572:INFO:Engine for model 'lasso' has not been set explicitly, hence returning None.
2025-11-04 09:39:52,575:INFO:Engine for model 'ridge' has not been set explicitly, hence returning None.
2025-11-04 09:39:52,578:INFO:Engine for model 'en' has not been set explicitly, hence returning None.
2025-11-04 09:39:52,618:INFO:Engine for model 'svm' has not been set explicitly, hence returning None.
2025-11-04 09:39:52,647:INFO:Engine for model 'knn' has not been set explicitly, hence returning None.
2025-11-04 09:39:52,647:INFO:Soft dependency imported: xgboost: 3.0.5
2025-11-04 09:39:52,649:INFO:Soft dependency imported: catboost: 1.2.8
2025-11-04 09:39:52,650:INFO:Engine successfully changes for model 'lasso' to 'sklearn'.
2025-11-04 09:39:52,653:INFO:Engine for model 'ridge' has not been set explicitly, hence returning None.
2025-11-04 09:39:52,656:INFO:Engine for model 'en' has not been set explicitly, hence returning None.
2025-11-04 09:39:52,695:INFO:Engine for model 'svm' has not been set explicitly, hence returning None.
2025-11-04 09:39:52,725:INFO:Engine for model 'knn' has not been set explicitly, hence returning None.
2025-11-04 09:39:52,725:INFO:Soft dependency imported: xgboost: 3.0.5
2025-11-04 09:39:52,727:INFO:Soft dependency imported: catboost: 1.2.8
2025-11-04 09:39:52,730:INFO:Engine for model 'ridge' has not been set explicitly, hence returning None.
2025-11-04 09:39:52,734:INFO:Engine for model 'en' has not been set explicitly, hence returning None.
2025-11-04 09:39:52,774:INFO:Engine for model 'svm' has not been set explicitly, hence returning None.
2025-11-04 09:39:52,804:INFO:Engine for model 'knn' has not been set explicitly, hence returning None.
2025-11-04 09:39:52,804:INFO:Soft dependency imported: xgboost: 3.0.5
2025-11-04 09:39:52,806:INFO:Soft dependency imported: catboost: 1.2.8
2025-11-04 09:39:52,806:INFO:Engine successfully changes for model 'ridge' to 'sklearn'.
2025-11-04 09:39:52,812:INFO:Engine for model 'en' has not been set explicitly, hence returning None.
2025-11-04 09:39:52,852:INFO:Engine for model 'svm' has not been set explicitly, hence returning None.
2025-11-04 09:39:52,881:INFO:Engine for model 'knn' has not been set explicitly, hence returning None.
2025-11-04 09:39:52,881:INFO:Soft dependency imported: xgboost: 3.0.5
2025-11-04 09:39:52,883:INFO:Soft dependency imported: catboost: 1.2.8
2025-11-04 09:39:52,893:INFO:Engine for model 'en' has not been set explicitly, hence returning None.
2025-11-04 09:39:52,932:INFO:Engine for model 'svm' has not been set explicitly, hence returning None.
2025-11-04 09:39:52,964:INFO:Engine for model 'knn' has not been set explicitly, hence returning None.
2025-11-04 09:39:52,965:INFO:Soft dependency imported: xgboost: 3.0.5
2025-11-04 09:39:52,966:INFO:Soft dependency imported: catboost: 1.2.8
2025-11-04 09:39:52,967:INFO:Engine successfully changes for model 'en' to 'sklearn'.
2025-11-04 09:39:53,015:INFO:Engine for model 'svm' has not been set explicitly, hence returning None.
2025-11-04 09:39:53,049:INFO:Engine for model 'knn' has not been set explicitly, hence returning None.
2025-11-04 09:39:53,049:INFO:Soft dependency imported: xgboost: 3.0.5
2025-11-04 09:39:53,051:INFO:Soft dependency imported: catboost: 1.2.8
2025-11-04 09:39:53,101:INFO:Engine for model 'svm' has not been set explicitly, hence returning None.
2025-11-04 09:39:53,133:INFO:Engine for model 'knn' has not been set explicitly, hence returning None.
2025-11-04 09:39:53,133:INFO:Soft dependency imported: xgboost: 3.0.5
2025-11-04 09:39:53,135:INFO:Soft dependency imported: catboost: 1.2.8
2025-11-04 09:39:53,136:INFO:Engine successfully changes for model 'knn' to 'sklearn'.
2025-11-04 09:39:53,184:INFO:Engine for model 'svm' has not been set explicitly, hence returning None.
2025-11-04 09:39:53,215:INFO:Soft dependency imported: xgboost: 3.0.5
2025-11-04 09:39:53,217:INFO:Soft dependency imported: catboost: 1.2.8
2025-11-04 09:39:53,265:INFO:Engine for model 'svm' has not been set explicitly, hence returning None.
2025-11-04 09:39:53,295:INFO:Soft dependency imported: xgboost: 3.0.5
2025-11-04 09:39:53,297:INFO:Soft dependency imported: catboost: 1.2.8
2025-11-04 09:39:53,297:INFO:Engine successfully changes for model 'svm' to 'sklearn'.
2025-11-04 09:39:53,373:INFO:Soft dependency imported: xgboost: 3.0.5
2025-11-04 09:39:53,375:INFO:Soft dependency imported: catboost: 1.2.8
2025-11-04 09:39:53,451:INFO:Soft dependency imported: xgboost: 3.0.5
2025-11-04 09:39:53,453:INFO:Soft dependency imported: catboost: 1.2.8
2025-11-04 09:39:53,454:INFO:Preparing preprocessing pipeline...
2025-11-04 09:39:53,454:INFO:Set up simple imputation.
2025-11-04 09:39:53,456:INFO:Set up encoding of categorical features.
2025-11-04 09:39:53,519:INFO:Finished creating preprocessing pipeline.
2025-11-04 09:39:53,524:INFO:Pipeline: Pipeline(memory=FastMemory(location=C:\TEMP\joblib),
         steps=[('numerical_imputer',
                 TransformerWrapper(include=['YearsCodePro'],
                                    transformer=SimpleImputer())),
                ('categorical_imputer',
                 TransformerWrapper(include=['Country', 'EdLevel'],
                                    transformer=SimpleImputer(strategy='most_frequent'))),
                ('onehot_encoding',
                 TransformerWrapper(include=['EdLevel'],
                                    transformer=OneHotEncoder(cols=['EdLevel'],
                                                              handle_missing='return_nan',
                                                              use_cat_names=True))),
                ('rest_encoding',
                 TransformerWrapper(include=['Country'],
                                    transformer=TargetEncoder(cols=['Country'],
                                                              handle_missing='return_nan')))])
2025-11-04 09:39:53,524:INFO:Creating final display dataframe.
2025-11-04 09:39:53,677:INFO:Setup _display_container:                     Description             Value
0                    Session id                23
1                        Target            Salary
2                   Target type        Regression
3           Original data shape        (28228, 4)
4        Transformed data shape        (28228, 7)
5   Transformed train set shape        (19759, 7)
6    Transformed test set shape         (8469, 7)
7              Numeric features                 1
8          Categorical features                 2
9                    Preprocess              True
10              Imputation type            simple
11           Numeric imputation              mean
12       Categorical imputation              mode
13     Maximum one-hot encoding                25
14              Encoding method              None
15               Fold Generator             KFold
16                  Fold Number                10
17                     CPU Jobs                -1
18                      Use GPU             False
19               Log Experiment             False
20              Experiment Name  reg-default-name
21                          USI              d493
2025-11-04 09:39:53,762:INFO:Soft dependency imported: xgboost: 3.0.5
2025-11-04 09:39:53,764:INFO:Soft dependency imported: catboost: 1.2.8
2025-11-04 09:39:53,841:INFO:Soft dependency imported: xgboost: 3.0.5
2025-11-04 09:39:53,843:INFO:Soft dependency imported: catboost: 1.2.8
2025-11-04 09:39:53,844:INFO:setup() successfully completed in 1.38s...............
2025-11-04 09:39:57,158:INFO:gpu_param set to False
2025-11-04 09:39:57,237:INFO:Soft dependency imported: xgboost: 3.0.5
2025-11-04 09:39:57,239:INFO:Soft dependency imported: catboost: 1.2.8
2025-11-04 09:39:57,317:INFO:Soft dependency imported: xgboost: 3.0.5
2025-11-04 09:39:57,319:INFO:Soft dependency imported: catboost: 1.2.8
2025-11-04 09:39:59,222:INFO:Initializing compare_models()
2025-11-04 09:39:59,222:INFO:compare_models(self=<pycaret.regression.oop.RegressionExperiment object at 0x0000025A1ED61290>, include=None, exclude=None, fold=None, round=4, cross_validation=True, sort=R2, n_select=1, budget_time=None, turbo=True, errors=ignore, fit_kwargs=None, groups=None, experiment_custom_tags=None, probability_threshold=None, verbose=True, parallel=None, caller_params={'self': <pycaret.regression.oop.RegressionExperiment object at 0x0000025A1ED61290>, 'include': None, 'exclude': None, 'fold': None, 'round': 4, 'cross_validation': True, 'sort': 'R2', 'n_select': 1, 'budget_time': None, 'turbo': True, 'errors': 'ignore', 'fit_kwargs': None, 'groups': None, 'experiment_custom_tags': None, 'engine': None, 'verbose': True, 'parallel': None, '__class__': <class 'pycaret.regression.oop.RegressionExperiment'>})
2025-11-04 09:39:59,222:INFO:Checking exceptions
2025-11-04 09:39:59,225:INFO:Preparing display monitor
2025-11-04 09:39:59,238:INFO:Initializing Linear Regression
2025-11-04 09:39:59,238:INFO:Total runtime is 0.0 minutes
2025-11-04 09:39:59,240:INFO:SubProcess create_model() called ==================================
2025-11-04 09:39:59,240:INFO:Initializing create_model()
2025-11-04 09:39:59,240:INFO:create_model(self=<pycaret.regression.oop.RegressionExperiment object at 0x0000025A1ED61290>, estimator=lr, fold=KFold(n_splits=10, random_state=None, shuffle=False), round=4, cross_validation=True, predict=True, fit_kwargs={}, groups=None, refit=False, probability_threshold=None, experiment_custom_tags=None, verbose=False, system=False, add_to_model_list=True, metrics=None, display=<pycaret.internal.display.display.CommonDisplay object at 0x0000025A21C77690>, model_only=True, return_train_score=False, error_score=0.0, kwargs={})
2025-11-04 09:39:59,240:INFO:Checking exceptions
2025-11-04 09:39:59,240:INFO:Importing libraries
2025-11-04 09:39:59,240:INFO:Copying training dataset
2025-11-04 09:39:59,245:INFO:Defining folds
2025-11-04 09:39:59,245:INFO:Declaring metric variables
2025-11-04 09:39:59,247:INFO:Importing untrained model
2025-11-04 09:39:59,249:INFO:Linear Regression Imported successfully
2025-11-04 09:39:59,253:INFO:Starting cross validation
2025-11-04 09:39:59,254:INFO:Cross validating with KFold(n_splits=10, random_state=None, shuffle=False), n_jobs=-1
2025-11-04 09:40:03,793:INFO:Calculating mean and std
2025-11-04 09:40:03,796:INFO:Creating metrics dataframe
2025-11-04 09:40:03,800:INFO:Uploading results into container
2025-11-04 09:40:03,801:INFO:Uploading model into container now
2025-11-04 09:40:03,801:INFO:_master_model_container: 1
2025-11-04 09:40:03,801:INFO:_display_container: 2
2025-11-04 09:40:03,802:INFO:LinearRegression(n_jobs=-1)
2025-11-04 09:40:03,802:INFO:create_model() successfully completed......................................
2025-11-04 09:40:04,240:INFO:SubProcess create_model() end ==================================
2025-11-04 09:40:04,241:INFO:Creating metrics dataframe
2025-11-04 09:40:04,245:INFO:Initializing Lasso Regression
2025-11-04 09:40:04,245:INFO:Total runtime is 0.0834418535232544 minutes
2025-11-04 09:40:04,247:INFO:SubProcess create_model() called ==================================
2025-11-04 09:40:04,248:INFO:Initializing create_model()
2025-11-04 09:40:04,248:INFO:create_model(self=<pycaret.regression.oop.RegressionExperiment object at 0x0000025A1ED61290>, estimator=lasso, fold=KFold(n_splits=10, random_state=None, shuffle=False), round=4, cross_validation=True, predict=True, fit_kwargs={}, groups=None, refit=False, probability_threshold=None, experiment_custom_tags=None, verbose=False, system=False, add_to_model_list=True, metrics=None, display=<pycaret.internal.display.display.CommonDisplay object at 0x0000025A21C77690>, model_only=True, return_train_score=False, error_score=0.0, kwargs={})
2025-11-04 09:40:04,248:INFO:Checking exceptions
2025-11-04 09:40:04,248:INFO:Importing libraries
2025-11-04 09:40:04,248:INFO:Copying training dataset
2025-11-04 09:40:04,254:INFO:Defining folds
2025-11-04 09:40:04,254:INFO:Declaring metric variables
2025-11-04 09:40:04,256:INFO:Importing untrained model
2025-11-04 09:40:04,259:INFO:Lasso Regression Imported successfully
2025-11-04 09:40:04,263:INFO:Starting cross validation
2025-11-04 09:40:04,264:INFO:Cross validating with KFold(n_splits=10, random_state=None, shuffle=False), n_jobs=-1
2025-11-04 09:40:07,535:INFO:Calculating mean and std
2025-11-04 09:40:07,537:INFO:Creating metrics dataframe
2025-11-04 09:40:07,539:INFO:Uploading results into container
2025-11-04 09:40:07,540:INFO:Uploading model into container now
2025-11-04 09:40:07,540:INFO:_master_model_container: 2
2025-11-04 09:40:07,540:INFO:_display_container: 2
2025-11-04 09:40:07,541:INFO:Lasso(random_state=23)
2025-11-04 09:40:07,541:INFO:create_model() successfully completed......................................
2025-11-04 09:40:07,854:INFO:SubProcess create_model() end ==================================
2025-11-04 09:40:07,854:INFO:Creating metrics dataframe
2025-11-04 09:40:07,858:INFO:Initializing Ridge Regression
2025-11-04 09:40:07,858:INFO:Total runtime is 0.14366054932276406 minutes
2025-11-04 09:40:07,860:INFO:SubProcess create_model() called ==================================
2025-11-04 09:40:07,861:INFO:Initializing create_model()
2025-11-04 09:40:07,861:INFO:create_model(self=<pycaret.regression.oop.RegressionExperiment object at 0x0000025A1ED61290>, estimator=ridge, fold=KFold(n_splits=10, random_state=None, shuffle=False), round=4, cross_validation=True, predict=True, fit_kwargs={}, groups=None, refit=False, probability_threshold=None, experiment_custom_tags=None, verbose=False, system=False, add_to_model_list=True, metrics=None, display=<pycaret.internal.display.display.CommonDisplay object at 0x0000025A21C77690>, model_only=True, return_train_score=False, error_score=0.0, kwargs={})
2025-11-04 09:40:07,861:INFO:Checking exceptions
2025-11-04 09:40:07,861:INFO:Importing libraries
2025-11-04 09:40:07,861:INFO:Copying training dataset
2025-11-04 09:40:07,865:INFO:Defining folds
2025-11-04 09:40:07,866:INFO:Declaring metric variables
2025-11-04 09:40:07,868:INFO:Importing untrained model
2025-11-04 09:40:07,870:INFO:Ridge Regression Imported successfully
2025-11-04 09:40:07,873:INFO:Starting cross validation
2025-11-04 09:40:07,874:INFO:Cross validating with KFold(n_splits=10, random_state=None, shuffle=False), n_jobs=-1
2025-11-04 09:40:08,020:INFO:Calculating mean and std
2025-11-04 09:40:08,021:INFO:Creating metrics dataframe
2025-11-04 09:40:08,022:INFO:Uploading results into container
2025-11-04 09:40:08,022:INFO:Uploading model into container now
2025-11-04 09:40:08,023:INFO:_master_model_container: 3
2025-11-04 09:40:08,023:INFO:_display_container: 2
2025-11-04 09:40:08,023:INFO:Ridge(random_state=23)
2025-11-04 09:40:08,023:INFO:create_model() successfully completed......................................
2025-11-04 09:40:08,295:INFO:SubProcess create_model() end ==================================
2025-11-04 09:40:08,295:INFO:Creating metrics dataframe
2025-11-04 09:40:08,299:INFO:Initializing Elastic Net
2025-11-04 09:40:08,299:INFO:Total runtime is 0.15101833740870158 minutes
2025-11-04 09:40:08,300:INFO:SubProcess create_model() called ==================================
2025-11-04 09:40:08,301:INFO:Initializing create_model()
2025-11-04 09:40:08,301:INFO:create_model(self=<pycaret.regression.oop.RegressionExperiment object at 0x0000025A1ED61290>, estimator=en, fold=KFold(n_splits=10, random_state=None, shuffle=False), round=4, cross_validation=True, predict=True, fit_kwargs={}, groups=None, refit=False, probability_threshold=None, experiment_custom_tags=None, verbose=False, system=False, add_to_model_list=True, metrics=None, display=<pycaret.internal.display.display.CommonDisplay object at 0x0000025A21C77690>, model_only=True, return_train_score=False, error_score=0.0, kwargs={})
2025-11-04 09:40:08,301:INFO:Checking exceptions
2025-11-04 09:40:08,301:INFO:Importing libraries
2025-11-04 09:40:08,301:INFO:Copying training dataset
2025-11-04 09:40:08,306:INFO:Defining folds
2025-11-04 09:40:08,306:INFO:Declaring metric variables
2025-11-04 09:40:08,308:INFO:Importing untrained model
2025-11-04 09:40:08,310:INFO:Elastic Net Imported successfully
2025-11-04 09:40:08,313:INFO:Starting cross validation
2025-11-04 09:40:08,314:INFO:Cross validating with KFold(n_splits=10, random_state=None, shuffle=False), n_jobs=-1
2025-11-04 09:40:08,463:INFO:Calculating mean and std
2025-11-04 09:40:08,464:INFO:Creating metrics dataframe
2025-11-04 09:40:08,465:INFO:Uploading results into container
2025-11-04 09:40:08,465:INFO:Uploading model into container now
2025-11-04 09:40:08,466:INFO:_master_model_container: 4
2025-11-04 09:40:08,466:INFO:_display_container: 2
2025-11-04 09:40:08,466:INFO:ElasticNet(random_state=23)
2025-11-04 09:40:08,466:INFO:create_model() successfully completed......................................
2025-11-04 09:40:08,736:INFO:SubProcess create_model() end ==================================
2025-11-04 09:40:08,736:INFO:Creating metrics dataframe
2025-11-04 09:40:08,741:INFO:Initializing Least Angle Regression
2025-11-04 09:40:08,741:INFO:Total runtime is 0.15837480227152506 minutes
2025-11-04 09:40:08,742:INFO:SubProcess create_model() called ==================================
2025-11-04 09:40:08,743:INFO:Initializing create_model()
2025-11-04 09:40:08,743:INFO:create_model(self=<pycaret.regression.oop.RegressionExperiment object at 0x0000025A1ED61290>, estimator=lar, fold=KFold(n_splits=10, random_state=None, shuffle=False), round=4, cross_validation=True, predict=True, fit_kwargs={}, groups=None, refit=False, probability_threshold=None, experiment_custom_tags=None, verbose=False, system=False, add_to_model_list=True, metrics=None, display=<pycaret.internal.display.display.CommonDisplay object at 0x0000025A21C77690>, model_only=True, return_train_score=False, error_score=0.0, kwargs={})
2025-11-04 09:40:08,743:INFO:Checking exceptions
2025-11-04 09:40:08,743:INFO:Importing libraries
2025-11-04 09:40:08,743:INFO:Copying training dataset
2025-11-04 09:40:08,749:INFO:Defining folds
2025-11-04 09:40:08,749:INFO:Declaring metric variables
2025-11-04 09:40:08,751:INFO:Importing untrained model
2025-11-04 09:40:08,753:INFO:Least Angle Regression Imported successfully
2025-11-04 09:40:08,756:INFO:Starting cross validation
2025-11-04 09:40:08,757:INFO:Cross validating with KFold(n_splits=10, random_state=None, shuffle=False), n_jobs=-1
2025-11-04 09:40:08,898:INFO:Calculating mean and std
2025-11-04 09:40:08,899:INFO:Creating metrics dataframe
2025-11-04 09:40:08,900:INFO:Uploading results into container
2025-11-04 09:40:08,900:INFO:Uploading model into container now
2025-11-04 09:40:08,900:INFO:_master_model_container: 5
2025-11-04 09:40:08,900:INFO:_display_container: 2
2025-11-04 09:40:08,900:INFO:Lars(random_state=23)
2025-11-04 09:40:08,900:INFO:create_model() successfully completed......................................
2025-11-04 09:40:09,169:INFO:SubProcess create_model() end ==================================
2025-11-04 09:40:09,169:INFO:Creating metrics dataframe
2025-11-04 09:40:09,173:INFO:Initializing Lasso Least Angle Regression
2025-11-04 09:40:09,173:INFO:Total runtime is 0.1655787706375122 minutes
2025-11-04 09:40:09,175:INFO:SubProcess create_model() called ==================================
2025-11-04 09:40:09,176:INFO:Initializing create_model()
2025-11-04 09:40:09,176:INFO:create_model(self=<pycaret.regression.oop.RegressionExperiment object at 0x0000025A1ED61290>, estimator=llar, fold=KFold(n_splits=10, random_state=None, shuffle=False), round=4, cross_validation=True, predict=True, fit_kwargs={}, groups=None, refit=False, probability_threshold=None, experiment_custom_tags=None, verbose=False, system=False, add_to_model_list=True, metrics=None, display=<pycaret.internal.display.display.CommonDisplay object at 0x0000025A21C77690>, model_only=True, return_train_score=False, error_score=0.0, kwargs={})
2025-11-04 09:40:09,176:INFO:Checking exceptions
2025-11-04 09:40:09,176:INFO:Importing libraries
2025-11-04 09:40:09,176:INFO:Copying training dataset
2025-11-04 09:40:09,181:INFO:Defining folds
2025-11-04 09:40:09,181:INFO:Declaring metric variables
2025-11-04 09:40:09,182:INFO:Importing untrained model
2025-11-04 09:40:09,185:INFO:Lasso Least Angle Regression Imported successfully
2025-11-04 09:40:09,188:INFO:Starting cross validation
2025-11-04 09:40:09,189:INFO:Cross validating with KFold(n_splits=10, random_state=None, shuffle=False), n_jobs=-1
2025-11-04 09:40:09,332:INFO:Calculating mean and std
2025-11-04 09:40:09,333:INFO:Creating metrics dataframe
2025-11-04 09:40:09,334:INFO:Uploading results into container
2025-11-04 09:40:09,334:INFO:Uploading model into container now
2025-11-04 09:40:09,334:INFO:_master_model_container: 6
2025-11-04 09:40:09,335:INFO:_display_container: 2
2025-11-04 09:40:09,335:INFO:LassoLars(random_state=23)
2025-11-04 09:40:09,335:INFO:create_model() successfully completed......................................
2025-11-04 09:40:09,604:INFO:SubProcess create_model() end ==================================
2025-11-04 09:40:09,604:INFO:Creating metrics dataframe
2025-11-04 09:40:09,610:INFO:Initializing Orthogonal Matching Pursuit
2025-11-04 09:40:09,611:INFO:Total runtime is 0.17287487586339315 minutes
2025-11-04 09:40:09,613:INFO:SubProcess create_model() called ==================================
2025-11-04 09:40:09,613:INFO:Initializing create_model()
2025-11-04 09:40:09,613:INFO:create_model(self=<pycaret.regression.oop.RegressionExperiment object at 0x0000025A1ED61290>, estimator=omp, fold=KFold(n_splits=10, random_state=None, shuffle=False), round=4, cross_validation=True, predict=True, fit_kwargs={}, groups=None, refit=False, probability_threshold=None, experiment_custom_tags=None, verbose=False, system=False, add_to_model_list=True, metrics=None, display=<pycaret.internal.display.display.CommonDisplay object at 0x0000025A21C77690>, model_only=True, return_train_score=False, error_score=0.0, kwargs={})
2025-11-04 09:40:09,613:INFO:Checking exceptions
2025-11-04 09:40:09,613:INFO:Importing libraries
2025-11-04 09:40:09,613:INFO:Copying training dataset
2025-11-04 09:40:09,617:INFO:Defining folds
2025-11-04 09:40:09,618:INFO:Declaring metric variables
2025-11-04 09:40:09,620:INFO:Importing untrained model
2025-11-04 09:40:09,622:INFO:Orthogonal Matching Pursuit Imported successfully
2025-11-04 09:40:09,626:INFO:Starting cross validation
2025-11-04 09:40:09,627:INFO:Cross validating with KFold(n_splits=10, random_state=None, shuffle=False), n_jobs=-1
2025-11-04 09:40:09,776:INFO:Calculating mean and std
2025-11-04 09:40:09,777:INFO:Creating metrics dataframe
2025-11-04 09:40:09,778:INFO:Uploading results into container
2025-11-04 09:40:09,779:INFO:Uploading model into container now
2025-11-04 09:40:09,779:INFO:_master_model_container: 7
2025-11-04 09:40:09,779:INFO:_display_container: 2
2025-11-04 09:40:09,779:INFO:OrthogonalMatchingPursuit()
2025-11-04 09:40:09,779:INFO:create_model() successfully completed......................................
2025-11-04 09:40:10,055:INFO:SubProcess create_model() end ==================================
2025-11-04 09:40:10,055:INFO:Creating metrics dataframe
2025-11-04 09:40:10,060:INFO:Initializing Bayesian Ridge
2025-11-04 09:40:10,060:INFO:Total runtime is 0.18036795854568483 minutes
2025-11-04 09:40:10,062:INFO:SubProcess create_model() called ==================================
2025-11-04 09:40:10,062:INFO:Initializing create_model()
2025-11-04 09:40:10,062:INFO:create_model(self=<pycaret.regression.oop.RegressionExperiment object at 0x0000025A1ED61290>, estimator=br, fold=KFold(n_splits=10, random_state=None, shuffle=False), round=4, cross_validation=True, predict=True, fit_kwargs={}, groups=None, refit=False, probability_threshold=None, experiment_custom_tags=None, verbose=False, system=False, add_to_model_list=True, metrics=None, display=<pycaret.internal.display.display.CommonDisplay object at 0x0000025A21C77690>, model_only=True, return_train_score=False, error_score=0.0, kwargs={})
2025-11-04 09:40:10,063:INFO:Checking exceptions
2025-11-04 09:40:10,063:INFO:Importing libraries
2025-11-04 09:40:10,063:INFO:Copying training dataset
2025-11-04 09:40:10,067:INFO:Defining folds
2025-11-04 09:40:10,067:INFO:Declaring metric variables
2025-11-04 09:40:10,069:INFO:Importing untrained model
2025-11-04 09:40:10,071:INFO:Bayesian Ridge Imported successfully
2025-11-04 09:40:10,076:INFO:Starting cross validation
2025-11-04 09:40:10,077:INFO:Cross validating with KFold(n_splits=10, random_state=None, shuffle=False), n_jobs=-1
2025-11-04 09:40:10,221:INFO:Calculating mean and std
2025-11-04 09:40:10,222:INFO:Creating metrics dataframe
2025-11-04 09:40:10,223:INFO:Uploading results into container
2025-11-04 09:40:10,223:INFO:Uploading model into container now
2025-11-04 09:40:10,223:INFO:_master_model_container: 8
2025-11-04 09:40:10,223:INFO:_display_container: 2
2025-11-04 09:40:10,224:INFO:BayesianRidge()
2025-11-04 09:40:10,224:INFO:create_model() successfully completed......................................
2025-11-04 09:40:10,495:INFO:SubProcess create_model() end ==================================
2025-11-04 09:40:10,495:INFO:Creating metrics dataframe
2025-11-04 09:40:10,500:INFO:Initializing Passive Aggressive Regressor
2025-11-04 09:40:10,500:INFO:Total runtime is 0.1876934846242269 minutes
2025-11-04 09:40:10,502:INFO:SubProcess create_model() called ==================================
2025-11-04 09:40:10,502:INFO:Initializing create_model()
2025-11-04 09:40:10,502:INFO:create_model(self=<pycaret.regression.oop.RegressionExperiment object at 0x0000025A1ED61290>, estimator=par, fold=KFold(n_splits=10, random_state=None, shuffle=False), round=4, cross_validation=True, predict=True, fit_kwargs={}, groups=None, refit=False, probability_threshold=None, experiment_custom_tags=None, verbose=False, system=False, add_to_model_list=True, metrics=None, display=<pycaret.internal.display.display.CommonDisplay object at 0x0000025A21C77690>, model_only=True, return_train_score=False, error_score=0.0, kwargs={})
2025-11-04 09:40:10,502:INFO:Checking exceptions
2025-11-04 09:40:10,502:INFO:Importing libraries
2025-11-04 09:40:10,502:INFO:Copying training dataset
2025-11-04 09:40:10,507:INFO:Defining folds
2025-11-04 09:40:10,507:INFO:Declaring metric variables
2025-11-04 09:40:10,508:INFO:Importing untrained model
2025-11-04 09:40:10,510:INFO:Passive Aggressive Regressor Imported successfully
2025-11-04 09:40:10,514:INFO:Starting cross validation
2025-11-04 09:40:10,515:INFO:Cross validating with KFold(n_splits=10, random_state=None, shuffle=False), n_jobs=-1
2025-11-04 09:40:10,691:INFO:Calculating mean and std
2025-11-04 09:40:10,691:INFO:Creating metrics dataframe
2025-11-04 09:40:10,692:INFO:Uploading results into container
2025-11-04 09:40:10,693:INFO:Uploading model into container now
2025-11-04 09:40:10,693:INFO:_master_model_container: 9
2025-11-04 09:40:10,693:INFO:_display_container: 2
2025-11-04 09:40:10,693:INFO:PassiveAggressiveRegressor(random_state=23)
2025-11-04 09:40:10,693:INFO:create_model() successfully completed......................................
2025-11-04 09:40:10,961:INFO:SubProcess create_model() end ==================================
2025-11-04 09:40:10,961:INFO:Creating metrics dataframe
2025-11-04 09:40:10,966:INFO:Initializing Huber Regressor
2025-11-04 09:40:10,966:INFO:Total runtime is 0.19546597401301066 minutes
2025-11-04 09:40:10,968:INFO:SubProcess create_model() called ==================================
2025-11-04 09:40:10,968:INFO:Initializing create_model()
2025-11-04 09:40:10,968:INFO:create_model(self=<pycaret.regression.oop.RegressionExperiment object at 0x0000025A1ED61290>, estimator=huber, fold=KFold(n_splits=10, random_state=None, shuffle=False), round=4, cross_validation=True, predict=True, fit_kwargs={}, groups=None, refit=False, probability_threshold=None, experiment_custom_tags=None, verbose=False, system=False, add_to_model_list=True, metrics=None, display=<pycaret.internal.display.display.CommonDisplay object at 0x0000025A21C77690>, model_only=True, return_train_score=False, error_score=0.0, kwargs={})
2025-11-04 09:40:10,968:INFO:Checking exceptions
2025-11-04 09:40:10,968:INFO:Importing libraries
2025-11-04 09:40:10,968:INFO:Copying training dataset
2025-11-04 09:40:10,974:INFO:Defining folds
2025-11-04 09:40:10,974:INFO:Declaring metric variables
2025-11-04 09:40:10,976:INFO:Importing untrained model
2025-11-04 09:40:10,979:INFO:Huber Regressor Imported successfully
2025-11-04 09:40:10,982:INFO:Starting cross validation
2025-11-04 09:40:10,983:INFO:Cross validating with KFold(n_splits=10, random_state=None, shuffle=False), n_jobs=-1
2025-11-04 09:40:11,185:INFO:Calculating mean and std
2025-11-04 09:40:11,186:INFO:Creating metrics dataframe
2025-11-04 09:40:11,188:INFO:Uploading results into container
2025-11-04 09:40:11,188:INFO:Uploading model into container now
2025-11-04 09:40:11,189:INFO:_master_model_container: 10
2025-11-04 09:40:11,189:INFO:_display_container: 2
2025-11-04 09:40:11,189:INFO:HuberRegressor()
2025-11-04 09:40:11,189:INFO:create_model() successfully completed......................................
2025-11-04 09:40:11,465:INFO:SubProcess create_model() end ==================================
2025-11-04 09:40:11,465:INFO:Creating metrics dataframe
2025-11-04 09:40:11,471:INFO:Initializing K Neighbors Regressor
2025-11-04 09:40:11,471:INFO:Total runtime is 0.20387026866277058 minutes
2025-11-04 09:40:11,473:INFO:SubProcess create_model() called ==================================
2025-11-04 09:40:11,473:INFO:Initializing create_model()
2025-11-04 09:40:11,473:INFO:create_model(self=<pycaret.regression.oop.RegressionExperiment object at 0x0000025A1ED61290>, estimator=knn, fold=KFold(n_splits=10, random_state=None, shuffle=False), round=4, cross_validation=True, predict=True, fit_kwargs={}, groups=None, refit=False, probability_threshold=None, experiment_custom_tags=None, verbose=False, system=False, add_to_model_list=True, metrics=None, display=<pycaret.internal.display.display.CommonDisplay object at 0x0000025A21C77690>, model_only=True, return_train_score=False, error_score=0.0, kwargs={})
2025-11-04 09:40:11,473:INFO:Checking exceptions
2025-11-04 09:40:11,474:INFO:Importing libraries
2025-11-04 09:40:11,474:INFO:Copying training dataset
2025-11-04 09:40:11,478:INFO:Defining folds
2025-11-04 09:40:11,478:INFO:Declaring metric variables
2025-11-04 09:40:11,481:INFO:Importing untrained model
2025-11-04 09:40:11,483:INFO:K Neighbors Regressor Imported successfully
2025-11-04 09:40:11,487:INFO:Starting cross validation
2025-11-04 09:40:11,487:INFO:Cross validating with KFold(n_splits=10, random_state=None, shuffle=False), n_jobs=-1
2025-11-04 09:40:11,702:INFO:Calculating mean and std
2025-11-04 09:40:11,703:INFO:Creating metrics dataframe
2025-11-04 09:40:11,704:INFO:Uploading results into container
2025-11-04 09:40:11,704:INFO:Uploading model into container now
2025-11-04 09:40:11,705:INFO:_master_model_container: 11
2025-11-04 09:40:11,705:INFO:_display_container: 2
2025-11-04 09:40:11,705:INFO:KNeighborsRegressor(n_jobs=-1)
2025-11-04 09:40:11,705:INFO:create_model() successfully completed......................................
2025-11-04 09:40:11,974:INFO:SubProcess create_model() end ==================================
2025-11-04 09:40:11,974:INFO:Creating metrics dataframe
2025-11-04 09:40:11,980:INFO:Initializing Decision Tree Regressor
2025-11-04 09:40:11,980:INFO:Total runtime is 0.21236421664555866 minutes
2025-11-04 09:40:11,982:INFO:SubProcess create_model() called ==================================
2025-11-04 09:40:11,982:INFO:Initializing create_model()
2025-11-04 09:40:11,982:INFO:create_model(self=<pycaret.regression.oop.RegressionExperiment object at 0x0000025A1ED61290>, estimator=dt, fold=KFold(n_splits=10, random_state=None, shuffle=False), round=4, cross_validation=True, predict=True, fit_kwargs={}, groups=None, refit=False, probability_threshold=None, experiment_custom_tags=None, verbose=False, system=False, add_to_model_list=True, metrics=None, display=<pycaret.internal.display.display.CommonDisplay object at 0x0000025A21C77690>, model_only=True, return_train_score=False, error_score=0.0, kwargs={})
2025-11-04 09:40:11,982:INFO:Checking exceptions
2025-11-04 09:40:11,982:INFO:Importing libraries
2025-11-04 09:40:11,982:INFO:Copying training dataset
2025-11-04 09:40:11,987:INFO:Defining folds
2025-11-04 09:40:11,987:INFO:Declaring metric variables
2025-11-04 09:40:11,989:INFO:Importing untrained model
2025-11-04 09:40:11,992:INFO:Decision Tree Regressor Imported successfully
2025-11-04 09:40:11,995:INFO:Starting cross validation
2025-11-04 09:40:11,996:INFO:Cross validating with KFold(n_splits=10, random_state=None, shuffle=False), n_jobs=-1
2025-11-04 09:40:12,147:INFO:Calculating mean and std
2025-11-04 09:40:12,148:INFO:Creating metrics dataframe
2025-11-04 09:40:12,149:INFO:Uploading results into container
2025-11-04 09:40:12,149:INFO:Uploading model into container now
2025-11-04 09:40:12,149:INFO:_master_model_container: 12
2025-11-04 09:40:12,149:INFO:_display_container: 2
2025-11-04 09:40:12,150:INFO:DecisionTreeRegressor(random_state=23)
2025-11-04 09:40:12,150:INFO:create_model() successfully completed......................................
2025-11-04 09:40:12,446:INFO:SubProcess create_model() end ==================================
2025-11-04 09:40:12,446:INFO:Creating metrics dataframe
2025-11-04 09:40:12,452:INFO:Initializing Random Forest Regressor
2025-11-04 09:40:12,452:INFO:Total runtime is 0.2202210227648417 minutes
2025-11-04 09:40:12,455:INFO:SubProcess create_model() called ==================================
2025-11-04 09:40:12,455:INFO:Initializing create_model()
2025-11-04 09:40:12,456:INFO:create_model(self=<pycaret.regression.oop.RegressionExperiment object at 0x0000025A1ED61290>, estimator=rf, fold=KFold(n_splits=10, random_state=None, shuffle=False), round=4, cross_validation=True, predict=True, fit_kwargs={}, groups=None, refit=False, probability_threshold=None, experiment_custom_tags=None, verbose=False, system=False, add_to_model_list=True, metrics=None, display=<pycaret.internal.display.display.CommonDisplay object at 0x0000025A21C77690>, model_only=True, return_train_score=False, error_score=0.0, kwargs={})
2025-11-04 09:40:12,456:INFO:Checking exceptions
2025-11-04 09:40:12,456:INFO:Importing libraries
2025-11-04 09:40:12,456:INFO:Copying training dataset
2025-11-04 09:40:12,462:INFO:Defining folds
2025-11-04 09:40:12,462:INFO:Declaring metric variables
2025-11-04 09:40:12,465:INFO:Importing untrained model
2025-11-04 09:40:12,467:INFO:Random Forest Regressor Imported successfully
2025-11-04 09:40:12,471:INFO:Starting cross validation
2025-11-04 09:40:12,472:INFO:Cross validating with KFold(n_splits=10, random_state=None, shuffle=False), n_jobs=-1
2025-11-04 09:40:14,019:INFO:Calculating mean and std
2025-11-04 09:40:14,020:INFO:Creating metrics dataframe
2025-11-04 09:40:14,021:INFO:Uploading results into container
2025-11-04 09:40:14,021:INFO:Uploading model into container now
2025-11-04 09:40:14,022:INFO:_master_model_container: 13
2025-11-04 09:40:14,022:INFO:_display_container: 2
2025-11-04 09:40:14,022:INFO:RandomForestRegressor(n_jobs=-1, random_state=23)
2025-11-04 09:40:14,022:INFO:create_model() successfully completed......................................
2025-11-04 09:40:14,289:INFO:SubProcess create_model() end ==================================
2025-11-04 09:40:14,289:INFO:Creating metrics dataframe
2025-11-04 09:40:14,295:INFO:Initializing Extra Trees Regressor
2025-11-04 09:40:14,295:INFO:Total runtime is 0.25094749132792155 minutes
2025-11-04 09:40:14,297:INFO:SubProcess create_model() called ==================================
2025-11-04 09:40:14,298:INFO:Initializing create_model()
2025-11-04 09:40:14,298:INFO:create_model(self=<pycaret.regression.oop.RegressionExperiment object at 0x0000025A1ED61290>, estimator=et, fold=KFold(n_splits=10, random_state=None, shuffle=False), round=4, cross_validation=True, predict=True, fit_kwargs={}, groups=None, refit=False, probability_threshold=None, experiment_custom_tags=None, verbose=False, system=False, add_to_model_list=True, metrics=None, display=<pycaret.internal.display.display.CommonDisplay object at 0x0000025A21C77690>, model_only=True, return_train_score=False, error_score=0.0, kwargs={})
2025-11-04 09:40:14,298:INFO:Checking exceptions
2025-11-04 09:40:14,298:INFO:Importing libraries
2025-11-04 09:40:14,298:INFO:Copying training dataset
2025-11-04 09:40:14,304:INFO:Defining folds
2025-11-04 09:40:14,304:INFO:Declaring metric variables
2025-11-04 09:40:14,306:INFO:Importing untrained model
2025-11-04 09:40:14,308:INFO:Extra Trees Regressor Imported successfully
2025-11-04 09:40:14,312:INFO:Starting cross validation
2025-11-04 09:40:14,313:INFO:Cross validating with KFold(n_splits=10, random_state=None, shuffle=False), n_jobs=-1
2025-11-04 09:40:15,549:INFO:Calculating mean and std
2025-11-04 09:40:15,549:INFO:Creating metrics dataframe
2025-11-04 09:40:15,551:INFO:Uploading results into container
2025-11-04 09:40:15,552:INFO:Uploading model into container now
2025-11-04 09:40:15,552:INFO:_master_model_container: 14
2025-11-04 09:40:15,552:INFO:_display_container: 2
2025-11-04 09:40:15,552:INFO:ExtraTreesRegressor(n_jobs=-1, random_state=23)
2025-11-04 09:40:15,553:INFO:create_model() successfully completed......................................
2025-11-04 09:40:15,859:INFO:SubProcess create_model() end ==================================
2025-11-04 09:40:15,859:INFO:Creating metrics dataframe
2025-11-04 09:40:15,865:INFO:Initializing AdaBoost Regressor
2025-11-04 09:40:15,865:INFO:Total runtime is 0.2771186391512553 minutes
2025-11-04 09:40:15,867:INFO:SubProcess create_model() called ==================================
2025-11-04 09:40:15,867:INFO:Initializing create_model()
2025-11-04 09:40:15,867:INFO:create_model(self=<pycaret.regression.oop.RegressionExperiment object at 0x0000025A1ED61290>, estimator=ada, fold=KFold(n_splits=10, random_state=None, shuffle=False), round=4, cross_validation=True, predict=True, fit_kwargs={}, groups=None, refit=False, probability_threshold=None, experiment_custom_tags=None, verbose=False, system=False, add_to_model_list=True, metrics=None, display=<pycaret.internal.display.display.CommonDisplay object at 0x0000025A21C77690>, model_only=True, return_train_score=False, error_score=0.0, kwargs={})
2025-11-04 09:40:15,867:INFO:Checking exceptions
2025-11-04 09:40:15,867:INFO:Importing libraries
2025-11-04 09:40:15,867:INFO:Copying training dataset
2025-11-04 09:40:15,872:INFO:Defining folds
2025-11-04 09:40:15,872:INFO:Declaring metric variables
2025-11-04 09:40:15,874:INFO:Importing untrained model
2025-11-04 09:40:15,876:INFO:AdaBoost Regressor Imported successfully
2025-11-04 09:40:15,880:INFO:Starting cross validation
2025-11-04 09:40:15,881:INFO:Cross validating with KFold(n_splits=10, random_state=None, shuffle=False), n_jobs=-1
2025-11-04 09:40:16,160:INFO:Calculating mean and std
2025-11-04 09:40:16,160:INFO:Creating metrics dataframe
2025-11-04 09:40:16,162:INFO:Uploading results into container
2025-11-04 09:40:16,163:INFO:Uploading model into container now
2025-11-04 09:40:16,163:INFO:_master_model_container: 15
2025-11-04 09:40:16,163:INFO:_display_container: 2
2025-11-04 09:40:16,163:INFO:AdaBoostRegressor(random_state=23)
2025-11-04 09:40:16,164:INFO:create_model() successfully completed......................................
2025-11-04 09:40:16,431:INFO:SubProcess create_model() end ==================================
2025-11-04 09:40:16,431:INFO:Creating metrics dataframe
2025-11-04 09:40:16,437:INFO:Initializing Gradient Boosting Regressor
2025-11-04 09:40:16,437:INFO:Total runtime is 0.28663832743962603 minutes
2025-11-04 09:40:16,439:INFO:SubProcess create_model() called ==================================
2025-11-04 09:40:16,440:INFO:Initializing create_model()
2025-11-04 09:40:16,440:INFO:create_model(self=<pycaret.regression.oop.RegressionExperiment object at 0x0000025A1ED61290>, estimator=gbr, fold=KFold(n_splits=10, random_state=None, shuffle=False), round=4, cross_validation=True, predict=True, fit_kwargs={}, groups=None, refit=False, probability_threshold=None, experiment_custom_tags=None, verbose=False, system=False, add_to_model_list=True, metrics=None, display=<pycaret.internal.display.display.CommonDisplay object at 0x0000025A21C77690>, model_only=True, return_train_score=False, error_score=0.0, kwargs={})
2025-11-04 09:40:16,440:INFO:Checking exceptions
2025-11-04 09:40:16,440:INFO:Importing libraries
2025-11-04 09:40:16,440:INFO:Copying training dataset
2025-11-04 09:40:16,444:INFO:Defining folds
2025-11-04 09:40:16,444:INFO:Declaring metric variables
2025-11-04 09:40:16,446:INFO:Importing untrained model
2025-11-04 09:40:16,448:INFO:Gradient Boosting Regressor Imported successfully
2025-11-04 09:40:16,452:INFO:Starting cross validation
2025-11-04 09:40:16,453:INFO:Cross validating with KFold(n_splits=10, random_state=None, shuffle=False), n_jobs=-1
2025-11-04 09:40:17,166:INFO:Calculating mean and std
2025-11-04 09:40:17,167:INFO:Creating metrics dataframe
2025-11-04 09:40:17,168:INFO:Uploading results into container
2025-11-04 09:40:17,168:INFO:Uploading model into container now
2025-11-04 09:40:17,168:INFO:_master_model_container: 16
2025-11-04 09:40:17,169:INFO:_display_container: 2
2025-11-04 09:40:17,169:INFO:GradientBoostingRegressor(random_state=23)
2025-11-04 09:40:17,169:INFO:create_model() successfully completed......................................
2025-11-04 09:40:17,440:INFO:SubProcess create_model() end ==================================
2025-11-04 09:40:17,441:INFO:Creating metrics dataframe
2025-11-04 09:40:17,447:INFO:Initializing Extreme Gradient Boosting
2025-11-04 09:40:17,447:INFO:Total runtime is 0.3034840901692708 minutes
2025-11-04 09:40:17,449:INFO:SubProcess create_model() called ==================================
2025-11-04 09:40:17,449:INFO:Initializing create_model()
2025-11-04 09:40:17,449:INFO:create_model(self=<pycaret.regression.oop.RegressionExperiment object at 0x0000025A1ED61290>, estimator=xgboost, fold=KFold(n_splits=10, random_state=None, shuffle=False), round=4, cross_validation=True, predict=True, fit_kwargs={}, groups=None, refit=False, probability_threshold=None, experiment_custom_tags=None, verbose=False, system=False, add_to_model_list=True, metrics=None, display=<pycaret.internal.display.display.CommonDisplay object at 0x0000025A21C77690>, model_only=True, return_train_score=False, error_score=0.0, kwargs={})
2025-11-04 09:40:17,450:INFO:Checking exceptions
2025-11-04 09:40:17,450:INFO:Importing libraries
2025-11-04 09:40:17,450:INFO:Copying training dataset
2025-11-04 09:40:17,454:INFO:Defining folds
2025-11-04 09:40:17,454:INFO:Declaring metric variables
2025-11-04 09:40:17,456:INFO:Importing untrained model
2025-11-04 09:40:17,458:INFO:Extreme Gradient Boosting Imported successfully
2025-11-04 09:40:17,462:INFO:Starting cross validation
2025-11-04 09:40:17,463:INFO:Cross validating with KFold(n_splits=10, random_state=None, shuffle=False), n_jobs=-1
2025-11-04 09:40:18,121:INFO:Calculating mean and std
2025-11-04 09:40:18,122:INFO:Creating metrics dataframe
2025-11-04 09:40:18,123:INFO:Uploading results into container
2025-11-04 09:40:18,123:INFO:Uploading model into container now
2025-11-04 09:40:18,123:INFO:_master_model_container: 17
2025-11-04 09:40:18,123:INFO:_display_container: 2
2025-11-04 09:40:18,125:INFO:XGBRegressor(base_score=None, booster='gbtree', callbacks=None,
             colsample_bylevel=None, colsample_bynode=None,
             colsample_bytree=None, device='cpu', early_stopping_rounds=None,
             enable_categorical=False, eval_metric=None, feature_types=None,
             feature_weights=None, gamma=None, grow_policy=None,
             importance_type=None, interaction_constraints=None,
             learning_rate=None, max_bin=None, max_cat_threshold=None,
             max_cat_to_onehot=None, max_delta_step=None, max_depth=None,
             max_leaves=None, min_child_weight=None, missing=nan,
             monotone_constraints=None, multi_strategy=None, n_estimators=None,
             n_jobs=-1, num_parallel_tree=None, ...)
2025-11-04 09:40:18,125:INFO:create_model() successfully completed......................................
2025-11-04 09:40:18,396:INFO:SubProcess create_model() end ==================================
2025-11-04 09:40:18,396:INFO:Creating metrics dataframe
2025-11-04 09:40:18,403:INFO:Initializing Light Gradient Boosting Machine
2025-11-04 09:40:18,403:INFO:Total runtime is 0.3194136540095011 minutes
2025-11-04 09:40:18,406:INFO:SubProcess create_model() called ==================================
2025-11-04 09:40:18,406:INFO:Initializing create_model()
2025-11-04 09:40:18,406:INFO:create_model(self=<pycaret.regression.oop.RegressionExperiment object at 0x0000025A1ED61290>, estimator=lightgbm, fold=KFold(n_splits=10, random_state=None, shuffle=False), round=4, cross_validation=True, predict=True, fit_kwargs={}, groups=None, refit=False, probability_threshold=None, experiment_custom_tags=None, verbose=False, system=False, add_to_model_list=True, metrics=None, display=<pycaret.internal.display.display.CommonDisplay object at 0x0000025A21C77690>, model_only=True, return_train_score=False, error_score=0.0, kwargs={})
2025-11-04 09:40:18,406:INFO:Checking exceptions
2025-11-04 09:40:18,406:INFO:Importing libraries
2025-11-04 09:40:18,406:INFO:Copying training dataset
2025-11-04 09:40:18,411:INFO:Defining folds
2025-11-04 09:40:18,411:INFO:Declaring metric variables
2025-11-04 09:40:18,413:INFO:Importing untrained model
2025-11-04 09:40:18,416:INFO:Light Gradient Boosting Machine Imported successfully
2025-11-04 09:40:18,419:INFO:Starting cross validation
2025-11-04 09:40:18,420:INFO:Cross validating with KFold(n_splits=10, random_state=None, shuffle=False), n_jobs=-1
2025-11-04 09:40:19,298:INFO:Calculating mean and std
2025-11-04 09:40:19,299:INFO:Creating metrics dataframe
2025-11-04 09:40:19,301:INFO:Uploading results into container
2025-11-04 09:40:19,302:INFO:Uploading model into container now
2025-11-04 09:40:19,302:INFO:_master_model_container: 18
2025-11-04 09:40:19,302:INFO:_display_container: 2
2025-11-04 09:40:19,303:INFO:LGBMRegressor(n_jobs=-1, random_state=23)
2025-11-04 09:40:19,303:INFO:create_model() successfully completed......................................
2025-11-04 09:40:19,609:INFO:SubProcess create_model() end ==================================
2025-11-04 09:40:19,609:INFO:Creating metrics dataframe
2025-11-04 09:40:19,616:INFO:Initializing CatBoost Regressor
2025-11-04 09:40:19,616:INFO:Total runtime is 0.33963339726130165 minutes
2025-11-04 09:40:19,617:INFO:SubProcess create_model() called ==================================
2025-11-04 09:40:19,619:INFO:Initializing create_model()
2025-11-04 09:40:19,619:INFO:create_model(self=<pycaret.regression.oop.RegressionExperiment object at 0x0000025A1ED61290>, estimator=catboost, fold=KFold(n_splits=10, random_state=None, shuffle=False), round=4, cross_validation=True, predict=True, fit_kwargs={}, groups=None, refit=False, probability_threshold=None, experiment_custom_tags=None, verbose=False, system=False, add_to_model_list=True, metrics=None, display=<pycaret.internal.display.display.CommonDisplay object at 0x0000025A21C77690>, model_only=True, return_train_score=False, error_score=0.0, kwargs={})
2025-11-04 09:40:19,619:INFO:Checking exceptions
2025-11-04 09:40:19,619:INFO:Importing libraries
2025-11-04 09:40:19,619:INFO:Copying training dataset
2025-11-04 09:40:19,624:INFO:Defining folds
2025-11-04 09:40:19,624:INFO:Declaring metric variables
2025-11-04 09:40:19,625:INFO:Importing untrained model
2025-11-04 09:40:19,627:INFO:CatBoost Regressor Imported successfully
2025-11-04 09:40:19,631:INFO:Starting cross validation
2025-11-04 09:40:19,632:INFO:Cross validating with KFold(n_splits=10, random_state=None, shuffle=False), n_jobs=-1
2025-11-04 09:40:28,730:INFO:Calculating mean and std
2025-11-04 09:40:28,731:INFO:Creating metrics dataframe
2025-11-04 09:40:28,732:INFO:Uploading results into container
2025-11-04 09:40:28,732:INFO:Uploading model into container now
2025-11-04 09:40:28,732:INFO:_master_model_container: 19
2025-11-04 09:40:28,732:INFO:_display_container: 2
2025-11-04 09:40:28,732:INFO:<catboost.core.CatBoostRegressor object at 0x0000025A247F5790>
2025-11-04 09:40:28,732:INFO:create_model() successfully completed......................................
2025-11-04 09:40:29,008:INFO:SubProcess create_model() end ==================================
2025-11-04 09:40:29,008:INFO:Creating metrics dataframe
2025-11-04 09:40:29,015:INFO:Initializing Dummy Regressor
2025-11-04 09:40:29,015:INFO:Total runtime is 0.49628136952718094 minutes
2025-11-04 09:40:29,017:INFO:SubProcess create_model() called ==================================
2025-11-04 09:40:29,017:INFO:Initializing create_model()
2025-11-04 09:40:29,017:INFO:create_model(self=<pycaret.regression.oop.RegressionExperiment object at 0x0000025A1ED61290>, estimator=dummy, fold=KFold(n_splits=10, random_state=None, shuffle=False), round=4, cross_validation=True, predict=True, fit_kwargs={}, groups=None, refit=False, probability_threshold=None, experiment_custom_tags=None, verbose=False, system=False, add_to_model_list=True, metrics=None, display=<pycaret.internal.display.display.CommonDisplay object at 0x0000025A21C77690>, model_only=True, return_train_score=False, error_score=0.0, kwargs={})
2025-11-04 09:40:29,017:INFO:Checking exceptions
2025-11-04 09:40:29,017:INFO:Importing libraries
2025-11-04 09:40:29,018:INFO:Copying training dataset
2025-11-04 09:40:29,022:INFO:Defining folds
2025-11-04 09:40:29,022:INFO:Declaring metric variables
2025-11-04 09:40:29,025:INFO:Importing untrained model
2025-11-04 09:40:29,027:INFO:Dummy Regressor Imported successfully
2025-11-04 09:40:29,038:INFO:Starting cross validation
2025-11-04 09:40:29,039:INFO:Cross validating with KFold(n_splits=10, random_state=None, shuffle=False), n_jobs=-1
2025-11-04 09:40:29,184:INFO:Calculating mean and std
2025-11-04 09:40:29,185:INFO:Creating metrics dataframe
2025-11-04 09:40:29,186:INFO:Uploading results into container
2025-11-04 09:40:29,187:INFO:Uploading model into container now
2025-11-04 09:40:29,187:INFO:_master_model_container: 20
2025-11-04 09:40:29,187:INFO:_display_container: 2
2025-11-04 09:40:29,187:INFO:DummyRegressor()
2025-11-04 09:40:29,187:INFO:create_model() successfully completed......................................
2025-11-04 09:40:29,462:INFO:SubProcess create_model() end ==================================
2025-11-04 09:40:29,463:INFO:Creating metrics dataframe
2025-11-04 09:40:29,475:INFO:Initializing create_model()
2025-11-04 09:40:29,475:INFO:create_model(self=<pycaret.regression.oop.RegressionExperiment object at 0x0000025A1ED61290>, estimator=GradientBoostingRegressor(random_state=23), fold=KFold(n_splits=10, random_state=None, shuffle=False), round=4, cross_validation=False, predict=False, fit_kwargs={}, groups=None, refit=True, probability_threshold=None, experiment_custom_tags=None, verbose=False, system=False, add_to_model_list=True, metrics=None, display=None, model_only=True, return_train_score=False, error_score=0.0, kwargs={})
2025-11-04 09:40:29,476:INFO:Checking exceptions
2025-11-04 09:40:29,477:INFO:Importing libraries
2025-11-04 09:40:29,477:INFO:Copying training dataset
2025-11-04 09:40:29,481:INFO:Defining folds
2025-11-04 09:40:29,481:INFO:Declaring metric variables
2025-11-04 09:40:29,481:INFO:Importing untrained model
2025-11-04 09:40:29,481:INFO:Declaring custom model
2025-11-04 09:40:29,482:INFO:Gradient Boosting Regressor Imported successfully
2025-11-04 09:40:29,482:INFO:Cross validation set to False
2025-11-04 09:40:29,482:INFO:Fitting Model
2025-11-04 09:40:29,964:INFO:GradientBoostingRegressor(random_state=23)
2025-11-04 09:40:29,964:INFO:create_model() successfully completed......................................
2025-11-04 09:40:30,275:INFO:_master_model_container: 20
2025-11-04 09:40:30,275:INFO:_display_container: 2
2025-11-04 09:40:30,275:INFO:GradientBoostingRegressor(random_state=23)
2025-11-04 09:40:30,276:INFO:compare_models() successfully completed......................................
2025-11-05 11:55:39,794:WARNING:
'cuml' is a soft dependency and not included in the pycaret installation. Please run: `pip install cuml` to install.
2025-11-05 11:55:39,795:WARNING:
'cuml' is a soft dependency and not included in the pycaret installation. Please run: `pip install cuml` to install.
2025-11-05 11:55:39,795:WARNING:
'cuml' is a soft dependency and not included in the pycaret installation. Please run: `pip install cuml` to install.
2025-11-05 11:55:39,795:WARNING:
'cuml' is a soft dependency and not included in the pycaret installation. Please run: `pip install cuml` to install.
2025-11-05 11:55:57,995:INFO:PyCaret RegressionExperiment
2025-11-05 11:55:57,995:INFO:Logging name: reg-default-name
2025-11-05 11:55:57,995:INFO:ML Usecase: MLUsecase.REGRESSION
2025-11-05 11:55:57,995:INFO:version 3.3.2
2025-11-05 11:55:57,995:INFO:Initializing setup()
2025-11-05 11:55:57,995:INFO:self.USI: fe7c
2025-11-05 11:55:57,995:INFO:self._variable_keys: {'_ml_usecase', 'memory', 'exp_name_log', 'logging_param', 'y_test', 'fold_shuffle_param', 'X_test', 'seed', 'html_param', 'X_train', 'idx', 'USI', 'fold_groups_param', '_available_plots', 'fold_generator', 'y', 'pipeline', 'exp_id', 'gpu_param', 'y_train', 'gpu_n_jobs_param', 'X', 'transform_target_param', 'data', 'log_plots_param', 'target_param', 'n_jobs_param'}
2025-11-05 11:55:57,995:INFO:Checking environment
2025-11-05 11:55:57,995:INFO:python_version: 3.11.7
2025-11-05 11:55:57,995:INFO:python_build: ('tags/v3.11.7:fa7a6f2', 'Dec  4 2023 19:24:49')
2025-11-05 11:55:57,995:INFO:machine: AMD64
2025-11-05 11:55:57,995:INFO:platform: Windows-10-10.0.22631-SP0
2025-11-05 11:55:58,000:INFO:Memory: svmem(total=16841400320, available=922566656, percent=94.5, used=15918833664, free=922566656)
2025-11-05 11:55:58,000:INFO:Physical Core: 8
2025-11-05 11:55:58,000:INFO:Logical Core: 16
2025-11-05 11:55:58,000:INFO:Checking libraries
2025-11-05 11:55:58,000:INFO:System:
2025-11-05 11:55:58,000:INFO:    python: 3.11.7 (tags/v3.11.7:fa7a6f2, Dec  4 2023, 19:24:49) [MSC v.1937 64 bit (AMD64)]
2025-11-05 11:55:58,000:INFO:executable: c:\Users\Asus\Desktop\train\venv\Scripts\python.exe
2025-11-05 11:55:58,000:INFO:   machine: Windows-10-10.0.22631-SP0
2025-11-05 11:55:58,000:INFO:PyCaret required dependencies:
2025-11-05 11:55:59,584:INFO:                 pip: 23.2.1
2025-11-05 11:55:59,584:INFO:          setuptools: 80.9.0
2025-11-05 11:55:59,584:INFO:             pycaret: 3.3.2
2025-11-05 11:55:59,584:INFO:             IPython: 9.4.0
2025-11-05 11:55:59,585:INFO:          ipywidgets: 8.1.7
2025-11-05 11:55:59,585:INFO:                tqdm: 4.67.1
2025-11-05 11:55:59,585:INFO:               numpy: 1.26.4
2025-11-05 11:55:59,585:INFO:              pandas: 2.1.4
2025-11-05 11:55:59,585:INFO:              jinja2: 3.1.6
2025-11-05 11:55:59,585:INFO:               scipy: 1.11.4
2025-11-05 11:55:59,585:INFO:              joblib: 1.3.2
2025-11-05 11:55:59,585:INFO:             sklearn: 1.4.2
2025-11-05 11:55:59,585:INFO:                pyod: 2.0.5
2025-11-05 11:55:59,585:INFO:            imblearn: 0.14.0
2025-11-05 11:55:59,585:INFO:   category_encoders: 2.7.0
2025-11-05 11:55:59,585:INFO:            lightgbm: 4.6.0
2025-11-05 11:55:59,585:INFO:               numba: 0.61.0
2025-11-05 11:55:59,585:INFO:            requests: 2.32.5
2025-11-05 11:55:59,585:INFO:          matplotlib: 3.7.5
2025-11-05 11:55:59,585:INFO:          scikitplot: 0.3.7
2025-11-05 11:55:59,585:INFO:         yellowbrick: 1.5
2025-11-05 11:55:59,585:INFO:              plotly: 5.24.1
2025-11-05 11:55:59,585:INFO:    plotly-resampler: Not installed
2025-11-05 11:55:59,585:INFO:             kaleido: 1.1.0
2025-11-05 11:55:59,585:INFO:           schemdraw: 0.15
2025-11-05 11:55:59,585:INFO:         statsmodels: 0.14.5
2025-11-05 11:55:59,585:INFO:              sktime: 0.26.0
2025-11-05 11:55:59,585:INFO:               tbats: 1.1.3
2025-11-05 11:55:59,585:INFO:            pmdarima: 2.0.4
2025-11-05 11:55:59,585:INFO:              psutil: 7.0.0
2025-11-05 11:55:59,585:INFO:          markupsafe: 2.1.5
2025-11-05 11:55:59,585:INFO:             pickle5: Not installed
2025-11-05 11:55:59,585:INFO:         cloudpickle: 3.1.1
2025-11-05 11:55:59,585:INFO:         deprecation: 2.1.0
2025-11-05 11:55:59,585:INFO:              xxhash: 3.5.0
2025-11-05 11:55:59,585:INFO:           wurlitzer: Not installed
2025-11-05 11:55:59,585:INFO:PyCaret optional dependencies:
2025-11-05 11:56:08,172:INFO:                shap: 0.44.1
2025-11-05 11:56:08,172:INFO:           interpret: 0.7.2
2025-11-05 11:56:08,172:INFO:                umap: 0.5.7
2025-11-05 11:56:08,172:INFO:     ydata_profiling: 4.17.0
2025-11-05 11:56:08,172:INFO:  explainerdashboard: 0.5.1
2025-11-05 11:56:08,172:INFO:             autoviz: Not installed
2025-11-05 11:56:08,173:INFO:           fairlearn: 0.7.0
2025-11-05 11:56:08,173:INFO:          deepchecks: Not installed
2025-11-05 11:56:08,173:INFO:             xgboost: 3.0.5
2025-11-05 11:56:08,173:INFO:            catboost: 1.2.8
2025-11-05 11:56:08,173:INFO:              kmodes: 0.12.2
2025-11-05 11:56:08,173:INFO:             mlxtend: 0.23.4
2025-11-05 11:56:08,173:INFO:       statsforecast: 1.5.0
2025-11-05 11:56:08,173:INFO:        tune_sklearn: Not installed
2025-11-05 11:56:08,173:INFO:                 ray: Not installed
2025-11-05 11:56:08,173:INFO:            hyperopt: 0.2.7
2025-11-05 11:56:08,173:INFO:              optuna: 4.5.0
2025-11-05 11:56:08,173:INFO:               skopt: 0.10.2
2025-11-05 11:56:08,173:INFO:              mlflow: 3.4.0
2025-11-05 11:56:08,173:INFO:              gradio: 5.48.0
2025-11-05 11:56:08,173:INFO:             fastapi: 0.118.0
2025-11-05 11:56:08,173:INFO:             uvicorn: 0.37.0
2025-11-05 11:56:08,173:INFO:              m2cgen: 0.10.0
2025-11-05 11:56:08,173:INFO:           evidently: 0.4.40
2025-11-05 11:56:08,173:INFO:               fugue: 0.8.7
2025-11-05 11:56:08,173:INFO:           streamlit: 1.50.0
2025-11-05 11:56:08,173:INFO:             prophet: Not installed
2025-11-05 11:56:08,173:INFO:None
2025-11-05 11:56:08,173:INFO:Set up data.
2025-11-05 11:56:08,186:INFO:Set up folding strategy.
2025-11-05 11:56:08,186:INFO:Set up train/test split.
2025-11-05 11:56:08,190:INFO:Set up index.
2025-11-05 11:56:08,190:INFO:Assigning column types.
2025-11-05 11:56:08,193:INFO:Engine successfully changes for model 'lr' to 'sklearn'.
2025-11-05 11:56:08,193:INFO:Engine for model 'lasso' has not been set explicitly, hence returning None.
2025-11-05 11:56:08,196:INFO:Engine for model 'ridge' has not been set explicitly, hence returning None.
2025-11-05 11:56:08,199:INFO:Engine for model 'en' has not been set explicitly, hence returning None.
2025-11-05 11:56:08,240:INFO:Engine for model 'svm' has not been set explicitly, hence returning None.
2025-11-05 11:56:08,270:INFO:Engine for model 'knn' has not been set explicitly, hence returning None.
2025-11-05 11:56:08,270:INFO:Soft dependency imported: xgboost: 3.0.5
2025-11-05 11:56:08,272:INFO:Soft dependency imported: catboost: 1.2.8
2025-11-05 11:56:09,524:INFO:Engine for model 'lasso' has not been set explicitly, hence returning None.
2025-11-05 11:56:09,527:INFO:Engine for model 'ridge' has not been set explicitly, hence returning None.
2025-11-05 11:56:09,531:INFO:Engine for model 'en' has not been set explicitly, hence returning None.
2025-11-05 11:56:09,571:INFO:Engine for model 'svm' has not been set explicitly, hence returning None.
2025-11-05 11:56:09,603:INFO:Engine for model 'knn' has not been set explicitly, hence returning None.
2025-11-05 11:56:09,603:INFO:Soft dependency imported: xgboost: 3.0.5
2025-11-05 11:56:09,605:INFO:Soft dependency imported: catboost: 1.2.8
2025-11-05 11:56:09,606:INFO:Engine successfully changes for model 'lasso' to 'sklearn'.
2025-11-05 11:56:09,609:INFO:Engine for model 'ridge' has not been set explicitly, hence returning None.
2025-11-05 11:56:09,612:INFO:Engine for model 'en' has not been set explicitly, hence returning None.
2025-11-05 11:56:09,653:INFO:Engine for model 'svm' has not been set explicitly, hence returning None.
2025-11-05 11:56:09,683:INFO:Engine for model 'knn' has not been set explicitly, hence returning None.
2025-11-05 11:56:09,683:INFO:Soft dependency imported: xgboost: 3.0.5
2025-11-05 11:56:09,685:INFO:Soft dependency imported: catboost: 1.2.8
2025-11-05 11:56:09,688:INFO:Engine for model 'ridge' has not been set explicitly, hence returning None.
2025-11-05 11:56:09,692:INFO:Engine for model 'en' has not been set explicitly, hence returning None.
2025-11-05 11:56:09,730:INFO:Engine for model 'svm' has not been set explicitly, hence returning None.
2025-11-05 11:56:09,762:INFO:Engine for model 'knn' has not been set explicitly, hence returning None.
2025-11-05 11:56:09,763:INFO:Soft dependency imported: xgboost: 3.0.5
2025-11-05 11:56:09,765:INFO:Soft dependency imported: catboost: 1.2.8
2025-11-05 11:56:09,765:INFO:Engine successfully changes for model 'ridge' to 'sklearn'.
2025-11-05 11:56:09,772:INFO:Engine for model 'en' has not been set explicitly, hence returning None.
2025-11-05 11:56:09,812:INFO:Engine for model 'svm' has not been set explicitly, hence returning None.
2025-11-05 11:56:09,842:INFO:Engine for model 'knn' has not been set explicitly, hence returning None.
2025-11-05 11:56:09,842:INFO:Soft dependency imported: xgboost: 3.0.5
2025-11-05 11:56:09,844:INFO:Soft dependency imported: catboost: 1.2.8
2025-11-05 11:56:09,850:INFO:Engine for model 'en' has not been set explicitly, hence returning None.
2025-11-05 11:56:09,891:INFO:Engine for model 'svm' has not been set explicitly, hence returning None.
2025-11-05 11:56:09,922:INFO:Engine for model 'knn' has not been set explicitly, hence returning None.
2025-11-05 11:56:09,923:INFO:Soft dependency imported: xgboost: 3.0.5
2025-11-05 11:56:09,924:INFO:Soft dependency imported: catboost: 1.2.8
2025-11-05 11:56:09,925:INFO:Engine successfully changes for model 'en' to 'sklearn'.
2025-11-05 11:56:09,971:INFO:Engine for model 'svm' has not been set explicitly, hence returning None.
2025-11-05 11:56:10,001:INFO:Engine for model 'knn' has not been set explicitly, hence returning None.
2025-11-05 11:56:10,002:INFO:Soft dependency imported: xgboost: 3.0.5
2025-11-05 11:56:10,004:INFO:Soft dependency imported: catboost: 1.2.8
2025-11-05 11:56:10,048:INFO:Engine for model 'svm' has not been set explicitly, hence returning None.
2025-11-05 11:56:10,078:INFO:Engine for model 'knn' has not been set explicitly, hence returning None.
2025-11-05 11:56:10,078:INFO:Soft dependency imported: xgboost: 3.0.5
2025-11-05 11:56:10,080:INFO:Soft dependency imported: catboost: 1.2.8
2025-11-05 11:56:10,080:INFO:Engine successfully changes for model 'knn' to 'sklearn'.
2025-11-05 11:56:10,126:INFO:Engine for model 'svm' has not been set explicitly, hence returning None.
2025-11-05 11:56:10,159:INFO:Soft dependency imported: xgboost: 3.0.5
2025-11-05 11:56:10,160:INFO:Soft dependency imported: catboost: 1.2.8
2025-11-05 11:56:10,205:INFO:Engine for model 'svm' has not been set explicitly, hence returning None.
2025-11-05 11:56:10,236:INFO:Soft dependency imported: xgboost: 3.0.5
2025-11-05 11:56:10,237:INFO:Soft dependency imported: catboost: 1.2.8
2025-11-05 11:56:10,238:INFO:Engine successfully changes for model 'svm' to 'sklearn'.
2025-11-05 11:56:10,316:INFO:Soft dependency imported: xgboost: 3.0.5
2025-11-05 11:56:10,318:INFO:Soft dependency imported: catboost: 1.2.8
2025-11-05 11:56:10,395:INFO:Soft dependency imported: xgboost: 3.0.5
2025-11-05 11:56:10,397:INFO:Soft dependency imported: catboost: 1.2.8
2025-11-05 11:56:10,400:INFO:Preparing preprocessing pipeline...
2025-11-05 11:56:10,400:INFO:Set up simple imputation.
2025-11-05 11:56:10,404:INFO:Set up encoding of categorical features.
2025-11-05 11:56:10,489:INFO:Finished creating preprocessing pipeline.
2025-11-05 11:56:10,496:INFO:Pipeline: Pipeline(memory=FastMemory(location=C:\TEMP\joblib),
         steps=[('numerical_imputer',
                 TransformerWrapper(include=['YearsCodePro'],
                                    transformer=SimpleImputer())),
                ('categorical_imputer',
                 TransformerWrapper(include=['Country', 'EdLevel'],
                                    transformer=SimpleImputer(strategy='most_frequent'))),
                ('onehot_encoding',
                 TransformerWrapper(include=['EdLevel'],
                                    transformer=OneHotEncoder(cols=['EdLevel'],
                                                              handle_missing='return_nan',
                                                              use_cat_names=True))),
                ('rest_encoding',
                 TransformerWrapper(include=['Country'],
                                    transformer=TargetEncoder(cols=['Country'],
                                                              handle_missing='return_nan')))])
2025-11-05 11:56:10,496:INFO:Creating final display dataframe.
2025-11-05 11:56:10,651:INFO:Setup _display_container:                     Description             Value
0                    Session id                23
1                        Target            Salary
2                   Target type        Regression
3           Original data shape        (31594, 4)
4        Transformed data shape        (31594, 7)
5   Transformed train set shape        (22115, 7)
6    Transformed test set shape         (9479, 7)
7              Numeric features                 1
8          Categorical features                 2
9                    Preprocess              True
10              Imputation type            simple
11           Numeric imputation              mean
12       Categorical imputation              mode
13     Maximum one-hot encoding                25
14              Encoding method              None
15               Fold Generator             KFold
16                  Fold Number                10
17                     CPU Jobs                -1
18                      Use GPU             False
19               Log Experiment             False
20              Experiment Name  reg-default-name
21                          USI              fe7c
2025-11-05 11:56:10,737:INFO:Soft dependency imported: xgboost: 3.0.5
2025-11-05 11:56:10,741:INFO:Soft dependency imported: catboost: 1.2.8
2025-11-05 11:56:10,823:INFO:Soft dependency imported: xgboost: 3.0.5
2025-11-05 11:56:10,825:INFO:Soft dependency imported: catboost: 1.2.8
2025-11-05 11:56:10,825:INFO:setup() successfully completed in 12.85s...............
2025-11-05 11:56:10,835:INFO:gpu_param set to False
2025-11-05 11:56:10,931:INFO:Soft dependency imported: xgboost: 3.0.5
2025-11-05 11:56:10,933:INFO:Soft dependency imported: catboost: 1.2.8
2025-11-05 11:56:11,015:INFO:Soft dependency imported: xgboost: 3.0.5
2025-11-05 11:56:11,017:INFO:Soft dependency imported: catboost: 1.2.8
2025-11-05 11:56:11,029:INFO:Initializing compare_models()
2025-11-05 11:56:11,029:INFO:compare_models(self=<pycaret.regression.oop.RegressionExperiment object at 0x000001D15E33D690>, include=None, exclude=None, fold=None, round=4, cross_validation=True, sort=R2, n_select=1, budget_time=None, turbo=True, errors=ignore, fit_kwargs=None, groups=None, experiment_custom_tags=None, probability_threshold=None, verbose=True, parallel=None, caller_params={'self': <pycaret.regression.oop.RegressionExperiment object at 0x000001D15E33D690>, 'include': None, 'exclude': None, 'fold': None, 'round': 4, 'cross_validation': True, 'sort': 'R2', 'n_select': 1, 'budget_time': None, 'turbo': True, 'errors': 'ignore', 'fit_kwargs': None, 'groups': None, 'experiment_custom_tags': None, 'engine': None, 'verbose': True, 'parallel': None, '__class__': <class 'pycaret.regression.oop.RegressionExperiment'>})
2025-11-05 11:56:11,029:INFO:Checking exceptions
2025-11-05 11:56:11,032:INFO:Preparing display monitor
2025-11-05 11:56:11,048:INFO:Initializing Linear Regression
2025-11-05 11:56:11,048:INFO:Total runtime is 0.0 minutes
2025-11-05 11:56:11,049:INFO:SubProcess create_model() called ==================================
2025-11-05 11:56:11,050:INFO:Initializing create_model()
2025-11-05 11:56:11,050:INFO:create_model(self=<pycaret.regression.oop.RegressionExperiment object at 0x000001D15E33D690>, estimator=lr, fold=KFold(n_splits=10, random_state=None, shuffle=False), round=4, cross_validation=True, predict=True, fit_kwargs={}, groups=None, refit=False, probability_threshold=None, experiment_custom_tags=None, verbose=False, system=False, add_to_model_list=True, metrics=None, display=<pycaret.internal.display.display.CommonDisplay object at 0x000001D168872650>, model_only=True, return_train_score=False, error_score=0.0, kwargs={})
2025-11-05 11:56:11,050:INFO:Checking exceptions
2025-11-05 11:56:11,050:INFO:Importing libraries
2025-11-05 11:56:11,050:INFO:Copying training dataset
2025-11-05 11:56:11,054:INFO:Defining folds
2025-11-05 11:56:11,054:INFO:Declaring metric variables
2025-11-05 11:56:11,057:INFO:Importing untrained model
2025-11-05 11:56:11,060:INFO:Linear Regression Imported successfully
2025-11-05 11:56:11,064:INFO:Starting cross validation
2025-11-05 11:56:11,069:INFO:Cross validating with KFold(n_splits=10, random_state=None, shuffle=False), n_jobs=-1
2025-11-05 11:56:17,103:INFO:Calculating mean and std
2025-11-05 11:56:17,107:INFO:Creating metrics dataframe
2025-11-05 11:56:17,114:INFO:Uploading results into container
2025-11-05 11:56:17,116:INFO:Uploading model into container now
2025-11-05 11:56:17,117:INFO:_master_model_container: 1
2025-11-05 11:56:17,117:INFO:_display_container: 2
2025-11-05 11:56:17,118:INFO:LinearRegression(n_jobs=-1)
2025-11-05 11:56:17,118:INFO:create_model() successfully completed......................................
2025-11-05 11:56:17,518:INFO:SubProcess create_model() end ==================================
2025-11-05 11:56:17,518:INFO:Creating metrics dataframe
2025-11-05 11:56:17,523:INFO:Initializing Lasso Regression
2025-11-05 11:56:17,524:INFO:Total runtime is 0.10791702270507812 minutes
2025-11-05 11:56:17,526:INFO:SubProcess create_model() called ==================================
2025-11-05 11:56:17,526:INFO:Initializing create_model()
2025-11-05 11:56:17,526:INFO:create_model(self=<pycaret.regression.oop.RegressionExperiment object at 0x000001D15E33D690>, estimator=lasso, fold=KFold(n_splits=10, random_state=None, shuffle=False), round=4, cross_validation=True, predict=True, fit_kwargs={}, groups=None, refit=False, probability_threshold=None, experiment_custom_tags=None, verbose=False, system=False, add_to_model_list=True, metrics=None, display=<pycaret.internal.display.display.CommonDisplay object at 0x000001D168872650>, model_only=True, return_train_score=False, error_score=0.0, kwargs={})
2025-11-05 11:56:17,526:INFO:Checking exceptions
2025-11-05 11:56:17,526:INFO:Importing libraries
2025-11-05 11:56:17,526:INFO:Copying training dataset
2025-11-05 11:56:17,532:INFO:Defining folds
2025-11-05 11:56:17,532:INFO:Declaring metric variables
2025-11-05 11:56:17,534:INFO:Importing untrained model
2025-11-05 11:56:17,536:INFO:Lasso Regression Imported successfully
2025-11-05 11:56:17,541:INFO:Starting cross validation
2025-11-05 11:56:17,542:INFO:Cross validating with KFold(n_splits=10, random_state=None, shuffle=False), n_jobs=-1
2025-11-05 11:56:21,097:INFO:Calculating mean and std
2025-11-05 11:56:21,099:INFO:Creating metrics dataframe
2025-11-05 11:56:21,102:INFO:Uploading results into container
2025-11-05 11:56:21,102:INFO:Uploading model into container now
2025-11-05 11:56:21,103:INFO:_master_model_container: 2
2025-11-05 11:56:21,103:INFO:_display_container: 2
2025-11-05 11:56:21,103:INFO:Lasso(random_state=23)
2025-11-05 11:56:21,103:INFO:create_model() successfully completed......................................
2025-11-05 11:56:21,389:INFO:SubProcess create_model() end ==================================
2025-11-05 11:56:21,389:INFO:Creating metrics dataframe
2025-11-05 11:56:21,394:INFO:Initializing Ridge Regression
2025-11-05 11:56:21,394:INFO:Total runtime is 0.172441562016805 minutes
2025-11-05 11:56:21,396:INFO:SubProcess create_model() called ==================================
2025-11-05 11:56:21,396:INFO:Initializing create_model()
2025-11-05 11:56:21,396:INFO:create_model(self=<pycaret.regression.oop.RegressionExperiment object at 0x000001D15E33D690>, estimator=ridge, fold=KFold(n_splits=10, random_state=None, shuffle=False), round=4, cross_validation=True, predict=True, fit_kwargs={}, groups=None, refit=False, probability_threshold=None, experiment_custom_tags=None, verbose=False, system=False, add_to_model_list=True, metrics=None, display=<pycaret.internal.display.display.CommonDisplay object at 0x000001D168872650>, model_only=True, return_train_score=False, error_score=0.0, kwargs={})
2025-11-05 11:56:21,396:INFO:Checking exceptions
2025-11-05 11:56:21,396:INFO:Importing libraries
2025-11-05 11:56:21,396:INFO:Copying training dataset
2025-11-05 11:56:21,401:INFO:Defining folds
2025-11-05 11:56:21,401:INFO:Declaring metric variables
2025-11-05 11:56:21,404:INFO:Importing untrained model
2025-11-05 11:56:21,407:INFO:Ridge Regression Imported successfully
2025-11-05 11:56:21,410:INFO:Starting cross validation
2025-11-05 11:56:21,411:INFO:Cross validating with KFold(n_splits=10, random_state=None, shuffle=False), n_jobs=-1
2025-11-05 11:56:21,569:INFO:Calculating mean and std
2025-11-05 11:56:21,570:INFO:Creating metrics dataframe
2025-11-05 11:56:21,572:INFO:Uploading results into container
2025-11-05 11:56:21,572:INFO:Uploading model into container now
2025-11-05 11:56:21,573:INFO:_master_model_container: 3
2025-11-05 11:56:21,573:INFO:_display_container: 2
2025-11-05 11:56:21,573:INFO:Ridge(random_state=23)
2025-11-05 11:56:21,573:INFO:create_model() successfully completed......................................
2025-11-05 11:56:21,785:INFO:SubProcess create_model() end ==================================
2025-11-05 11:56:21,785:INFO:Creating metrics dataframe
2025-11-05 11:56:21,790:INFO:Initializing Elastic Net
2025-11-05 11:56:21,791:INFO:Total runtime is 0.17905768156051635 minutes
2025-11-05 11:56:21,793:INFO:SubProcess create_model() called ==================================
2025-11-05 11:56:21,793:INFO:Initializing create_model()
2025-11-05 11:56:21,793:INFO:create_model(self=<pycaret.regression.oop.RegressionExperiment object at 0x000001D15E33D690>, estimator=en, fold=KFold(n_splits=10, random_state=None, shuffle=False), round=4, cross_validation=True, predict=True, fit_kwargs={}, groups=None, refit=False, probability_threshold=None, experiment_custom_tags=None, verbose=False, system=False, add_to_model_list=True, metrics=None, display=<pycaret.internal.display.display.CommonDisplay object at 0x000001D168872650>, model_only=True, return_train_score=False, error_score=0.0, kwargs={})
2025-11-05 11:56:21,793:INFO:Checking exceptions
2025-11-05 11:56:21,793:INFO:Importing libraries
2025-11-05 11:56:21,793:INFO:Copying training dataset
2025-11-05 11:56:21,798:INFO:Defining folds
2025-11-05 11:56:21,798:INFO:Declaring metric variables
2025-11-05 11:56:21,800:INFO:Importing untrained model
2025-11-05 11:56:21,802:INFO:Elastic Net Imported successfully
2025-11-05 11:56:21,806:INFO:Starting cross validation
2025-11-05 11:56:21,807:INFO:Cross validating with KFold(n_splits=10, random_state=None, shuffle=False), n_jobs=-1
2025-11-05 11:56:21,972:INFO:Calculating mean and std
2025-11-05 11:56:21,974:INFO:Creating metrics dataframe
2025-11-05 11:56:21,975:INFO:Uploading results into container
2025-11-05 11:56:21,976:INFO:Uploading model into container now
2025-11-05 11:56:21,976:INFO:_master_model_container: 4
2025-11-05 11:56:21,976:INFO:_display_container: 2
2025-11-05 11:56:21,976:INFO:ElasticNet(random_state=23)
2025-11-05 11:56:21,976:INFO:create_model() successfully completed......................................
2025-11-05 11:56:22,166:INFO:SubProcess create_model() end ==================================
2025-11-05 11:56:22,167:INFO:Creating metrics dataframe
2025-11-05 11:56:22,171:INFO:Initializing Least Angle Regression
2025-11-05 11:56:22,171:INFO:Total runtime is 0.185379954179128 minutes
2025-11-05 11:56:22,173:INFO:SubProcess create_model() called ==================================
2025-11-05 11:56:22,173:INFO:Initializing create_model()
2025-11-05 11:56:22,174:INFO:create_model(self=<pycaret.regression.oop.RegressionExperiment object at 0x000001D15E33D690>, estimator=lar, fold=KFold(n_splits=10, random_state=None, shuffle=False), round=4, cross_validation=True, predict=True, fit_kwargs={}, groups=None, refit=False, probability_threshold=None, experiment_custom_tags=None, verbose=False, system=False, add_to_model_list=True, metrics=None, display=<pycaret.internal.display.display.CommonDisplay object at 0x000001D168872650>, model_only=True, return_train_score=False, error_score=0.0, kwargs={})
2025-11-05 11:56:22,174:INFO:Checking exceptions
2025-11-05 11:56:22,174:INFO:Importing libraries
2025-11-05 11:56:22,174:INFO:Copying training dataset
2025-11-05 11:56:22,178:INFO:Defining folds
2025-11-05 11:56:22,178:INFO:Declaring metric variables
2025-11-05 11:56:22,181:INFO:Importing untrained model
2025-11-05 11:56:22,183:INFO:Least Angle Regression Imported successfully
2025-11-05 11:56:22,186:INFO:Starting cross validation
2025-11-05 11:56:22,187:INFO:Cross validating with KFold(n_splits=10, random_state=None, shuffle=False), n_jobs=-1
2025-11-05 11:56:22,350:INFO:Calculating mean and std
2025-11-05 11:56:22,351:INFO:Creating metrics dataframe
2025-11-05 11:56:22,352:INFO:Uploading results into container
2025-11-05 11:56:22,353:INFO:Uploading model into container now
2025-11-05 11:56:22,353:INFO:_master_model_container: 5
2025-11-05 11:56:22,353:INFO:_display_container: 2
2025-11-05 11:56:22,353:INFO:Lars(random_state=23)
2025-11-05 11:56:22,353:INFO:create_model() successfully completed......................................
2025-11-05 11:56:22,543:INFO:SubProcess create_model() end ==================================
2025-11-05 11:56:22,543:INFO:Creating metrics dataframe
2025-11-05 11:56:22,548:INFO:Initializing Lasso Least Angle Regression
2025-11-05 11:56:22,548:INFO:Total runtime is 0.19166417121887205 minutes
2025-11-05 11:56:22,550:INFO:SubProcess create_model() called ==================================
2025-11-05 11:56:22,550:INFO:Initializing create_model()
2025-11-05 11:56:22,550:INFO:create_model(self=<pycaret.regression.oop.RegressionExperiment object at 0x000001D15E33D690>, estimator=llar, fold=KFold(n_splits=10, random_state=None, shuffle=False), round=4, cross_validation=True, predict=True, fit_kwargs={}, groups=None, refit=False, probability_threshold=None, experiment_custom_tags=None, verbose=False, system=False, add_to_model_list=True, metrics=None, display=<pycaret.internal.display.display.CommonDisplay object at 0x000001D168872650>, model_only=True, return_train_score=False, error_score=0.0, kwargs={})
2025-11-05 11:56:22,550:INFO:Checking exceptions
2025-11-05 11:56:22,550:INFO:Importing libraries
2025-11-05 11:56:22,550:INFO:Copying training dataset
2025-11-05 11:56:22,555:INFO:Defining folds
2025-11-05 11:56:22,555:INFO:Declaring metric variables
2025-11-05 11:56:22,557:INFO:Importing untrained model
2025-11-05 11:56:22,560:INFO:Lasso Least Angle Regression Imported successfully
2025-11-05 11:56:22,563:INFO:Starting cross validation
2025-11-05 11:56:22,564:INFO:Cross validating with KFold(n_splits=10, random_state=None, shuffle=False), n_jobs=-1
2025-11-05 11:56:22,712:INFO:Calculating mean and std
2025-11-05 11:56:22,712:INFO:Creating metrics dataframe
2025-11-05 11:56:22,713:INFO:Uploading results into container
2025-11-05 11:56:22,715:INFO:Uploading model into container now
2025-11-05 11:56:22,715:INFO:_master_model_container: 6
2025-11-05 11:56:22,715:INFO:_display_container: 2
2025-11-05 11:56:22,715:INFO:LassoLars(random_state=23)
2025-11-05 11:56:22,715:INFO:create_model() successfully completed......................................
2025-11-05 11:56:22,914:INFO:SubProcess create_model() end ==================================
2025-11-05 11:56:22,914:INFO:Creating metrics dataframe
2025-11-05 11:56:22,919:INFO:Initializing Orthogonal Matching Pursuit
2025-11-05 11:56:22,919:INFO:Total runtime is 0.19785430034001666 minutes
2025-11-05 11:56:22,921:INFO:SubProcess create_model() called ==================================
2025-11-05 11:56:22,921:INFO:Initializing create_model()
2025-11-05 11:56:22,921:INFO:create_model(self=<pycaret.regression.oop.RegressionExperiment object at 0x000001D15E33D690>, estimator=omp, fold=KFold(n_splits=10, random_state=None, shuffle=False), round=4, cross_validation=True, predict=True, fit_kwargs={}, groups=None, refit=False, probability_threshold=None, experiment_custom_tags=None, verbose=False, system=False, add_to_model_list=True, metrics=None, display=<pycaret.internal.display.display.CommonDisplay object at 0x000001D168872650>, model_only=True, return_train_score=False, error_score=0.0, kwargs={})
2025-11-05 11:56:22,921:INFO:Checking exceptions
2025-11-05 11:56:22,921:INFO:Importing libraries
2025-11-05 11:56:22,921:INFO:Copying training dataset
2025-11-05 11:56:22,926:INFO:Defining folds
2025-11-05 11:56:22,926:INFO:Declaring metric variables
2025-11-05 11:56:22,928:INFO:Importing untrained model
2025-11-05 11:56:22,931:INFO:Orthogonal Matching Pursuit Imported successfully
2025-11-05 11:56:22,935:INFO:Starting cross validation
2025-11-05 11:56:22,936:INFO:Cross validating with KFold(n_splits=10, random_state=None, shuffle=False), n_jobs=-1
2025-11-05 11:56:23,081:INFO:Calculating mean and std
2025-11-05 11:56:23,081:INFO:Creating metrics dataframe
2025-11-05 11:56:23,083:INFO:Uploading results into container
2025-11-05 11:56:23,083:INFO:Uploading model into container now
2025-11-05 11:56:23,084:INFO:_master_model_container: 7
2025-11-05 11:56:23,084:INFO:_display_container: 2
2025-11-05 11:56:23,084:INFO:OrthogonalMatchingPursuit()
2025-11-05 11:56:23,084:INFO:create_model() successfully completed......................................
2025-11-05 11:56:23,278:INFO:SubProcess create_model() end ==================================
2025-11-05 11:56:23,278:INFO:Creating metrics dataframe
2025-11-05 11:56:23,284:INFO:Initializing Bayesian Ridge
2025-11-05 11:56:23,284:INFO:Total runtime is 0.2039316654205322 minutes
2025-11-05 11:56:23,285:INFO:SubProcess create_model() called ==================================
2025-11-05 11:56:23,285:INFO:Initializing create_model()
2025-11-05 11:56:23,286:INFO:create_model(self=<pycaret.regression.oop.RegressionExperiment object at 0x000001D15E33D690>, estimator=br, fold=KFold(n_splits=10, random_state=None, shuffle=False), round=4, cross_validation=True, predict=True, fit_kwargs={}, groups=None, refit=False, probability_threshold=None, experiment_custom_tags=None, verbose=False, system=False, add_to_model_list=True, metrics=None, display=<pycaret.internal.display.display.CommonDisplay object at 0x000001D168872650>, model_only=True, return_train_score=False, error_score=0.0, kwargs={})
2025-11-05 11:56:23,286:INFO:Checking exceptions
2025-11-05 11:56:23,286:INFO:Importing libraries
2025-11-05 11:56:23,286:INFO:Copying training dataset
2025-11-05 11:56:23,291:INFO:Defining folds
2025-11-05 11:56:23,291:INFO:Declaring metric variables
2025-11-05 11:56:23,293:INFO:Importing untrained model
2025-11-05 11:56:23,296:INFO:Bayesian Ridge Imported successfully
2025-11-05 11:56:23,300:INFO:Starting cross validation
2025-11-05 11:56:23,301:INFO:Cross validating with KFold(n_splits=10, random_state=None, shuffle=False), n_jobs=-1
2025-11-05 11:56:23,451:INFO:Calculating mean and std
2025-11-05 11:56:23,452:INFO:Creating metrics dataframe
2025-11-05 11:56:23,453:INFO:Uploading results into container
2025-11-05 11:56:23,453:INFO:Uploading model into container now
2025-11-05 11:56:23,454:INFO:_master_model_container: 8
2025-11-05 11:56:23,454:INFO:_display_container: 2
2025-11-05 11:56:23,454:INFO:BayesianRidge()
2025-11-05 11:56:23,454:INFO:create_model() successfully completed......................................
2025-11-05 11:56:23,660:INFO:SubProcess create_model() end ==================================
2025-11-05 11:56:23,660:INFO:Creating metrics dataframe
2025-11-05 11:56:23,665:INFO:Initializing Passive Aggressive Regressor
2025-11-05 11:56:23,665:INFO:Total runtime is 0.21027840773264564 minutes
2025-11-05 11:56:23,666:INFO:SubProcess create_model() called ==================================
2025-11-05 11:56:23,666:INFO:Initializing create_model()
2025-11-05 11:56:23,666:INFO:create_model(self=<pycaret.regression.oop.RegressionExperiment object at 0x000001D15E33D690>, estimator=par, fold=KFold(n_splits=10, random_state=None, shuffle=False), round=4, cross_validation=True, predict=True, fit_kwargs={}, groups=None, refit=False, probability_threshold=None, experiment_custom_tags=None, verbose=False, system=False, add_to_model_list=True, metrics=None, display=<pycaret.internal.display.display.CommonDisplay object at 0x000001D168872650>, model_only=True, return_train_score=False, error_score=0.0, kwargs={})
2025-11-05 11:56:23,666:INFO:Checking exceptions
2025-11-05 11:56:23,666:INFO:Importing libraries
2025-11-05 11:56:23,666:INFO:Copying training dataset
2025-11-05 11:56:23,671:INFO:Defining folds
2025-11-05 11:56:23,671:INFO:Declaring metric variables
2025-11-05 11:56:23,673:INFO:Importing untrained model
2025-11-05 11:56:23,676:INFO:Passive Aggressive Regressor Imported successfully
2025-11-05 11:56:23,679:INFO:Starting cross validation
2025-11-05 11:56:23,680:INFO:Cross validating with KFold(n_splits=10, random_state=None, shuffle=False), n_jobs=-1
2025-11-05 11:56:23,834:INFO:Calculating mean and std
2025-11-05 11:56:23,835:INFO:Creating metrics dataframe
2025-11-05 11:56:23,837:INFO:Uploading results into container
2025-11-05 11:56:23,838:INFO:Uploading model into container now
2025-11-05 11:56:23,838:INFO:_master_model_container: 9
2025-11-05 11:56:23,838:INFO:_display_container: 2
2025-11-05 11:56:23,839:INFO:PassiveAggressiveRegressor(random_state=23)
2025-11-05 11:56:23,839:INFO:create_model() successfully completed......................................
2025-11-05 11:56:24,041:INFO:SubProcess create_model() end ==================================
2025-11-05 11:56:24,042:INFO:Creating metrics dataframe
2025-11-05 11:56:24,047:INFO:Initializing Huber Regressor
2025-11-05 11:56:24,047:INFO:Total runtime is 0.2166496157646179 minutes
2025-11-05 11:56:24,049:INFO:SubProcess create_model() called ==================================
2025-11-05 11:56:24,049:INFO:Initializing create_model()
2025-11-05 11:56:24,049:INFO:create_model(self=<pycaret.regression.oop.RegressionExperiment object at 0x000001D15E33D690>, estimator=huber, fold=KFold(n_splits=10, random_state=None, shuffle=False), round=4, cross_validation=True, predict=True, fit_kwargs={}, groups=None, refit=False, probability_threshold=None, experiment_custom_tags=None, verbose=False, system=False, add_to_model_list=True, metrics=None, display=<pycaret.internal.display.display.CommonDisplay object at 0x000001D168872650>, model_only=True, return_train_score=False, error_score=0.0, kwargs={})
2025-11-05 11:56:24,049:INFO:Checking exceptions
2025-11-05 11:56:24,049:INFO:Importing libraries
2025-11-05 11:56:24,049:INFO:Copying training dataset
2025-11-05 11:56:24,055:INFO:Defining folds
2025-11-05 11:56:24,055:INFO:Declaring metric variables
2025-11-05 11:56:24,056:INFO:Importing untrained model
2025-11-05 11:56:24,058:INFO:Huber Regressor Imported successfully
2025-11-05 11:56:24,062:INFO:Starting cross validation
2025-11-05 11:56:24,063:INFO:Cross validating with KFold(n_splits=10, random_state=None, shuffle=False), n_jobs=-1
2025-11-05 11:56:24,236:INFO:Calculating mean and std
2025-11-05 11:56:24,236:INFO:Creating metrics dataframe
2025-11-05 11:56:24,239:INFO:Uploading results into container
2025-11-05 11:56:24,239:INFO:Uploading model into container now
2025-11-05 11:56:24,239:INFO:_master_model_container: 10
2025-11-05 11:56:24,239:INFO:_display_container: 2
2025-11-05 11:56:24,239:INFO:HuberRegressor()
2025-11-05 11:56:24,239:INFO:create_model() successfully completed......................................
2025-11-05 11:56:24,436:INFO:SubProcess create_model() end ==================================
2025-11-05 11:56:24,436:INFO:Creating metrics dataframe
2025-11-05 11:56:24,442:INFO:Initializing K Neighbors Regressor
2025-11-05 11:56:24,442:INFO:Total runtime is 0.22323673168818153 minutes
2025-11-05 11:56:24,444:INFO:SubProcess create_model() called ==================================
2025-11-05 11:56:24,444:INFO:Initializing create_model()
2025-11-05 11:56:24,444:INFO:create_model(self=<pycaret.regression.oop.RegressionExperiment object at 0x000001D15E33D690>, estimator=knn, fold=KFold(n_splits=10, random_state=None, shuffle=False), round=4, cross_validation=True, predict=True, fit_kwargs={}, groups=None, refit=False, probability_threshold=None, experiment_custom_tags=None, verbose=False, system=False, add_to_model_list=True, metrics=None, display=<pycaret.internal.display.display.CommonDisplay object at 0x000001D168872650>, model_only=True, return_train_score=False, error_score=0.0, kwargs={})
2025-11-05 11:56:24,444:INFO:Checking exceptions
2025-11-05 11:56:24,444:INFO:Importing libraries
2025-11-05 11:56:24,444:INFO:Copying training dataset
2025-11-05 11:56:24,449:INFO:Defining folds
2025-11-05 11:56:24,450:INFO:Declaring metric variables
2025-11-05 11:56:24,452:INFO:Importing untrained model
2025-11-05 11:56:24,455:INFO:K Neighbors Regressor Imported successfully
2025-11-05 11:56:24,459:INFO:Starting cross validation
2025-11-05 11:56:24,460:INFO:Cross validating with KFold(n_splits=10, random_state=None, shuffle=False), n_jobs=-1
2025-11-05 11:56:24,707:INFO:Calculating mean and std
2025-11-05 11:56:24,708:INFO:Creating metrics dataframe
2025-11-05 11:56:24,708:INFO:Uploading results into container
2025-11-05 11:56:24,709:INFO:Uploading model into container now
2025-11-05 11:56:24,709:INFO:_master_model_container: 11
2025-11-05 11:56:24,709:INFO:_display_container: 2
2025-11-05 11:56:24,709:INFO:KNeighborsRegressor(n_jobs=-1)
2025-11-05 11:56:24,709:INFO:create_model() successfully completed......................................
2025-11-05 11:56:24,908:INFO:SubProcess create_model() end ==================================
2025-11-05 11:56:24,908:INFO:Creating metrics dataframe
2025-11-05 11:56:24,913:INFO:Initializing Decision Tree Regressor
2025-11-05 11:56:24,913:INFO:Total runtime is 0.23109353780746458 minutes
2025-11-05 11:56:24,915:INFO:SubProcess create_model() called ==================================
2025-11-05 11:56:24,916:INFO:Initializing create_model()
2025-11-05 11:56:24,916:INFO:create_model(self=<pycaret.regression.oop.RegressionExperiment object at 0x000001D15E33D690>, estimator=dt, fold=KFold(n_splits=10, random_state=None, shuffle=False), round=4, cross_validation=True, predict=True, fit_kwargs={}, groups=None, refit=False, probability_threshold=None, experiment_custom_tags=None, verbose=False, system=False, add_to_model_list=True, metrics=None, display=<pycaret.internal.display.display.CommonDisplay object at 0x000001D168872650>, model_only=True, return_train_score=False, error_score=0.0, kwargs={})
2025-11-05 11:56:24,916:INFO:Checking exceptions
2025-11-05 11:56:24,916:INFO:Importing libraries
2025-11-05 11:56:24,916:INFO:Copying training dataset
2025-11-05 11:56:24,921:INFO:Defining folds
2025-11-05 11:56:24,921:INFO:Declaring metric variables
2025-11-05 11:56:24,924:INFO:Importing untrained model
2025-11-05 11:56:24,926:INFO:Decision Tree Regressor Imported successfully
2025-11-05 11:56:24,930:INFO:Starting cross validation
2025-11-05 11:56:24,931:INFO:Cross validating with KFold(n_splits=10, random_state=None, shuffle=False), n_jobs=-1
2025-11-05 11:56:25,085:INFO:Calculating mean and std
2025-11-05 11:56:25,086:INFO:Creating metrics dataframe
2025-11-05 11:56:25,087:INFO:Uploading results into container
2025-11-05 11:56:25,088:INFO:Uploading model into container now
2025-11-05 11:56:25,088:INFO:_master_model_container: 12
2025-11-05 11:56:25,088:INFO:_display_container: 2
2025-11-05 11:56:25,088:INFO:DecisionTreeRegressor(random_state=23)
2025-11-05 11:56:25,088:INFO:create_model() successfully completed......................................
2025-11-05 11:56:25,284:INFO:SubProcess create_model() end ==================================
2025-11-05 11:56:25,285:INFO:Creating metrics dataframe
2025-11-05 11:56:25,291:INFO:Initializing Random Forest Regressor
2025-11-05 11:56:25,291:INFO:Total runtime is 0.2373788793881734 minutes
2025-11-05 11:56:25,293:INFO:SubProcess create_model() called ==================================
2025-11-05 11:56:25,293:INFO:Initializing create_model()
2025-11-05 11:56:25,293:INFO:create_model(self=<pycaret.regression.oop.RegressionExperiment object at 0x000001D15E33D690>, estimator=rf, fold=KFold(n_splits=10, random_state=None, shuffle=False), round=4, cross_validation=True, predict=True, fit_kwargs={}, groups=None, refit=False, probability_threshold=None, experiment_custom_tags=None, verbose=False, system=False, add_to_model_list=True, metrics=None, display=<pycaret.internal.display.display.CommonDisplay object at 0x000001D168872650>, model_only=True, return_train_score=False, error_score=0.0, kwargs={})
2025-11-05 11:56:25,294:INFO:Checking exceptions
2025-11-05 11:56:25,294:INFO:Importing libraries
2025-11-05 11:56:25,294:INFO:Copying training dataset
2025-11-05 11:56:25,299:INFO:Defining folds
2025-11-05 11:56:25,299:INFO:Declaring metric variables
2025-11-05 11:56:25,301:INFO:Importing untrained model
2025-11-05 11:56:25,304:INFO:Random Forest Regressor Imported successfully
2025-11-05 11:56:25,307:INFO:Starting cross validation
2025-11-05 11:56:25,308:INFO:Cross validating with KFold(n_splits=10, random_state=None, shuffle=False), n_jobs=-1
2025-11-05 11:56:26,815:INFO:Calculating mean and std
2025-11-05 11:56:26,816:INFO:Creating metrics dataframe
2025-11-05 11:56:26,817:INFO:Uploading results into container
2025-11-05 11:56:26,817:INFO:Uploading model into container now
2025-11-05 11:56:26,818:INFO:_master_model_container: 13
2025-11-05 11:56:26,818:INFO:_display_container: 2
2025-11-05 11:56:26,818:INFO:RandomForestRegressor(n_jobs=-1, random_state=23)
2025-11-05 11:56:26,818:INFO:create_model() successfully completed......................................
2025-11-05 11:56:27,019:INFO:SubProcess create_model() end ==================================
2025-11-05 11:56:27,019:INFO:Creating metrics dataframe
2025-11-05 11:56:27,026:INFO:Initializing Extra Trees Regressor
2025-11-05 11:56:27,026:INFO:Total runtime is 0.2662984609603882 minutes
2025-11-05 11:56:27,028:INFO:SubProcess create_model() called ==================================
2025-11-05 11:56:27,029:INFO:Initializing create_model()
2025-11-05 11:56:27,029:INFO:create_model(self=<pycaret.regression.oop.RegressionExperiment object at 0x000001D15E33D690>, estimator=et, fold=KFold(n_splits=10, random_state=None, shuffle=False), round=4, cross_validation=True, predict=True, fit_kwargs={}, groups=None, refit=False, probability_threshold=None, experiment_custom_tags=None, verbose=False, system=False, add_to_model_list=True, metrics=None, display=<pycaret.internal.display.display.CommonDisplay object at 0x000001D168872650>, model_only=True, return_train_score=False, error_score=0.0, kwargs={})
2025-11-05 11:56:27,029:INFO:Checking exceptions
2025-11-05 11:56:27,029:INFO:Importing libraries
2025-11-05 11:56:27,029:INFO:Copying training dataset
2025-11-05 11:56:27,033:INFO:Defining folds
2025-11-05 11:56:27,033:INFO:Declaring metric variables
2025-11-05 11:56:27,036:INFO:Importing untrained model
2025-11-05 11:56:27,038:INFO:Extra Trees Regressor Imported successfully
2025-11-05 11:56:27,044:INFO:Starting cross validation
2025-11-05 11:56:27,045:INFO:Cross validating with KFold(n_splits=10, random_state=None, shuffle=False), n_jobs=-1
2025-11-05 11:56:28,312:INFO:Calculating mean and std
2025-11-05 11:56:28,314:INFO:Creating metrics dataframe
2025-11-05 11:56:28,315:INFO:Uploading results into container
2025-11-05 11:56:28,315:INFO:Uploading model into container now
2025-11-05 11:56:28,316:INFO:_master_model_container: 14
2025-11-05 11:56:28,316:INFO:_display_container: 2
2025-11-05 11:56:28,316:INFO:ExtraTreesRegressor(n_jobs=-1, random_state=23)
2025-11-05 11:56:28,316:INFO:create_model() successfully completed......................................
2025-11-05 11:56:28,534:INFO:SubProcess create_model() end ==================================
2025-11-05 11:56:28,534:INFO:Creating metrics dataframe
2025-11-05 11:56:28,540:INFO:Initializing AdaBoost Regressor
2025-11-05 11:56:28,540:INFO:Total runtime is 0.29153172175089515 minutes
2025-11-05 11:56:28,541:INFO:SubProcess create_model() called ==================================
2025-11-05 11:56:28,541:INFO:Initializing create_model()
2025-11-05 11:56:28,541:INFO:create_model(self=<pycaret.regression.oop.RegressionExperiment object at 0x000001D15E33D690>, estimator=ada, fold=KFold(n_splits=10, random_state=None, shuffle=False), round=4, cross_validation=True, predict=True, fit_kwargs={}, groups=None, refit=False, probability_threshold=None, experiment_custom_tags=None, verbose=False, system=False, add_to_model_list=True, metrics=None, display=<pycaret.internal.display.display.CommonDisplay object at 0x000001D168872650>, model_only=True, return_train_score=False, error_score=0.0, kwargs={})
2025-11-05 11:56:28,542:INFO:Checking exceptions
2025-11-05 11:56:28,542:INFO:Importing libraries
2025-11-05 11:56:28,542:INFO:Copying training dataset
2025-11-05 11:56:28,547:INFO:Defining folds
2025-11-05 11:56:28,547:INFO:Declaring metric variables
2025-11-05 11:56:28,550:INFO:Importing untrained model
2025-11-05 11:56:28,552:INFO:AdaBoost Regressor Imported successfully
2025-11-05 11:56:28,555:INFO:Starting cross validation
2025-11-05 11:56:28,556:INFO:Cross validating with KFold(n_splits=10, random_state=None, shuffle=False), n_jobs=-1
2025-11-05 11:56:28,881:INFO:Calculating mean and std
2025-11-05 11:56:28,882:INFO:Creating metrics dataframe
2025-11-05 11:56:28,883:INFO:Uploading results into container
2025-11-05 11:56:28,883:INFO:Uploading model into container now
2025-11-05 11:56:28,883:INFO:_master_model_container: 15
2025-11-05 11:56:28,883:INFO:_display_container: 2
2025-11-05 11:56:28,884:INFO:AdaBoostRegressor(random_state=23)
2025-11-05 11:56:28,884:INFO:create_model() successfully completed......................................
2025-11-05 11:56:29,090:INFO:SubProcess create_model() end ==================================
2025-11-05 11:56:29,090:INFO:Creating metrics dataframe
2025-11-05 11:56:29,096:INFO:Initializing Gradient Boosting Regressor
2025-11-05 11:56:29,096:INFO:Total runtime is 0.30080124139785763 minutes
2025-11-05 11:56:29,098:INFO:SubProcess create_model() called ==================================
2025-11-05 11:56:29,098:INFO:Initializing create_model()
2025-11-05 11:56:29,098:INFO:create_model(self=<pycaret.regression.oop.RegressionExperiment object at 0x000001D15E33D690>, estimator=gbr, fold=KFold(n_splits=10, random_state=None, shuffle=False), round=4, cross_validation=True, predict=True, fit_kwargs={}, groups=None, refit=False, probability_threshold=None, experiment_custom_tags=None, verbose=False, system=False, add_to_model_list=True, metrics=None, display=<pycaret.internal.display.display.CommonDisplay object at 0x000001D168872650>, model_only=True, return_train_score=False, error_score=0.0, kwargs={})
2025-11-05 11:56:29,098:INFO:Checking exceptions
2025-11-05 11:56:29,098:INFO:Importing libraries
2025-11-05 11:56:29,098:INFO:Copying training dataset
2025-11-05 11:56:29,104:INFO:Defining folds
2025-11-05 11:56:29,104:INFO:Declaring metric variables
2025-11-05 11:56:29,106:INFO:Importing untrained model
2025-11-05 11:56:29,108:INFO:Gradient Boosting Regressor Imported successfully
2025-11-05 11:56:29,112:INFO:Starting cross validation
2025-11-05 11:56:29,112:INFO:Cross validating with KFold(n_splits=10, random_state=None, shuffle=False), n_jobs=-1
2025-11-05 11:56:29,863:INFO:Calculating mean and std
2025-11-05 11:56:29,863:INFO:Creating metrics dataframe
2025-11-05 11:56:29,864:INFO:Uploading results into container
2025-11-05 11:56:29,865:INFO:Uploading model into container now
2025-11-05 11:56:29,865:INFO:_master_model_container: 16
2025-11-05 11:56:29,865:INFO:_display_container: 2
2025-11-05 11:56:29,865:INFO:GradientBoostingRegressor(random_state=23)
2025-11-05 11:56:29,865:INFO:create_model() successfully completed......................................
2025-11-05 11:56:30,061:INFO:SubProcess create_model() end ==================================
2025-11-05 11:56:30,061:INFO:Creating metrics dataframe
2025-11-05 11:56:30,067:INFO:Initializing Extreme Gradient Boosting
2025-11-05 11:56:30,067:INFO:Total runtime is 0.31698321898778276 minutes
2025-11-05 11:56:30,069:INFO:SubProcess create_model() called ==================================
2025-11-05 11:56:30,070:INFO:Initializing create_model()
2025-11-05 11:56:30,070:INFO:create_model(self=<pycaret.regression.oop.RegressionExperiment object at 0x000001D15E33D690>, estimator=xgboost, fold=KFold(n_splits=10, random_state=None, shuffle=False), round=4, cross_validation=True, predict=True, fit_kwargs={}, groups=None, refit=False, probability_threshold=None, experiment_custom_tags=None, verbose=False, system=False, add_to_model_list=True, metrics=None, display=<pycaret.internal.display.display.CommonDisplay object at 0x000001D168872650>, model_only=True, return_train_score=False, error_score=0.0, kwargs={})
2025-11-05 11:56:30,070:INFO:Checking exceptions
2025-11-05 11:56:30,070:INFO:Importing libraries
2025-11-05 11:56:30,070:INFO:Copying training dataset
2025-11-05 11:56:30,075:INFO:Defining folds
2025-11-05 11:56:30,075:INFO:Declaring metric variables
2025-11-05 11:56:30,078:INFO:Importing untrained model
2025-11-05 11:56:30,080:INFO:Extreme Gradient Boosting Imported successfully
2025-11-05 11:56:30,084:INFO:Starting cross validation
2025-11-05 11:56:30,085:INFO:Cross validating with KFold(n_splits=10, random_state=None, shuffle=False), n_jobs=-1
2025-11-05 11:56:31,958:INFO:Calculating mean and std
2025-11-05 11:56:31,959:INFO:Creating metrics dataframe
2025-11-05 11:56:31,960:INFO:Uploading results into container
2025-11-05 11:56:31,961:INFO:Uploading model into container now
2025-11-05 11:56:31,961:INFO:_master_model_container: 17
2025-11-05 11:56:31,961:INFO:_display_container: 2
2025-11-05 11:56:31,962:INFO:XGBRegressor(base_score=None, booster='gbtree', callbacks=None,
             colsample_bylevel=None, colsample_bynode=None,
             colsample_bytree=None, device='cpu', early_stopping_rounds=None,
             enable_categorical=False, eval_metric=None, feature_types=None,
             feature_weights=None, gamma=None, grow_policy=None,
             importance_type=None, interaction_constraints=None,
             learning_rate=None, max_bin=None, max_cat_threshold=None,
             max_cat_to_onehot=None, max_delta_step=None, max_depth=None,
             max_leaves=None, min_child_weight=None, missing=nan,
             monotone_constraints=None, multi_strategy=None, n_estimators=None,
             n_jobs=-1, num_parallel_tree=None, ...)
2025-11-05 11:56:31,962:INFO:create_model() successfully completed......................................
2025-11-05 11:56:32,188:INFO:SubProcess create_model() end ==================================
2025-11-05 11:56:32,188:INFO:Creating metrics dataframe
2025-11-05 11:56:32,194:INFO:Initializing Light Gradient Boosting Machine
2025-11-05 11:56:32,194:INFO:Total runtime is 0.35243215163548786 minutes
2025-11-05 11:56:32,196:INFO:SubProcess create_model() called ==================================
2025-11-05 11:56:32,196:INFO:Initializing create_model()
2025-11-05 11:56:32,196:INFO:create_model(self=<pycaret.regression.oop.RegressionExperiment object at 0x000001D15E33D690>, estimator=lightgbm, fold=KFold(n_splits=10, random_state=None, shuffle=False), round=4, cross_validation=True, predict=True, fit_kwargs={}, groups=None, refit=False, probability_threshold=None, experiment_custom_tags=None, verbose=False, system=False, add_to_model_list=True, metrics=None, display=<pycaret.internal.display.display.CommonDisplay object at 0x000001D168872650>, model_only=True, return_train_score=False, error_score=0.0, kwargs={})
2025-11-05 11:56:32,197:INFO:Checking exceptions
2025-11-05 11:56:32,197:INFO:Importing libraries
2025-11-05 11:56:32,197:INFO:Copying training dataset
2025-11-05 11:56:32,202:INFO:Defining folds
2025-11-05 11:56:32,202:INFO:Declaring metric variables
2025-11-05 11:56:32,205:INFO:Importing untrained model
2025-11-05 11:56:32,207:INFO:Light Gradient Boosting Machine Imported successfully
2025-11-05 11:56:32,211:INFO:Starting cross validation
2025-11-05 11:56:32,212:INFO:Cross validating with KFold(n_splits=10, random_state=None, shuffle=False), n_jobs=-1
2025-11-05 11:56:33,137:INFO:Calculating mean and std
2025-11-05 11:56:33,139:INFO:Creating metrics dataframe
2025-11-05 11:56:33,141:INFO:Uploading results into container
2025-11-05 11:56:33,141:INFO:Uploading model into container now
2025-11-05 11:56:33,142:INFO:_master_model_container: 18
2025-11-05 11:56:33,142:INFO:_display_container: 2
2025-11-05 11:56:33,143:INFO:LGBMRegressor(n_jobs=-1, random_state=23)
2025-11-05 11:56:33,143:INFO:create_model() successfully completed......................................
2025-11-05 11:56:33,419:INFO:SubProcess create_model() end ==================================
2025-11-05 11:56:33,419:INFO:Creating metrics dataframe
2025-11-05 11:56:33,427:INFO:Initializing CatBoost Regressor
2025-11-05 11:56:33,427:INFO:Total runtime is 0.3729924956957499 minutes
2025-11-05 11:56:33,429:INFO:SubProcess create_model() called ==================================
2025-11-05 11:56:33,430:INFO:Initializing create_model()
2025-11-05 11:56:33,430:INFO:create_model(self=<pycaret.regression.oop.RegressionExperiment object at 0x000001D15E33D690>, estimator=catboost, fold=KFold(n_splits=10, random_state=None, shuffle=False), round=4, cross_validation=True, predict=True, fit_kwargs={}, groups=None, refit=False, probability_threshold=None, experiment_custom_tags=None, verbose=False, system=False, add_to_model_list=True, metrics=None, display=<pycaret.internal.display.display.CommonDisplay object at 0x000001D168872650>, model_only=True, return_train_score=False, error_score=0.0, kwargs={})
2025-11-05 11:56:33,430:INFO:Checking exceptions
2025-11-05 11:56:33,430:INFO:Importing libraries
2025-11-05 11:56:33,430:INFO:Copying training dataset
2025-11-05 11:56:33,436:INFO:Defining folds
2025-11-05 11:56:33,436:INFO:Declaring metric variables
2025-11-05 11:56:33,439:INFO:Importing untrained model
2025-11-05 11:56:33,444:INFO:CatBoost Regressor Imported successfully
2025-11-05 11:56:33,449:INFO:Starting cross validation
2025-11-05 11:56:33,450:INFO:Cross validating with KFold(n_splits=10, random_state=None, shuffle=False), n_jobs=-1
2025-11-05 11:56:43,096:INFO:Calculating mean and std
2025-11-05 11:56:43,097:INFO:Creating metrics dataframe
2025-11-05 11:56:43,098:INFO:Uploading results into container
2025-11-05 11:56:43,099:INFO:Uploading model into container now
2025-11-05 11:56:43,099:INFO:_master_model_container: 19
2025-11-05 11:56:43,099:INFO:_display_container: 2
2025-11-05 11:56:43,099:INFO:<catboost.core.CatBoostRegressor object at 0x000001D16CD44250>
2025-11-05 11:56:43,099:INFO:create_model() successfully completed......................................
2025-11-05 11:56:43,296:INFO:SubProcess create_model() end ==================================
2025-11-05 11:56:43,296:INFO:Creating metrics dataframe
2025-11-05 11:56:43,303:INFO:Initializing Dummy Regressor
2025-11-05 11:56:43,303:INFO:Total runtime is 0.5375811576843261 minutes
2025-11-05 11:56:43,305:INFO:SubProcess create_model() called ==================================
2025-11-05 11:56:43,305:INFO:Initializing create_model()
2025-11-05 11:56:43,305:INFO:create_model(self=<pycaret.regression.oop.RegressionExperiment object at 0x000001D15E33D690>, estimator=dummy, fold=KFold(n_splits=10, random_state=None, shuffle=False), round=4, cross_validation=True, predict=True, fit_kwargs={}, groups=None, refit=False, probability_threshold=None, experiment_custom_tags=None, verbose=False, system=False, add_to_model_list=True, metrics=None, display=<pycaret.internal.display.display.CommonDisplay object at 0x000001D168872650>, model_only=True, return_train_score=False, error_score=0.0, kwargs={})
2025-11-05 11:56:43,305:INFO:Checking exceptions
2025-11-05 11:56:43,305:INFO:Importing libraries
2025-11-05 11:56:43,305:INFO:Copying training dataset
2025-11-05 11:56:43,310:INFO:Defining folds
2025-11-05 11:56:43,311:INFO:Declaring metric variables
2025-11-05 11:56:43,313:INFO:Importing untrained model
2025-11-05 11:56:43,316:INFO:Dummy Regressor Imported successfully
2025-11-05 11:56:43,319:INFO:Starting cross validation
2025-11-05 11:56:43,320:INFO:Cross validating with KFold(n_splits=10, random_state=None, shuffle=False), n_jobs=-1
2025-11-05 11:56:43,486:INFO:Calculating mean and std
2025-11-05 11:56:43,487:INFO:Creating metrics dataframe
2025-11-05 11:56:43,489:INFO:Uploading results into container
2025-11-05 11:56:43,489:INFO:Uploading model into container now
2025-11-05 11:56:43,490:INFO:_master_model_container: 20
2025-11-05 11:56:43,490:INFO:_display_container: 2
2025-11-05 11:56:43,490:INFO:DummyRegressor()
2025-11-05 11:56:43,490:INFO:create_model() successfully completed......................................
2025-11-05 11:56:43,695:INFO:SubProcess create_model() end ==================================
2025-11-05 11:56:43,695:INFO:Creating metrics dataframe
2025-11-05 11:56:43,708:INFO:Initializing create_model()
2025-11-05 11:56:43,708:INFO:create_model(self=<pycaret.regression.oop.RegressionExperiment object at 0x000001D15E33D690>, estimator=GradientBoostingRegressor(random_state=23), fold=KFold(n_splits=10, random_state=None, shuffle=False), round=4, cross_validation=False, predict=False, fit_kwargs={}, groups=None, refit=True, probability_threshold=None, experiment_custom_tags=None, verbose=False, system=False, add_to_model_list=True, metrics=None, display=None, model_only=True, return_train_score=False, error_score=0.0, kwargs={})
2025-11-05 11:56:43,708:INFO:Checking exceptions
2025-11-05 11:56:43,709:INFO:Importing libraries
2025-11-05 11:56:43,709:INFO:Copying training dataset
2025-11-05 11:56:43,714:INFO:Defining folds
2025-11-05 11:56:43,714:INFO:Declaring metric variables
2025-11-05 11:56:43,714:INFO:Importing untrained model
2025-11-05 11:56:43,714:INFO:Declaring custom model
2025-11-05 11:56:43,714:INFO:Gradient Boosting Regressor Imported successfully
2025-11-05 11:56:43,715:INFO:Cross validation set to False
2025-11-05 11:56:43,715:INFO:Fitting Model
2025-11-05 11:56:44,217:INFO:GradientBoostingRegressor(random_state=23)
2025-11-05 11:56:44,217:INFO:create_model() successfully completed......................................
2025-11-05 11:56:44,460:INFO:_master_model_container: 20
2025-11-05 11:56:44,460:INFO:_display_container: 2
2025-11-05 11:56:44,460:INFO:GradientBoostingRegressor(random_state=23)
2025-11-05 11:56:44,460:INFO:compare_models() successfully completed......................................
2025-11-05 13:20:46,560:WARNING:
'cuml' is a soft dependency and not included in the pycaret installation. Please run: `pip install cuml` to install.
2025-11-05 13:20:46,561:WARNING:
'cuml' is a soft dependency and not included in the pycaret installation. Please run: `pip install cuml` to install.
2025-11-05 13:20:46,561:WARNING:
'cuml' is a soft dependency and not included in the pycaret installation. Please run: `pip install cuml` to install.
2025-11-05 13:20:46,561:WARNING:
'cuml' is a soft dependency and not included in the pycaret installation. Please run: `pip install cuml` to install.
2025-11-05 13:21:28,011:INFO:PyCaret RegressionExperiment
2025-11-05 13:21:28,011:INFO:Logging name: reg-default-name
2025-11-05 13:21:28,011:INFO:ML Usecase: MLUsecase.REGRESSION
2025-11-05 13:21:28,011:INFO:version 3.3.2
2025-11-05 13:21:28,011:INFO:Initializing setup()
2025-11-05 13:21:28,011:INFO:self.USI: 382d
2025-11-05 13:21:28,011:INFO:self._variable_keys: {'y_test', 'idx', '_available_plots', 'pipeline', 'exp_name_log', 'y', 'X_test', 'n_jobs_param', 'exp_id', 'memory', 'gpu_n_jobs_param', 'target_param', 'gpu_param', 'html_param', 'X_train', 'log_plots_param', 'fold_generator', 'transform_target_param', 'fold_groups_param', '_ml_usecase', 'fold_shuffle_param', 'X', 'logging_param', 'seed', 'y_train', 'data', 'USI'}
2025-11-05 13:21:28,011:INFO:Checking environment
2025-11-05 13:21:28,011:INFO:python_version: 3.11.7
2025-11-05 13:21:28,011:INFO:python_build: ('tags/v3.11.7:fa7a6f2', 'Dec  4 2023 19:24:49')
2025-11-05 13:21:28,011:INFO:machine: AMD64
2025-11-05 13:21:28,011:INFO:platform: Windows-10-10.0.22631-SP0
2025-11-05 13:21:28,017:INFO:Memory: svmem(total=16841400320, available=6111936512, percent=63.7, used=10729463808, free=6111936512)
2025-11-05 13:21:28,017:INFO:Physical Core: 8
2025-11-05 13:21:28,017:INFO:Logical Core: 16
2025-11-05 13:21:28,017:INFO:Checking libraries
2025-11-05 13:21:28,017:INFO:System:
2025-11-05 13:21:28,017:INFO:    python: 3.11.7 (tags/v3.11.7:fa7a6f2, Dec  4 2023, 19:24:49) [MSC v.1937 64 bit (AMD64)]
2025-11-05 13:21:28,017:INFO:executable: c:\Users\Asus\Desktop\train\venv\Scripts\python.exe
2025-11-05 13:21:28,017:INFO:   machine: Windows-10-10.0.22631-SP0
2025-11-05 13:21:28,017:INFO:PyCaret required dependencies:
2025-11-05 13:21:28,643:INFO:                 pip: 23.2.1
2025-11-05 13:21:28,644:INFO:          setuptools: 80.9.0
2025-11-05 13:21:28,644:INFO:             pycaret: 3.3.2
2025-11-05 13:21:28,644:INFO:             IPython: 9.4.0
2025-11-05 13:21:28,644:INFO:          ipywidgets: 8.1.7
2025-11-05 13:21:28,644:INFO:                tqdm: 4.67.1
2025-11-05 13:21:28,644:INFO:               numpy: 1.26.4
2025-11-05 13:21:28,644:INFO:              pandas: 2.1.4
2025-11-05 13:21:28,644:INFO:              jinja2: 3.1.6
2025-11-05 13:21:28,644:INFO:               scipy: 1.11.4
2025-11-05 13:21:28,644:INFO:              joblib: 1.3.2
2025-11-05 13:21:28,644:INFO:             sklearn: 1.4.2
2025-11-05 13:21:28,644:INFO:                pyod: 2.0.5
2025-11-05 13:21:28,644:INFO:            imblearn: 0.14.0
2025-11-05 13:21:28,644:INFO:   category_encoders: 2.7.0
2025-11-05 13:21:28,644:INFO:            lightgbm: 4.6.0
2025-11-05 13:21:28,644:INFO:               numba: 0.61.0
2025-11-05 13:21:28,644:INFO:            requests: 2.32.5
2025-11-05 13:21:28,644:INFO:          matplotlib: 3.7.5
2025-11-05 13:21:28,644:INFO:          scikitplot: 0.3.7
2025-11-05 13:21:28,644:INFO:         yellowbrick: 1.5
2025-11-05 13:21:28,644:INFO:              plotly: 5.24.1
2025-11-05 13:21:28,644:INFO:    plotly-resampler: Not installed
2025-11-05 13:21:28,644:INFO:             kaleido: 1.1.0
2025-11-05 13:21:28,644:INFO:           schemdraw: 0.15
2025-11-05 13:21:28,645:INFO:         statsmodels: 0.14.5
2025-11-05 13:21:28,645:INFO:              sktime: 0.26.0
2025-11-05 13:21:28,645:INFO:               tbats: 1.1.3
2025-11-05 13:21:28,645:INFO:            pmdarima: 2.0.4
2025-11-05 13:21:28,645:INFO:              psutil: 7.0.0
2025-11-05 13:21:28,645:INFO:          markupsafe: 2.1.5
2025-11-05 13:21:28,645:INFO:             pickle5: Not installed
2025-11-05 13:21:28,645:INFO:         cloudpickle: 3.1.1
2025-11-05 13:21:28,645:INFO:         deprecation: 2.1.0
2025-11-05 13:21:28,645:INFO:              xxhash: 3.5.0
2025-11-05 13:21:28,645:INFO:           wurlitzer: Not installed
2025-11-05 13:21:28,645:INFO:PyCaret optional dependencies:
2025-11-05 13:21:32,220:INFO:                shap: 0.44.1
2025-11-05 13:21:32,220:INFO:           interpret: 0.7.2
2025-11-05 13:21:32,220:INFO:                umap: 0.5.7
2025-11-05 13:21:32,220:INFO:     ydata_profiling: 4.17.0
2025-11-05 13:21:32,220:INFO:  explainerdashboard: 0.5.1
2025-11-05 13:21:32,220:INFO:             autoviz: Not installed
2025-11-05 13:21:32,220:INFO:           fairlearn: 0.7.0
2025-11-05 13:21:32,221:INFO:          deepchecks: Not installed
2025-11-05 13:21:32,221:INFO:             xgboost: 3.0.5
2025-11-05 13:21:32,221:INFO:            catboost: 1.2.8
2025-11-05 13:21:32,221:INFO:              kmodes: 0.12.2
2025-11-05 13:21:32,221:INFO:             mlxtend: 0.23.4
2025-11-05 13:21:32,221:INFO:       statsforecast: 1.5.0
2025-11-05 13:21:32,221:INFO:        tune_sklearn: Not installed
2025-11-05 13:21:32,221:INFO:                 ray: Not installed
2025-11-05 13:21:32,221:INFO:            hyperopt: 0.2.7
2025-11-05 13:21:32,221:INFO:              optuna: 4.5.0
2025-11-05 13:21:32,221:INFO:               skopt: 0.10.2
2025-11-05 13:21:32,221:INFO:              mlflow: 3.4.0
2025-11-05 13:21:32,221:INFO:              gradio: 5.48.0
2025-11-05 13:21:32,221:INFO:             fastapi: 0.118.0
2025-11-05 13:21:32,221:INFO:             uvicorn: 0.37.0
2025-11-05 13:21:32,221:INFO:              m2cgen: 0.10.0
2025-11-05 13:21:32,221:INFO:           evidently: 0.4.40
2025-11-05 13:21:32,221:INFO:               fugue: 0.8.7
2025-11-05 13:21:32,221:INFO:           streamlit: 1.50.0
2025-11-05 13:21:32,221:INFO:             prophet: Not installed
2025-11-05 13:21:32,221:INFO:None
2025-11-05 13:21:32,221:INFO:Set up data.
2025-11-05 13:21:32,231:INFO:Set up folding strategy.
2025-11-05 13:21:32,231:INFO:Set up train/test split.
2025-11-05 13:21:32,235:INFO:Set up index.
2025-11-05 13:21:32,235:INFO:Assigning column types.
2025-11-05 13:21:32,237:INFO:Engine successfully changes for model 'lr' to 'sklearn'.
2025-11-05 13:21:32,237:INFO:Engine for model 'lasso' has not been set explicitly, hence returning None.
2025-11-05 13:21:32,240:INFO:Engine for model 'ridge' has not been set explicitly, hence returning None.
2025-11-05 13:21:32,244:INFO:Engine for model 'en' has not been set explicitly, hence returning None.
2025-11-05 13:21:32,285:INFO:Engine for model 'svm' has not been set explicitly, hence returning None.
2025-11-05 13:21:32,316:INFO:Engine for model 'knn' has not been set explicitly, hence returning None.
2025-11-05 13:21:32,316:INFO:Soft dependency imported: xgboost: 3.0.5
2025-11-05 13:21:32,318:INFO:Soft dependency imported: catboost: 1.2.8
2025-11-05 13:21:32,344:INFO:Engine for model 'lasso' has not been set explicitly, hence returning None.
2025-11-05 13:21:32,347:INFO:Engine for model 'ridge' has not been set explicitly, hence returning None.
2025-11-05 13:21:32,350:INFO:Engine for model 'en' has not been set explicitly, hence returning None.
2025-11-05 13:21:32,391:INFO:Engine for model 'svm' has not been set explicitly, hence returning None.
2025-11-05 13:21:32,422:INFO:Engine for model 'knn' has not been set explicitly, hence returning None.
2025-11-05 13:21:32,422:INFO:Soft dependency imported: xgboost: 3.0.5
2025-11-05 13:21:32,424:INFO:Soft dependency imported: catboost: 1.2.8
2025-11-05 13:21:32,424:INFO:Engine successfully changes for model 'lasso' to 'sklearn'.
2025-11-05 13:21:32,428:INFO:Engine for model 'ridge' has not been set explicitly, hence returning None.
2025-11-05 13:21:32,431:INFO:Engine for model 'en' has not been set explicitly, hence returning None.
2025-11-05 13:21:32,471:INFO:Engine for model 'svm' has not been set explicitly, hence returning None.
2025-11-05 13:21:32,502:INFO:Engine for model 'knn' has not been set explicitly, hence returning None.
2025-11-05 13:21:32,503:INFO:Soft dependency imported: xgboost: 3.0.5
2025-11-05 13:21:32,504:INFO:Soft dependency imported: catboost: 1.2.8
2025-11-05 13:21:32,508:INFO:Engine for model 'ridge' has not been set explicitly, hence returning None.
2025-11-05 13:21:32,511:INFO:Engine for model 'en' has not been set explicitly, hence returning None.
2025-11-05 13:21:32,553:INFO:Engine for model 'svm' has not been set explicitly, hence returning None.
2025-11-05 13:21:32,583:INFO:Engine for model 'knn' has not been set explicitly, hence returning None.
2025-11-05 13:21:32,583:INFO:Soft dependency imported: xgboost: 3.0.5
2025-11-05 13:21:32,585:INFO:Soft dependency imported: catboost: 1.2.8
2025-11-05 13:21:32,586:INFO:Engine successfully changes for model 'ridge' to 'sklearn'.
2025-11-05 13:21:32,592:INFO:Engine for model 'en' has not been set explicitly, hence returning None.
2025-11-05 13:21:32,634:INFO:Engine for model 'svm' has not been set explicitly, hence returning None.
2025-11-05 13:21:32,665:INFO:Engine for model 'knn' has not been set explicitly, hence returning None.
2025-11-05 13:21:32,665:INFO:Soft dependency imported: xgboost: 3.0.5
2025-11-05 13:21:32,667:INFO:Soft dependency imported: catboost: 1.2.8
2025-11-05 13:21:32,673:INFO:Engine for model 'en' has not been set explicitly, hence returning None.
2025-11-05 13:21:32,715:INFO:Engine for model 'svm' has not been set explicitly, hence returning None.
2025-11-05 13:21:32,745:INFO:Engine for model 'knn' has not been set explicitly, hence returning None.
2025-11-05 13:21:32,746:INFO:Soft dependency imported: xgboost: 3.0.5
2025-11-05 13:21:32,747:INFO:Soft dependency imported: catboost: 1.2.8
2025-11-05 13:21:32,747:INFO:Engine successfully changes for model 'en' to 'sklearn'.
2025-11-05 13:21:32,795:INFO:Engine for model 'svm' has not been set explicitly, hence returning None.
2025-11-05 13:21:32,826:INFO:Engine for model 'knn' has not been set explicitly, hence returning None.
2025-11-05 13:21:32,827:INFO:Soft dependency imported: xgboost: 3.0.5
2025-11-05 13:21:32,828:INFO:Soft dependency imported: catboost: 1.2.8
2025-11-05 13:21:32,876:INFO:Engine for model 'svm' has not been set explicitly, hence returning None.
2025-11-05 13:21:32,906:INFO:Engine for model 'knn' has not been set explicitly, hence returning None.
2025-11-05 13:21:32,906:INFO:Soft dependency imported: xgboost: 3.0.5
2025-11-05 13:21:32,908:INFO:Soft dependency imported: catboost: 1.2.8
2025-11-05 13:21:32,909:INFO:Engine successfully changes for model 'knn' to 'sklearn'.
2025-11-05 13:21:32,956:INFO:Engine for model 'svm' has not been set explicitly, hence returning None.
2025-11-05 13:21:32,987:INFO:Soft dependency imported: xgboost: 3.0.5
2025-11-05 13:21:32,989:INFO:Soft dependency imported: catboost: 1.2.8
2025-11-05 13:21:33,037:INFO:Engine for model 'svm' has not been set explicitly, hence returning None.
2025-11-05 13:21:33,067:INFO:Soft dependency imported: xgboost: 3.0.5
2025-11-05 13:21:33,069:INFO:Soft dependency imported: catboost: 1.2.8
2025-11-05 13:21:33,070:INFO:Engine successfully changes for model 'svm' to 'sklearn'.
2025-11-05 13:21:33,150:INFO:Soft dependency imported: xgboost: 3.0.5
2025-11-05 13:21:33,152:INFO:Soft dependency imported: catboost: 1.2.8
2025-11-05 13:21:33,236:INFO:Soft dependency imported: xgboost: 3.0.5
2025-11-05 13:21:33,238:INFO:Soft dependency imported: catboost: 1.2.8
2025-11-05 13:21:33,241:INFO:Preparing preprocessing pipeline...
2025-11-05 13:21:33,241:INFO:Set up simple imputation.
2025-11-05 13:21:33,244:INFO:Set up encoding of categorical features.
2025-11-05 13:21:33,318:INFO:Finished creating preprocessing pipeline.
2025-11-05 13:21:33,325:INFO:Pipeline: Pipeline(memory=FastMemory(location=C:\TEMP\joblib),
         steps=[('numerical_imputer',
                 TransformerWrapper(include=['YearsCodePro'],
                                    transformer=SimpleImputer())),
                ('categorical_imputer',
                 TransformerWrapper(include=['Country', 'EdLevel'],
                                    transformer=SimpleImputer(strategy='most_frequent'))),
                ('onehot_encoding',
                 TransformerWrapper(include=['EdLevel'],
                                    transformer=OneHotEncoder(cols=['EdLevel'],
                                                              handle_missing='return_nan',
                                                              use_cat_names=True))),
                ('rest_encoding',
                 TransformerWrapper(include=['Country'],
                                    transformer=TargetEncoder(cols=['Country'],
                                                              handle_missing='return_nan')))])
2025-11-05 13:21:33,325:INFO:Creating final display dataframe.
2025-11-05 13:21:33,499:INFO:Setup _display_container:                     Description             Value
0                    Session id                23
1                        Target            Salary
2                   Target type        Regression
3           Original data shape        (31594, 4)
4        Transformed data shape        (31594, 7)
5   Transformed train set shape        (22115, 7)
6    Transformed test set shape         (9479, 7)
7              Numeric features                 1
8          Categorical features                 2
9                    Preprocess              True
10              Imputation type            simple
11           Numeric imputation              mean
12       Categorical imputation              mode
13     Maximum one-hot encoding                25
14              Encoding method              None
15               Fold Generator             KFold
16                  Fold Number                10
17                     CPU Jobs                -1
18                      Use GPU             False
19               Log Experiment             False
20              Experiment Name  reg-default-name
21                          USI              382d
2025-11-05 13:21:33,588:INFO:Soft dependency imported: xgboost: 3.0.5
2025-11-05 13:21:33,590:INFO:Soft dependency imported: catboost: 1.2.8
2025-11-05 13:21:33,691:INFO:Soft dependency imported: xgboost: 3.0.5
2025-11-05 13:21:33,693:INFO:Soft dependency imported: catboost: 1.2.8
2025-11-05 13:21:33,693:INFO:setup() successfully completed in 5.71s...............
2025-11-05 13:21:33,717:INFO:gpu_param set to False
2025-11-05 13:21:33,804:INFO:Soft dependency imported: xgboost: 3.0.5
2025-11-05 13:21:33,806:INFO:Soft dependency imported: catboost: 1.2.8
2025-11-05 13:21:33,888:INFO:Soft dependency imported: xgboost: 3.0.5
2025-11-05 13:21:33,890:INFO:Soft dependency imported: catboost: 1.2.8
2025-11-05 13:21:33,903:INFO:Initializing compare_models()
2025-11-05 13:21:33,903:INFO:compare_models(self=<pycaret.regression.oop.RegressionExperiment object at 0x0000022BD9A27910>, include=None, exclude=None, fold=None, round=4, cross_validation=True, sort=R2, n_select=1, budget_time=None, turbo=True, errors=ignore, fit_kwargs=None, groups=None, experiment_custom_tags=None, probability_threshold=None, verbose=True, parallel=None, caller_params={'self': <pycaret.regression.oop.RegressionExperiment object at 0x0000022BD9A27910>, 'include': None, 'exclude': None, 'fold': None, 'round': 4, 'cross_validation': True, 'sort': 'R2', 'n_select': 1, 'budget_time': None, 'turbo': True, 'errors': 'ignore', 'fit_kwargs': None, 'groups': None, 'experiment_custom_tags': None, 'engine': None, 'verbose': True, 'parallel': None, '__class__': <class 'pycaret.regression.oop.RegressionExperiment'>})
2025-11-05 13:21:33,903:INFO:Checking exceptions
2025-11-05 13:21:33,905:INFO:Preparing display monitor
2025-11-05 13:21:33,919:INFO:Initializing Linear Regression
2025-11-05 13:21:33,919:INFO:Total runtime is 0.0 minutes
2025-11-05 13:21:33,921:INFO:SubProcess create_model() called ==================================
2025-11-05 13:21:33,921:INFO:Initializing create_model()
2025-11-05 13:21:33,922:INFO:create_model(self=<pycaret.regression.oop.RegressionExperiment object at 0x0000022BD9A27910>, estimator=lr, fold=KFold(n_splits=10, random_state=None, shuffle=False), round=4, cross_validation=True, predict=True, fit_kwargs={}, groups=None, refit=False, probability_threshold=None, experiment_custom_tags=None, verbose=False, system=False, add_to_model_list=True, metrics=None, display=<pycaret.internal.display.display.CommonDisplay object at 0x0000022BE446A790>, model_only=True, return_train_score=False, error_score=0.0, kwargs={})
2025-11-05 13:21:33,922:INFO:Checking exceptions
2025-11-05 13:21:33,922:INFO:Importing libraries
2025-11-05 13:21:33,922:INFO:Copying training dataset
2025-11-05 13:21:33,926:INFO:Defining folds
2025-11-05 13:21:33,926:INFO:Declaring metric variables
2025-11-05 13:21:33,928:INFO:Importing untrained model
2025-11-05 13:21:33,930:INFO:Linear Regression Imported successfully
2025-11-05 13:21:33,934:INFO:Starting cross validation
2025-11-05 13:21:33,941:INFO:Cross validating with KFold(n_splits=10, random_state=None, shuffle=False), n_jobs=-1
2025-11-05 13:21:37,845:INFO:Calculating mean and std
2025-11-05 13:21:37,848:INFO:Creating metrics dataframe
2025-11-05 13:21:37,853:INFO:Uploading results into container
2025-11-05 13:21:37,853:INFO:Uploading model into container now
2025-11-05 13:21:37,854:INFO:_master_model_container: 1
2025-11-05 13:21:37,854:INFO:_display_container: 2
2025-11-05 13:21:37,856:INFO:LinearRegression(n_jobs=-1)
2025-11-05 13:21:37,856:INFO:create_model() successfully completed......................................
2025-11-05 13:21:38,130:INFO:SubProcess create_model() end ==================================
2025-11-05 13:21:38,130:INFO:Creating metrics dataframe
2025-11-05 13:21:38,134:INFO:Initializing Lasso Regression
2025-11-05 13:21:38,134:INFO:Total runtime is 0.07025186220804851 minutes
2025-11-05 13:21:38,136:INFO:SubProcess create_model() called ==================================
2025-11-05 13:21:38,136:INFO:Initializing create_model()
2025-11-05 13:21:38,136:INFO:create_model(self=<pycaret.regression.oop.RegressionExperiment object at 0x0000022BD9A27910>, estimator=lasso, fold=KFold(n_splits=10, random_state=None, shuffle=False), round=4, cross_validation=True, predict=True, fit_kwargs={}, groups=None, refit=False, probability_threshold=None, experiment_custom_tags=None, verbose=False, system=False, add_to_model_list=True, metrics=None, display=<pycaret.internal.display.display.CommonDisplay object at 0x0000022BE446A790>, model_only=True, return_train_score=False, error_score=0.0, kwargs={})
2025-11-05 13:21:38,136:INFO:Checking exceptions
2025-11-05 13:21:38,136:INFO:Importing libraries
2025-11-05 13:21:38,136:INFO:Copying training dataset
2025-11-05 13:21:38,141:INFO:Defining folds
2025-11-05 13:21:38,141:INFO:Declaring metric variables
2025-11-05 13:21:38,144:INFO:Importing untrained model
2025-11-05 13:21:38,146:INFO:Lasso Regression Imported successfully
2025-11-05 13:21:38,150:INFO:Starting cross validation
2025-11-05 13:21:38,151:INFO:Cross validating with KFold(n_splits=10, random_state=None, shuffle=False), n_jobs=-1
2025-11-05 13:21:40,828:INFO:Calculating mean and std
2025-11-05 13:21:40,831:INFO:Creating metrics dataframe
2025-11-05 13:21:40,835:INFO:Uploading results into container
2025-11-05 13:21:40,837:INFO:Uploading model into container now
2025-11-05 13:21:40,838:INFO:_master_model_container: 2
2025-11-05 13:21:40,838:INFO:_display_container: 2
2025-11-05 13:21:40,838:INFO:Lasso(random_state=23)
2025-11-05 13:21:40,839:INFO:create_model() successfully completed......................................
2025-11-05 13:21:41,118:INFO:SubProcess create_model() end ==================================
2025-11-05 13:21:41,118:INFO:Creating metrics dataframe
2025-11-05 13:21:41,123:INFO:Initializing Ridge Regression
2025-11-05 13:21:41,123:INFO:Total runtime is 0.12006406784057617 minutes
2025-11-05 13:21:41,125:INFO:SubProcess create_model() called ==================================
2025-11-05 13:21:41,125:INFO:Initializing create_model()
2025-11-05 13:21:41,125:INFO:create_model(self=<pycaret.regression.oop.RegressionExperiment object at 0x0000022BD9A27910>, estimator=ridge, fold=KFold(n_splits=10, random_state=None, shuffle=False), round=4, cross_validation=True, predict=True, fit_kwargs={}, groups=None, refit=False, probability_threshold=None, experiment_custom_tags=None, verbose=False, system=False, add_to_model_list=True, metrics=None, display=<pycaret.internal.display.display.CommonDisplay object at 0x0000022BE446A790>, model_only=True, return_train_score=False, error_score=0.0, kwargs={})
2025-11-05 13:21:41,125:INFO:Checking exceptions
2025-11-05 13:21:41,125:INFO:Importing libraries
2025-11-05 13:21:41,125:INFO:Copying training dataset
2025-11-05 13:21:41,131:INFO:Defining folds
2025-11-05 13:21:41,131:INFO:Declaring metric variables
2025-11-05 13:21:41,134:INFO:Importing untrained model
2025-11-05 13:21:41,137:INFO:Ridge Regression Imported successfully
2025-11-05 13:21:41,141:INFO:Starting cross validation
2025-11-05 13:21:41,142:INFO:Cross validating with KFold(n_splits=10, random_state=None, shuffle=False), n_jobs=-1
2025-11-05 13:21:41,295:INFO:Calculating mean and std
2025-11-05 13:21:41,296:INFO:Creating metrics dataframe
2025-11-05 13:21:41,297:INFO:Uploading results into container
2025-11-05 13:21:41,297:INFO:Uploading model into container now
2025-11-05 13:21:41,297:INFO:_master_model_container: 3
2025-11-05 13:21:41,298:INFO:_display_container: 2
2025-11-05 13:21:41,298:INFO:Ridge(random_state=23)
2025-11-05 13:21:41,298:INFO:create_model() successfully completed......................................
2025-11-05 13:21:41,498:INFO:SubProcess create_model() end ==================================
2025-11-05 13:21:41,498:INFO:Creating metrics dataframe
2025-11-05 13:21:41,504:INFO:Initializing Elastic Net
2025-11-05 13:21:41,504:INFO:Total runtime is 0.1264074206352234 minutes
2025-11-05 13:21:41,506:INFO:SubProcess create_model() called ==================================
2025-11-05 13:21:41,506:INFO:Initializing create_model()
2025-11-05 13:21:41,506:INFO:create_model(self=<pycaret.regression.oop.RegressionExperiment object at 0x0000022BD9A27910>, estimator=en, fold=KFold(n_splits=10, random_state=None, shuffle=False), round=4, cross_validation=True, predict=True, fit_kwargs={}, groups=None, refit=False, probability_threshold=None, experiment_custom_tags=None, verbose=False, system=False, add_to_model_list=True, metrics=None, display=<pycaret.internal.display.display.CommonDisplay object at 0x0000022BE446A790>, model_only=True, return_train_score=False, error_score=0.0, kwargs={})
2025-11-05 13:21:41,506:INFO:Checking exceptions
2025-11-05 13:21:41,506:INFO:Importing libraries
2025-11-05 13:21:41,506:INFO:Copying training dataset
2025-11-05 13:21:41,511:INFO:Defining folds
2025-11-05 13:21:41,511:INFO:Declaring metric variables
2025-11-05 13:21:41,515:INFO:Importing untrained model
2025-11-05 13:21:41,517:INFO:Elastic Net Imported successfully
2025-11-05 13:21:41,521:INFO:Starting cross validation
2025-11-05 13:21:41,522:INFO:Cross validating with KFold(n_splits=10, random_state=None, shuffle=False), n_jobs=-1
2025-11-05 13:21:41,692:INFO:Calculating mean and std
2025-11-05 13:21:41,693:INFO:Creating metrics dataframe
2025-11-05 13:21:41,694:INFO:Uploading results into container
2025-11-05 13:21:41,694:INFO:Uploading model into container now
2025-11-05 13:21:41,696:INFO:_master_model_container: 4
2025-11-05 13:21:41,696:INFO:_display_container: 2
2025-11-05 13:21:41,696:INFO:ElasticNet(random_state=23)
2025-11-05 13:21:41,696:INFO:create_model() successfully completed......................................
2025-11-05 13:21:41,914:INFO:SubProcess create_model() end ==================================
2025-11-05 13:21:41,914:INFO:Creating metrics dataframe
2025-11-05 13:21:41,920:INFO:Initializing Least Angle Regression
2025-11-05 13:21:41,920:INFO:Total runtime is 0.13334324359893798 minutes
2025-11-05 13:21:41,922:INFO:SubProcess create_model() called ==================================
2025-11-05 13:21:41,922:INFO:Initializing create_model()
2025-11-05 13:21:41,922:INFO:create_model(self=<pycaret.regression.oop.RegressionExperiment object at 0x0000022BD9A27910>, estimator=lar, fold=KFold(n_splits=10, random_state=None, shuffle=False), round=4, cross_validation=True, predict=True, fit_kwargs={}, groups=None, refit=False, probability_threshold=None, experiment_custom_tags=None, verbose=False, system=False, add_to_model_list=True, metrics=None, display=<pycaret.internal.display.display.CommonDisplay object at 0x0000022BE446A790>, model_only=True, return_train_score=False, error_score=0.0, kwargs={})
2025-11-05 13:21:41,922:INFO:Checking exceptions
2025-11-05 13:21:41,922:INFO:Importing libraries
2025-11-05 13:21:41,922:INFO:Copying training dataset
2025-11-05 13:21:41,928:INFO:Defining folds
2025-11-05 13:21:41,928:INFO:Declaring metric variables
2025-11-05 13:21:41,930:INFO:Importing untrained model
2025-11-05 13:21:41,933:INFO:Least Angle Regression Imported successfully
2025-11-05 13:21:41,937:INFO:Starting cross validation
2025-11-05 13:21:41,938:INFO:Cross validating with KFold(n_splits=10, random_state=None, shuffle=False), n_jobs=-1
2025-11-05 13:21:42,091:INFO:Calculating mean and std
2025-11-05 13:21:42,092:INFO:Creating metrics dataframe
2025-11-05 13:21:42,093:INFO:Uploading results into container
2025-11-05 13:21:42,094:INFO:Uploading model into container now
2025-11-05 13:21:42,094:INFO:_master_model_container: 5
2025-11-05 13:21:42,094:INFO:_display_container: 2
2025-11-05 13:21:42,095:INFO:Lars(random_state=23)
2025-11-05 13:21:42,095:INFO:create_model() successfully completed......................................
2025-11-05 13:21:42,359:INFO:SubProcess create_model() end ==================================
2025-11-05 13:21:42,359:INFO:Creating metrics dataframe
2025-11-05 13:21:42,366:INFO:Initializing Lasso Least Angle Regression
2025-11-05 13:21:42,366:INFO:Total runtime is 0.14077184995015463 minutes
2025-11-05 13:21:42,370:INFO:SubProcess create_model() called ==================================
2025-11-05 13:21:42,370:INFO:Initializing create_model()
2025-11-05 13:21:42,370:INFO:create_model(self=<pycaret.regression.oop.RegressionExperiment object at 0x0000022BD9A27910>, estimator=llar, fold=KFold(n_splits=10, random_state=None, shuffle=False), round=4, cross_validation=True, predict=True, fit_kwargs={}, groups=None, refit=False, probability_threshold=None, experiment_custom_tags=None, verbose=False, system=False, add_to_model_list=True, metrics=None, display=<pycaret.internal.display.display.CommonDisplay object at 0x0000022BE446A790>, model_only=True, return_train_score=False, error_score=0.0, kwargs={})
2025-11-05 13:21:42,370:INFO:Checking exceptions
2025-11-05 13:21:42,370:INFO:Importing libraries
2025-11-05 13:21:42,370:INFO:Copying training dataset
2025-11-05 13:21:42,376:INFO:Defining folds
2025-11-05 13:21:42,377:INFO:Declaring metric variables
2025-11-05 13:21:42,380:INFO:Importing untrained model
2025-11-05 13:21:42,382:INFO:Lasso Least Angle Regression Imported successfully
2025-11-05 13:21:42,388:INFO:Starting cross validation
2025-11-05 13:21:42,389:INFO:Cross validating with KFold(n_splits=10, random_state=None, shuffle=False), n_jobs=-1
2025-11-05 13:21:42,627:INFO:Calculating mean and std
2025-11-05 13:21:42,628:INFO:Creating metrics dataframe
2025-11-05 13:21:42,629:INFO:Uploading results into container
2025-11-05 13:21:42,630:INFO:Uploading model into container now
2025-11-05 13:21:42,630:INFO:_master_model_container: 6
2025-11-05 13:21:42,630:INFO:_display_container: 2
2025-11-05 13:21:42,630:INFO:LassoLars(random_state=23)
2025-11-05 13:21:42,631:INFO:create_model() successfully completed......................................
2025-11-05 13:21:42,876:INFO:SubProcess create_model() end ==================================
2025-11-05 13:21:42,876:INFO:Creating metrics dataframe
2025-11-05 13:21:42,882:INFO:Initializing Orthogonal Matching Pursuit
2025-11-05 13:21:42,882:INFO:Total runtime is 0.1493769884109497 minutes
2025-11-05 13:21:42,885:INFO:SubProcess create_model() called ==================================
2025-11-05 13:21:42,885:INFO:Initializing create_model()
2025-11-05 13:21:42,885:INFO:create_model(self=<pycaret.regression.oop.RegressionExperiment object at 0x0000022BD9A27910>, estimator=omp, fold=KFold(n_splits=10, random_state=None, shuffle=False), round=4, cross_validation=True, predict=True, fit_kwargs={}, groups=None, refit=False, probability_threshold=None, experiment_custom_tags=None, verbose=False, system=False, add_to_model_list=True, metrics=None, display=<pycaret.internal.display.display.CommonDisplay object at 0x0000022BE446A790>, model_only=True, return_train_score=False, error_score=0.0, kwargs={})
2025-11-05 13:21:42,885:INFO:Checking exceptions
2025-11-05 13:21:42,885:INFO:Importing libraries
2025-11-05 13:21:42,886:INFO:Copying training dataset
2025-11-05 13:21:42,891:INFO:Defining folds
2025-11-05 13:21:42,891:INFO:Declaring metric variables
2025-11-05 13:21:42,894:INFO:Importing untrained model
2025-11-05 13:21:42,896:INFO:Orthogonal Matching Pursuit Imported successfully
2025-11-05 13:21:42,900:INFO:Starting cross validation
2025-11-05 13:21:42,901:INFO:Cross validating with KFold(n_splits=10, random_state=None, shuffle=False), n_jobs=-1
2025-11-05 13:21:43,070:INFO:Calculating mean and std
2025-11-05 13:21:43,071:INFO:Creating metrics dataframe
2025-11-05 13:21:43,073:INFO:Uploading results into container
2025-11-05 13:21:43,073:INFO:Uploading model into container now
2025-11-05 13:21:43,073:INFO:_master_model_container: 7
2025-11-05 13:21:43,073:INFO:_display_container: 2
2025-11-05 13:21:43,074:INFO:OrthogonalMatchingPursuit()
2025-11-05 13:21:43,074:INFO:create_model() successfully completed......................................
2025-11-05 13:21:43,297:INFO:SubProcess create_model() end ==================================
2025-11-05 13:21:43,297:INFO:Creating metrics dataframe
2025-11-05 13:21:43,302:INFO:Initializing Bayesian Ridge
2025-11-05 13:21:43,302:INFO:Total runtime is 0.15637248357137043 minutes
2025-11-05 13:21:43,304:INFO:SubProcess create_model() called ==================================
2025-11-05 13:21:43,304:INFO:Initializing create_model()
2025-11-05 13:21:43,304:INFO:create_model(self=<pycaret.regression.oop.RegressionExperiment object at 0x0000022BD9A27910>, estimator=br, fold=KFold(n_splits=10, random_state=None, shuffle=False), round=4, cross_validation=True, predict=True, fit_kwargs={}, groups=None, refit=False, probability_threshold=None, experiment_custom_tags=None, verbose=False, system=False, add_to_model_list=True, metrics=None, display=<pycaret.internal.display.display.CommonDisplay object at 0x0000022BE446A790>, model_only=True, return_train_score=False, error_score=0.0, kwargs={})
2025-11-05 13:21:43,305:INFO:Checking exceptions
2025-11-05 13:21:43,305:INFO:Importing libraries
2025-11-05 13:21:43,305:INFO:Copying training dataset
2025-11-05 13:21:43,310:INFO:Defining folds
2025-11-05 13:21:43,310:INFO:Declaring metric variables
2025-11-05 13:21:43,312:INFO:Importing untrained model
2025-11-05 13:21:43,314:INFO:Bayesian Ridge Imported successfully
2025-11-05 13:21:43,318:INFO:Starting cross validation
2025-11-05 13:21:43,319:INFO:Cross validating with KFold(n_splits=10, random_state=None, shuffle=False), n_jobs=-1
2025-11-05 13:21:43,482:INFO:Calculating mean and std
2025-11-05 13:21:43,483:INFO:Creating metrics dataframe
2025-11-05 13:21:43,484:INFO:Uploading results into container
2025-11-05 13:21:43,484:INFO:Uploading model into container now
2025-11-05 13:21:43,485:INFO:_master_model_container: 8
2025-11-05 13:21:43,485:INFO:_display_container: 2
2025-11-05 13:21:43,485:INFO:BayesianRidge()
2025-11-05 13:21:43,485:INFO:create_model() successfully completed......................................
2025-11-05 13:21:43,685:INFO:SubProcess create_model() end ==================================
2025-11-05 13:21:43,685:INFO:Creating metrics dataframe
2025-11-05 13:21:43,690:INFO:Initializing Passive Aggressive Regressor
2025-11-05 13:21:43,691:INFO:Total runtime is 0.16284138361612954 minutes
2025-11-05 13:21:43,692:INFO:SubProcess create_model() called ==================================
2025-11-05 13:21:43,693:INFO:Initializing create_model()
2025-11-05 13:21:43,693:INFO:create_model(self=<pycaret.regression.oop.RegressionExperiment object at 0x0000022BD9A27910>, estimator=par, fold=KFold(n_splits=10, random_state=None, shuffle=False), round=4, cross_validation=True, predict=True, fit_kwargs={}, groups=None, refit=False, probability_threshold=None, experiment_custom_tags=None, verbose=False, system=False, add_to_model_list=True, metrics=None, display=<pycaret.internal.display.display.CommonDisplay object at 0x0000022BE446A790>, model_only=True, return_train_score=False, error_score=0.0, kwargs={})
2025-11-05 13:21:43,693:INFO:Checking exceptions
2025-11-05 13:21:43,693:INFO:Importing libraries
2025-11-05 13:21:43,693:INFO:Copying training dataset
2025-11-05 13:21:43,698:INFO:Defining folds
2025-11-05 13:21:43,698:INFO:Declaring metric variables
2025-11-05 13:21:43,700:INFO:Importing untrained model
2025-11-05 13:21:43,702:INFO:Passive Aggressive Regressor Imported successfully
2025-11-05 13:21:43,705:INFO:Starting cross validation
2025-11-05 13:21:43,706:INFO:Cross validating with KFold(n_splits=10, random_state=None, shuffle=False), n_jobs=-1
2025-11-05 13:21:43,874:INFO:Calculating mean and std
2025-11-05 13:21:43,875:INFO:Creating metrics dataframe
2025-11-05 13:21:43,876:INFO:Uploading results into container
2025-11-05 13:21:43,876:INFO:Uploading model into container now
2025-11-05 13:21:43,877:INFO:_master_model_container: 9
2025-11-05 13:21:43,877:INFO:_display_container: 2
2025-11-05 13:21:43,877:INFO:PassiveAggressiveRegressor(random_state=23)
2025-11-05 13:21:43,877:INFO:create_model() successfully completed......................................
2025-11-05 13:21:44,094:INFO:SubProcess create_model() end ==================================
2025-11-05 13:21:44,094:INFO:Creating metrics dataframe
2025-11-05 13:21:44,100:INFO:Initializing Huber Regressor
2025-11-05 13:21:44,100:INFO:Total runtime is 0.1696813384691874 minutes
2025-11-05 13:21:44,102:INFO:SubProcess create_model() called ==================================
2025-11-05 13:21:44,102:INFO:Initializing create_model()
2025-11-05 13:21:44,102:INFO:create_model(self=<pycaret.regression.oop.RegressionExperiment object at 0x0000022BD9A27910>, estimator=huber, fold=KFold(n_splits=10, random_state=None, shuffle=False), round=4, cross_validation=True, predict=True, fit_kwargs={}, groups=None, refit=False, probability_threshold=None, experiment_custom_tags=None, verbose=False, system=False, add_to_model_list=True, metrics=None, display=<pycaret.internal.display.display.CommonDisplay object at 0x0000022BE446A790>, model_only=True, return_train_score=False, error_score=0.0, kwargs={})
2025-11-05 13:21:44,102:INFO:Checking exceptions
2025-11-05 13:21:44,102:INFO:Importing libraries
2025-11-05 13:21:44,102:INFO:Copying training dataset
2025-11-05 13:21:44,107:INFO:Defining folds
2025-11-05 13:21:44,107:INFO:Declaring metric variables
2025-11-05 13:21:44,109:INFO:Importing untrained model
2025-11-05 13:21:44,111:INFO:Huber Regressor Imported successfully
2025-11-05 13:21:44,115:INFO:Starting cross validation
2025-11-05 13:21:44,116:INFO:Cross validating with KFold(n_splits=10, random_state=None, shuffle=False), n_jobs=-1
2025-11-05 13:21:44,331:INFO:Calculating mean and std
2025-11-05 13:21:44,332:INFO:Creating metrics dataframe
2025-11-05 13:21:44,333:INFO:Uploading results into container
2025-11-05 13:21:44,335:INFO:Uploading model into container now
2025-11-05 13:21:44,335:INFO:_master_model_container: 10
2025-11-05 13:21:44,335:INFO:_display_container: 2
2025-11-05 13:21:44,335:INFO:HuberRegressor()
2025-11-05 13:21:44,335:INFO:create_model() successfully completed......................................
2025-11-05 13:21:44,552:INFO:SubProcess create_model() end ==================================
2025-11-05 13:21:44,552:INFO:Creating metrics dataframe
2025-11-05 13:21:44,557:INFO:Initializing K Neighbors Regressor
2025-11-05 13:21:44,558:INFO:Total runtime is 0.1773176272710164 minutes
2025-11-05 13:21:44,560:INFO:SubProcess create_model() called ==================================
2025-11-05 13:21:44,560:INFO:Initializing create_model()
2025-11-05 13:21:44,560:INFO:create_model(self=<pycaret.regression.oop.RegressionExperiment object at 0x0000022BD9A27910>, estimator=knn, fold=KFold(n_splits=10, random_state=None, shuffle=False), round=4, cross_validation=True, predict=True, fit_kwargs={}, groups=None, refit=False, probability_threshold=None, experiment_custom_tags=None, verbose=False, system=False, add_to_model_list=True, metrics=None, display=<pycaret.internal.display.display.CommonDisplay object at 0x0000022BE446A790>, model_only=True, return_train_score=False, error_score=0.0, kwargs={})
2025-11-05 13:21:44,560:INFO:Checking exceptions
2025-11-05 13:21:44,560:INFO:Importing libraries
2025-11-05 13:21:44,560:INFO:Copying training dataset
2025-11-05 13:21:44,565:INFO:Defining folds
2025-11-05 13:21:44,565:INFO:Declaring metric variables
2025-11-05 13:21:44,567:INFO:Importing untrained model
2025-11-05 13:21:44,571:INFO:K Neighbors Regressor Imported successfully
2025-11-05 13:21:44,576:INFO:Starting cross validation
2025-11-05 13:21:44,577:INFO:Cross validating with KFold(n_splits=10, random_state=None, shuffle=False), n_jobs=-1
2025-11-05 13:21:44,854:INFO:Calculating mean and std
2025-11-05 13:21:44,855:INFO:Creating metrics dataframe
2025-11-05 13:21:44,856:INFO:Uploading results into container
2025-11-05 13:21:44,856:INFO:Uploading model into container now
2025-11-05 13:21:44,857:INFO:_master_model_container: 11
2025-11-05 13:21:44,857:INFO:_display_container: 2
2025-11-05 13:21:44,857:INFO:KNeighborsRegressor(n_jobs=-1)
2025-11-05 13:21:44,857:INFO:create_model() successfully completed......................................
2025-11-05 13:21:45,067:INFO:SubProcess create_model() end ==================================
2025-11-05 13:21:45,067:INFO:Creating metrics dataframe
2025-11-05 13:21:45,073:INFO:Initializing Decision Tree Regressor
2025-11-05 13:21:45,073:INFO:Total runtime is 0.18589329719543454 minutes
2025-11-05 13:21:45,076:INFO:SubProcess create_model() called ==================================
2025-11-05 13:21:45,076:INFO:Initializing create_model()
2025-11-05 13:21:45,076:INFO:create_model(self=<pycaret.regression.oop.RegressionExperiment object at 0x0000022BD9A27910>, estimator=dt, fold=KFold(n_splits=10, random_state=None, shuffle=False), round=4, cross_validation=True, predict=True, fit_kwargs={}, groups=None, refit=False, probability_threshold=None, experiment_custom_tags=None, verbose=False, system=False, add_to_model_list=True, metrics=None, display=<pycaret.internal.display.display.CommonDisplay object at 0x0000022BE446A790>, model_only=True, return_train_score=False, error_score=0.0, kwargs={})
2025-11-05 13:21:45,076:INFO:Checking exceptions
2025-11-05 13:21:45,076:INFO:Importing libraries
2025-11-05 13:21:45,076:INFO:Copying training dataset
2025-11-05 13:21:45,082:INFO:Defining folds
2025-11-05 13:21:45,082:INFO:Declaring metric variables
2025-11-05 13:21:45,084:INFO:Importing untrained model
2025-11-05 13:21:45,087:INFO:Decision Tree Regressor Imported successfully
2025-11-05 13:21:45,091:INFO:Starting cross validation
2025-11-05 13:21:45,092:INFO:Cross validating with KFold(n_splits=10, random_state=None, shuffle=False), n_jobs=-1
2025-11-05 13:21:45,266:INFO:Calculating mean and std
2025-11-05 13:21:45,267:INFO:Creating metrics dataframe
2025-11-05 13:21:45,269:INFO:Uploading results into container
2025-11-05 13:21:45,269:INFO:Uploading model into container now
2025-11-05 13:21:45,270:INFO:_master_model_container: 12
2025-11-05 13:21:45,270:INFO:_display_container: 2
2025-11-05 13:21:45,270:INFO:DecisionTreeRegressor(random_state=23)
2025-11-05 13:21:45,270:INFO:create_model() successfully completed......................................
2025-11-05 13:21:45,485:INFO:SubProcess create_model() end ==================================
2025-11-05 13:21:45,485:INFO:Creating metrics dataframe
2025-11-05 13:21:45,492:INFO:Initializing Random Forest Regressor
2025-11-05 13:21:45,492:INFO:Total runtime is 0.19287865559260048 minutes
2025-11-05 13:21:45,494:INFO:SubProcess create_model() called ==================================
2025-11-05 13:21:45,494:INFO:Initializing create_model()
2025-11-05 13:21:45,495:INFO:create_model(self=<pycaret.regression.oop.RegressionExperiment object at 0x0000022BD9A27910>, estimator=rf, fold=KFold(n_splits=10, random_state=None, shuffle=False), round=4, cross_validation=True, predict=True, fit_kwargs={}, groups=None, refit=False, probability_threshold=None, experiment_custom_tags=None, verbose=False, system=False, add_to_model_list=True, metrics=None, display=<pycaret.internal.display.display.CommonDisplay object at 0x0000022BE446A790>, model_only=True, return_train_score=False, error_score=0.0, kwargs={})
2025-11-05 13:21:45,495:INFO:Checking exceptions
2025-11-05 13:21:45,495:INFO:Importing libraries
2025-11-05 13:21:45,495:INFO:Copying training dataset
2025-11-05 13:21:45,499:INFO:Defining folds
2025-11-05 13:21:45,500:INFO:Declaring metric variables
2025-11-05 13:21:45,503:INFO:Importing untrained model
2025-11-05 13:21:45,506:INFO:Random Forest Regressor Imported successfully
2025-11-05 13:21:45,510:INFO:Starting cross validation
2025-11-05 13:21:45,511:INFO:Cross validating with KFold(n_splits=10, random_state=None, shuffle=False), n_jobs=-1
2025-11-05 13:21:47,010:INFO:Calculating mean and std
2025-11-05 13:21:47,011:INFO:Creating metrics dataframe
2025-11-05 13:21:47,012:INFO:Uploading results into container
2025-11-05 13:21:47,012:INFO:Uploading model into container now
2025-11-05 13:21:47,013:INFO:_master_model_container: 13
2025-11-05 13:21:47,013:INFO:_display_container: 2
2025-11-05 13:21:47,013:INFO:RandomForestRegressor(n_jobs=-1, random_state=23)
2025-11-05 13:21:47,013:INFO:create_model() successfully completed......................................
2025-11-05 13:21:47,229:INFO:SubProcess create_model() end ==================================
2025-11-05 13:21:47,229:INFO:Creating metrics dataframe
2025-11-05 13:21:47,239:INFO:Initializing Extra Trees Regressor
2025-11-05 13:21:47,240:INFO:Total runtime is 0.2220096429189046 minutes
2025-11-05 13:21:47,242:INFO:SubProcess create_model() called ==================================
2025-11-05 13:21:47,242:INFO:Initializing create_model()
2025-11-05 13:21:47,242:INFO:create_model(self=<pycaret.regression.oop.RegressionExperiment object at 0x0000022BD9A27910>, estimator=et, fold=KFold(n_splits=10, random_state=None, shuffle=False), round=4, cross_validation=True, predict=True, fit_kwargs={}, groups=None, refit=False, probability_threshold=None, experiment_custom_tags=None, verbose=False, system=False, add_to_model_list=True, metrics=None, display=<pycaret.internal.display.display.CommonDisplay object at 0x0000022BE446A790>, model_only=True, return_train_score=False, error_score=0.0, kwargs={})
2025-11-05 13:21:47,243:INFO:Checking exceptions
2025-11-05 13:21:47,243:INFO:Importing libraries
2025-11-05 13:21:47,243:INFO:Copying training dataset
2025-11-05 13:21:47,248:INFO:Defining folds
2025-11-05 13:21:47,248:INFO:Declaring metric variables
2025-11-05 13:21:47,251:INFO:Importing untrained model
2025-11-05 13:21:47,254:INFO:Extra Trees Regressor Imported successfully
2025-11-05 13:21:47,258:INFO:Starting cross validation
2025-11-05 13:21:47,260:INFO:Cross validating with KFold(n_splits=10, random_state=None, shuffle=False), n_jobs=-1
2025-11-05 13:21:48,532:INFO:Calculating mean and std
2025-11-05 13:21:48,533:INFO:Creating metrics dataframe
2025-11-05 13:21:48,536:INFO:Uploading results into container
2025-11-05 13:21:48,537:INFO:Uploading model into container now
2025-11-05 13:21:48,537:INFO:_master_model_container: 14
2025-11-05 13:21:48,537:INFO:_display_container: 2
2025-11-05 13:21:48,537:INFO:ExtraTreesRegressor(n_jobs=-1, random_state=23)
2025-11-05 13:21:48,538:INFO:create_model() successfully completed......................................
2025-11-05 13:21:48,807:INFO:SubProcess create_model() end ==================================
2025-11-05 13:21:48,807:INFO:Creating metrics dataframe
2025-11-05 13:21:48,814:INFO:Initializing AdaBoost Regressor
2025-11-05 13:21:48,814:INFO:Total runtime is 0.24824421405792235 minutes
2025-11-05 13:21:48,817:INFO:SubProcess create_model() called ==================================
2025-11-05 13:21:48,817:INFO:Initializing create_model()
2025-11-05 13:21:48,817:INFO:create_model(self=<pycaret.regression.oop.RegressionExperiment object at 0x0000022BD9A27910>, estimator=ada, fold=KFold(n_splits=10, random_state=None, shuffle=False), round=4, cross_validation=True, predict=True, fit_kwargs={}, groups=None, refit=False, probability_threshold=None, experiment_custom_tags=None, verbose=False, system=False, add_to_model_list=True, metrics=None, display=<pycaret.internal.display.display.CommonDisplay object at 0x0000022BE446A790>, model_only=True, return_train_score=False, error_score=0.0, kwargs={})
2025-11-05 13:21:48,817:INFO:Checking exceptions
2025-11-05 13:21:48,817:INFO:Importing libraries
2025-11-05 13:21:48,817:INFO:Copying training dataset
2025-11-05 13:21:48,825:INFO:Defining folds
2025-11-05 13:21:48,825:INFO:Declaring metric variables
2025-11-05 13:21:48,828:INFO:Importing untrained model
2025-11-05 13:21:48,831:INFO:AdaBoost Regressor Imported successfully
2025-11-05 13:21:48,836:INFO:Starting cross validation
2025-11-05 13:21:48,838:INFO:Cross validating with KFold(n_splits=10, random_state=None, shuffle=False), n_jobs=-1
2025-11-05 13:21:49,195:INFO:Calculating mean and std
2025-11-05 13:21:49,196:INFO:Creating metrics dataframe
2025-11-05 13:21:49,198:INFO:Uploading results into container
2025-11-05 13:21:49,198:INFO:Uploading model into container now
2025-11-05 13:21:49,199:INFO:_master_model_container: 15
2025-11-05 13:21:49,199:INFO:_display_container: 2
2025-11-05 13:21:49,199:INFO:AdaBoostRegressor(random_state=23)
2025-11-05 13:21:49,199:INFO:create_model() successfully completed......................................
2025-11-05 13:21:49,472:INFO:SubProcess create_model() end ==================================
2025-11-05 13:21:49,472:INFO:Creating metrics dataframe
2025-11-05 13:21:49,479:INFO:Initializing Gradient Boosting Regressor
2025-11-05 13:21:49,479:INFO:Total runtime is 0.259328556060791 minutes
2025-11-05 13:21:49,482:INFO:SubProcess create_model() called ==================================
2025-11-05 13:21:49,482:INFO:Initializing create_model()
2025-11-05 13:21:49,482:INFO:create_model(self=<pycaret.regression.oop.RegressionExperiment object at 0x0000022BD9A27910>, estimator=gbr, fold=KFold(n_splits=10, random_state=None, shuffle=False), round=4, cross_validation=True, predict=True, fit_kwargs={}, groups=None, refit=False, probability_threshold=None, experiment_custom_tags=None, verbose=False, system=False, add_to_model_list=True, metrics=None, display=<pycaret.internal.display.display.CommonDisplay object at 0x0000022BE446A790>, model_only=True, return_train_score=False, error_score=0.0, kwargs={})
2025-11-05 13:21:49,482:INFO:Checking exceptions
2025-11-05 13:21:49,482:INFO:Importing libraries
2025-11-05 13:21:49,482:INFO:Copying training dataset
2025-11-05 13:21:49,488:INFO:Defining folds
2025-11-05 13:21:49,488:INFO:Declaring metric variables
2025-11-05 13:21:49,491:INFO:Importing untrained model
2025-11-05 13:21:49,494:INFO:Gradient Boosting Regressor Imported successfully
2025-11-05 13:21:49,499:INFO:Starting cross validation
2025-11-05 13:21:49,500:INFO:Cross validating with KFold(n_splits=10, random_state=None, shuffle=False), n_jobs=-1
2025-11-05 13:21:50,364:INFO:Calculating mean and std
2025-11-05 13:21:50,365:INFO:Creating metrics dataframe
2025-11-05 13:21:50,366:INFO:Uploading results into container
2025-11-05 13:21:50,367:INFO:Uploading model into container now
2025-11-05 13:21:50,367:INFO:_master_model_container: 16
2025-11-05 13:21:50,367:INFO:_display_container: 2
2025-11-05 13:21:50,368:INFO:GradientBoostingRegressor(random_state=23)
2025-11-05 13:21:50,368:INFO:create_model() successfully completed......................................
2025-11-05 13:21:50,700:INFO:SubProcess create_model() end ==================================
2025-11-05 13:21:50,700:INFO:Creating metrics dataframe
2025-11-05 13:21:50,707:INFO:Initializing Extreme Gradient Boosting
2025-11-05 13:21:50,707:INFO:Total runtime is 0.279798686504364 minutes
2025-11-05 13:21:50,710:INFO:SubProcess create_model() called ==================================
2025-11-05 13:21:50,710:INFO:Initializing create_model()
2025-11-05 13:21:50,710:INFO:create_model(self=<pycaret.regression.oop.RegressionExperiment object at 0x0000022BD9A27910>, estimator=xgboost, fold=KFold(n_splits=10, random_state=None, shuffle=False), round=4, cross_validation=True, predict=True, fit_kwargs={}, groups=None, refit=False, probability_threshold=None, experiment_custom_tags=None, verbose=False, system=False, add_to_model_list=True, metrics=None, display=<pycaret.internal.display.display.CommonDisplay object at 0x0000022BE446A790>, model_only=True, return_train_score=False, error_score=0.0, kwargs={})
2025-11-05 13:21:50,710:INFO:Checking exceptions
2025-11-05 13:21:50,711:INFO:Importing libraries
2025-11-05 13:21:50,711:INFO:Copying training dataset
2025-11-05 13:21:50,717:INFO:Defining folds
2025-11-05 13:21:50,717:INFO:Declaring metric variables
2025-11-05 13:21:50,720:INFO:Importing untrained model
2025-11-05 13:21:50,725:INFO:Extreme Gradient Boosting Imported successfully
2025-11-05 13:21:50,731:INFO:Starting cross validation
2025-11-05 13:21:50,733:INFO:Cross validating with KFold(n_splits=10, random_state=None, shuffle=False), n_jobs=-1
2025-11-05 13:21:52,652:INFO:Calculating mean and std
2025-11-05 13:21:52,653:INFO:Creating metrics dataframe
2025-11-05 13:21:52,656:INFO:Uploading results into container
2025-11-05 13:21:52,657:INFO:Uploading model into container now
2025-11-05 13:21:52,657:INFO:_master_model_container: 17
2025-11-05 13:21:52,657:INFO:_display_container: 2
2025-11-05 13:21:52,658:INFO:XGBRegressor(base_score=None, booster='gbtree', callbacks=None,
             colsample_bylevel=None, colsample_bynode=None,
             colsample_bytree=None, device='cpu', early_stopping_rounds=None,
             enable_categorical=False, eval_metric=None, feature_types=None,
             feature_weights=None, gamma=None, grow_policy=None,
             importance_type=None, interaction_constraints=None,
             learning_rate=None, max_bin=None, max_cat_threshold=None,
             max_cat_to_onehot=None, max_delta_step=None, max_depth=None,
             max_leaves=None, min_child_weight=None, missing=nan,
             monotone_constraints=None, multi_strategy=None, n_estimators=None,
             n_jobs=-1, num_parallel_tree=None, ...)
2025-11-05 13:21:52,658:INFO:create_model() successfully completed......................................
2025-11-05 13:21:52,913:INFO:SubProcess create_model() end ==================================
2025-11-05 13:21:52,913:INFO:Creating metrics dataframe
2025-11-05 13:21:52,924:INFO:Initializing Light Gradient Boosting Machine
2025-11-05 13:21:52,924:INFO:Total runtime is 0.31673707167307535 minutes
2025-11-05 13:21:52,926:INFO:SubProcess create_model() called ==================================
2025-11-05 13:21:52,927:INFO:Initializing create_model()
2025-11-05 13:21:52,927:INFO:create_model(self=<pycaret.regression.oop.RegressionExperiment object at 0x0000022BD9A27910>, estimator=lightgbm, fold=KFold(n_splits=10, random_state=None, shuffle=False), round=4, cross_validation=True, predict=True, fit_kwargs={}, groups=None, refit=False, probability_threshold=None, experiment_custom_tags=None, verbose=False, system=False, add_to_model_list=True, metrics=None, display=<pycaret.internal.display.display.CommonDisplay object at 0x0000022BE446A790>, model_only=True, return_train_score=False, error_score=0.0, kwargs={})
2025-11-05 13:21:52,927:INFO:Checking exceptions
2025-11-05 13:21:52,927:INFO:Importing libraries
2025-11-05 13:21:52,927:INFO:Copying training dataset
2025-11-05 13:21:52,934:INFO:Defining folds
2025-11-05 13:21:52,934:INFO:Declaring metric variables
2025-11-05 13:21:52,937:INFO:Importing untrained model
2025-11-05 13:21:52,942:INFO:Light Gradient Boosting Machine Imported successfully
2025-11-05 13:21:52,948:INFO:Starting cross validation
2025-11-05 13:21:52,949:INFO:Cross validating with KFold(n_splits=10, random_state=None, shuffle=False), n_jobs=-1
2025-11-05 13:21:53,962:INFO:Calculating mean and std
2025-11-05 13:21:53,964:INFO:Creating metrics dataframe
2025-11-05 13:21:53,966:INFO:Uploading results into container
2025-11-05 13:21:53,967:INFO:Uploading model into container now
2025-11-05 13:21:53,967:INFO:_master_model_container: 18
2025-11-05 13:21:53,967:INFO:_display_container: 2
2025-11-05 13:21:53,968:INFO:LGBMRegressor(n_jobs=-1, random_state=23)
2025-11-05 13:21:53,968:INFO:create_model() successfully completed......................................
2025-11-05 13:21:54,313:INFO:SubProcess create_model() end ==================================
2025-11-05 13:21:54,313:INFO:Creating metrics dataframe
2025-11-05 13:21:54,323:INFO:Initializing CatBoost Regressor
2025-11-05 13:21:54,323:INFO:Total runtime is 0.34005866448084515 minutes
2025-11-05 13:21:54,325:INFO:SubProcess create_model() called ==================================
2025-11-05 13:21:54,325:INFO:Initializing create_model()
2025-11-05 13:21:54,325:INFO:create_model(self=<pycaret.regression.oop.RegressionExperiment object at 0x0000022BD9A27910>, estimator=catboost, fold=KFold(n_splits=10, random_state=None, shuffle=False), round=4, cross_validation=True, predict=True, fit_kwargs={}, groups=None, refit=False, probability_threshold=None, experiment_custom_tags=None, verbose=False, system=False, add_to_model_list=True, metrics=None, display=<pycaret.internal.display.display.CommonDisplay object at 0x0000022BE446A790>, model_only=True, return_train_score=False, error_score=0.0, kwargs={})
2025-11-05 13:21:54,326:INFO:Checking exceptions
2025-11-05 13:21:54,326:INFO:Importing libraries
2025-11-05 13:21:54,326:INFO:Copying training dataset
2025-11-05 13:21:54,332:INFO:Defining folds
2025-11-05 13:21:54,333:INFO:Declaring metric variables
2025-11-05 13:21:54,335:INFO:Importing untrained model
2025-11-05 13:21:54,338:INFO:CatBoost Regressor Imported successfully
2025-11-05 13:21:54,344:INFO:Starting cross validation
2025-11-05 13:21:54,346:INFO:Cross validating with KFold(n_splits=10, random_state=None, shuffle=False), n_jobs=-1
2025-11-05 13:22:04,146:INFO:Calculating mean and std
2025-11-05 13:22:04,148:INFO:Creating metrics dataframe
2025-11-05 13:22:04,149:INFO:Uploading results into container
2025-11-05 13:22:04,150:INFO:Uploading model into container now
2025-11-05 13:22:04,150:INFO:_master_model_container: 19
2025-11-05 13:22:04,150:INFO:_display_container: 2
2025-11-05 13:22:04,150:INFO:<catboost.core.CatBoostRegressor object at 0x0000022BE8089410>
2025-11-05 13:22:04,150:INFO:create_model() successfully completed......................................
2025-11-05 13:22:04,365:INFO:SubProcess create_model() end ==================================
2025-11-05 13:22:04,365:INFO:Creating metrics dataframe
2025-11-05 13:22:04,371:INFO:Initializing Dummy Regressor
2025-11-05 13:22:04,371:INFO:Total runtime is 0.5075366814931234 minutes
2025-11-05 13:22:04,374:INFO:SubProcess create_model() called ==================================
2025-11-05 13:22:04,374:INFO:Initializing create_model()
2025-11-05 13:22:04,375:INFO:create_model(self=<pycaret.regression.oop.RegressionExperiment object at 0x0000022BD9A27910>, estimator=dummy, fold=KFold(n_splits=10, random_state=None, shuffle=False), round=4, cross_validation=True, predict=True, fit_kwargs={}, groups=None, refit=False, probability_threshold=None, experiment_custom_tags=None, verbose=False, system=False, add_to_model_list=True, metrics=None, display=<pycaret.internal.display.display.CommonDisplay object at 0x0000022BE446A790>, model_only=True, return_train_score=False, error_score=0.0, kwargs={})
2025-11-05 13:22:04,375:INFO:Checking exceptions
2025-11-05 13:22:04,375:INFO:Importing libraries
2025-11-05 13:22:04,375:INFO:Copying training dataset
2025-11-05 13:22:04,382:INFO:Defining folds
2025-11-05 13:22:04,382:INFO:Declaring metric variables
2025-11-05 13:22:04,384:INFO:Importing untrained model
2025-11-05 13:22:04,387:INFO:Dummy Regressor Imported successfully
2025-11-05 13:22:04,390:INFO:Starting cross validation
2025-11-05 13:22:04,391:INFO:Cross validating with KFold(n_splits=10, random_state=None, shuffle=False), n_jobs=-1
2025-11-05 13:22:04,538:INFO:Calculating mean and std
2025-11-05 13:22:04,539:INFO:Creating metrics dataframe
2025-11-05 13:22:04,540:INFO:Uploading results into container
2025-11-05 13:22:04,540:INFO:Uploading model into container now
2025-11-05 13:22:04,540:INFO:_master_model_container: 20
2025-11-05 13:22:04,540:INFO:_display_container: 2
2025-11-05 13:22:04,541:INFO:DummyRegressor()
2025-11-05 13:22:04,541:INFO:create_model() successfully completed......................................
2025-11-05 13:22:04,741:INFO:SubProcess create_model() end ==================================
2025-11-05 13:22:04,741:INFO:Creating metrics dataframe
2025-11-05 13:22:04,756:INFO:Initializing create_model()
2025-11-05 13:22:04,756:INFO:create_model(self=<pycaret.regression.oop.RegressionExperiment object at 0x0000022BD9A27910>, estimator=GradientBoostingRegressor(random_state=23), fold=KFold(n_splits=10, random_state=None, shuffle=False), round=4, cross_validation=False, predict=False, fit_kwargs={}, groups=None, refit=True, probability_threshold=None, experiment_custom_tags=None, verbose=False, system=False, add_to_model_list=True, metrics=None, display=None, model_only=True, return_train_score=False, error_score=0.0, kwargs={})
2025-11-05 13:22:04,757:INFO:Checking exceptions
2025-11-05 13:22:04,758:INFO:Importing libraries
2025-11-05 13:22:04,758:INFO:Copying training dataset
2025-11-05 13:22:04,762:INFO:Defining folds
2025-11-05 13:22:04,762:INFO:Declaring metric variables
2025-11-05 13:22:04,762:INFO:Importing untrained model
2025-11-05 13:22:04,762:INFO:Declaring custom model
2025-11-05 13:22:04,763:INFO:Gradient Boosting Regressor Imported successfully
2025-11-05 13:22:04,763:INFO:Cross validation set to False
2025-11-05 13:22:04,764:INFO:Fitting Model
2025-11-05 13:22:05,279:INFO:GradientBoostingRegressor(random_state=23)
2025-11-05 13:22:05,279:INFO:create_model() successfully completed......................................
2025-11-05 13:22:05,511:INFO:_master_model_container: 20
2025-11-05 13:22:05,511:INFO:_display_container: 2
2025-11-05 13:22:05,511:INFO:GradientBoostingRegressor(random_state=23)
2025-11-05 13:22:05,511:INFO:compare_models() successfully completed......................................
